image_id,image_path,disease_class,display_name,width,height,aspect_ratio,total_pixels,file_size_kb,mean_red,mean_green,mean_blue,std_red,std_green,std_blue,brightness,contrast,red_dominance,green_dominance,blue_dominance,disease_severity,size_category,brightness_level,dominant_color,avg_color_intensity
001187a0-57ab-4329-baff-e7246a9edeb0___RS_Early.B 8178.JPG,PlantVillage\Potato___Early_blight\001187a0-57ab-4329-baff-e7246a9edeb0___RS_Early.B 8178.JPG,Potato___Early_blight,Early Blight,256,256,1.0,65536,19.71,119.13,121.59,98.03,50.15,50.65,57.68,112.92,53.99,9.33,13.0,-22.33,Diseased,Small,Moderate,Green,112.92
002a55fb-7a3d-4a3a-aca8-ce2d5ebc6925___RS_Early.B 8170.JPG,PlantVillage\Potato___Early_blight\002a55fb-7a3d-4a3a-aca8-ce2d5ebc6925___RS_Early.B 8170.JPG,Potato___Early_blight,Early Blight,256,256,1.0,65536,16.82,143.35,146.97,123.94,54.21,51.85,64.94,138.08,58.17,7.89,13.33,-21.22,Diseased,Small,Moderate,Green,138.09
009c8c31-f22d-4ffd-8f16-189c6f06c577___RS_Early.B 7885.JPG,PlantVillage\Potato___Early_blight\009c8c31-f22d-4ffd-8f16-189c6f06c577___RS_Early.B 7885.JPG,Potato___Early_blight,Early Blight,256,256,1.0,65536,21.0,136.51,144.92,128.91,50.82,45.69,56.53,136.78,51.62,-0.41,12.22,-11.8,Diseased,Small,Moderate,Green,136.78
00d8f10f-5038-4e0f-bb58-0b885ddc0cc5___RS_Early.B 8722.JPG,PlantVillage\Potato___Early_blight\00d8f10f-5038-4e0f-bb58-0b885ddc0cc5___RS_Early.B 8722.JPG,Potato___Early_blight,Early Blight,256,256,1.0,65536,17.53,108.45,128.54,128.71,43.99,39.11,49.03,121.9,45.24,-20.18,9.96,10.22,Diseased,Small,Moderate,Blue,121.9
0182e991-97f0-4805-a1f7-6e1b4306d518___RS_Early.B 7015.JPG,PlantVillage\Potato___Early_blight\0182e991-97f0-4805-a1f7-6e1b4306d518___RS_Early.B 7015.JPG,Potato___Early_blight,Early Blight,256,256,1.0,65536,18.72,136.75,144.88,130.41,42.56,38.45,53.88,137.35,45.82,-0.9,11.3,-10.4,Diseased,Small,Moderate,Green,137.35
02578b86-b234-4ac0-9bc3-691b5610e2bf___RS_Early.B 7562.JPG,PlantVillage\Potato___Early_blight\02578b86-b234-4ac0-9bc3-691b5610e2bf___RS_Early.B 7562.JPG,Potato___Early_blight,Early Blight,256,256,1.0,65536,18.04,125.36,136.52,119.7,51.9,48.96,61.2,127.19,54.72,-2.75,13.99,-11.24,Diseased,Small,Moderate,Green,127.19
0267d4ca-522e-4ca0-b1a2-ce925e5b54a2___RS_Early.B 7020.JPG,PlantVillage\Potato___Early_blight\0267d4ca-522e-4ca0-b1a2-ce925e5b54a2___RS_Early.B 7020.JPG,Potato___Early_blight,Early Blight,256,256,1.0,65536,18.84,138.32,142.41,101.69,49.14,51.05,64.52,127.47,58.28,16.27,22.4,-38.68,Diseased,Small,Moderate,Green,127.47
028f9b73-142f-499a-9c7b-d7c1ed5e5506___RS_Early.B 8546.JPG,PlantVillage\Potato___Early_blight\028f9b73-142f-499a-9c7b-d7c1ed5e5506___RS_Early.B 8546.JPG,Potato___Early_blight,Early Blight,256,256,1.0,65536,19.21,119.51,127.22,105.0,54.94,50.42,59.8,117.24,55.95,3.4,14.97,-18.37,Diseased,Small,Moderate,Green,117.24
034959c1-f1e8-4a79-a6d5-3c1d14efa2f3___RS_Early.B 7136.JPG,PlantVillage\Potato___Early_blight\034959c1-f1e8-4a79-a6d5-3c1d14efa2f3___RS_Early.B 7136.JPG,Potato___Early_blight,Early Blight,256,256,1.0,65536,20.56,133.54,138.18,117.09,54.95,55.03,66.8,129.6,59.88,5.9,12.87,-18.77,Diseased,Small,Moderate,Green,129.6
03b0d3c1-b5b0-48f4-98aa-f8904670290f___RS_Early.B 7051.JPG,PlantVillage\Potato___Early_blight\03b0d3c1-b5b0-48f4-98aa-f8904670290f___RS_Early.B 7051.JPG,Potato___Early_blight,Early Blight,256,256,1.0,65536,19.32,149.26,151.45,111.26,39.98,41.49,50.2,137.32,47.82,17.9,21.19,-39.09,Diseased,Small,Moderate,Green,137.32
042135e2-e126-4900-9212-d42d900b8125___RS_Early.B 8791.JPG,PlantVillage\Potato___Early_blight\042135e2-e126-4900-9212-d42d900b8125___RS_Early.B 8791.JPG,Potato___Early_blight,Early Blight,256,256,1.0,65536,17.92,164.53,155.04,119.02,37.16,38.48,53.17,146.2,47.76,27.49,13.27,-40.76,Diseased,Small,Moderate,Red,146.2
044c3abc-0bc9-45fb-8fd5-094aeb605f90___RS_Early.B 8044.JPG,PlantVillage\Potato___Early_blight\044c3abc-0bc9-45fb-8fd5-094aeb605f90___RS_Early.B 8044.JPG,Potato___Early_blight,Early Blight,256,256,1.0,65536,20.66,137.68,140.31,117.39,49.81,47.94,59.47,131.79,53.64,8.83,12.77,-21.61,Diseased,Small,Moderate,Green,131.79
048d18ae-98b1-484d-97da-5a0e69b9ebc1___RS_Early.B 6845.JPG,PlantVillage\Potato___Early_blight\048d18ae-98b1-484d-97da-5a0e69b9ebc1___RS_Early.B 6845.JPG,Potato___Early_blight,Early Blight,256,256,1.0,65536,20.88,128.32,140.79,120.1,49.75,47.99,58.5,129.74,52.97,-2.13,16.58,-14.45,Diseased,Small,Moderate,Green,129.74
04c8e6b9-7710-4cdd-b259-2d78b15d1036___RS_Early.B 7066.JPG,PlantVillage\Potato___Early_blight\04c8e6b9-7710-4cdd-b259-2d78b15d1036___RS_Early.B 7066.JPG,Potato___Early_blight,Early Blight,256,256,1.0,65536,18.04,120.85,130.41,119.05,41.45,37.27,47.93,123.43,42.74,-3.88,10.46,-6.58,Diseased,Small,Moderate,Green,123.44
04ee51b6-07e2-4182-84f8-46b22c8938a2___RS_Early.B 8091.JPG,PlantVillage\Potato___Early_blight\04ee51b6-07e2-4182-84f8-46b22c8938a2___RS_Early.B 8091.JPG,Potato___Early_blight,Early Blight,256,256,1.0,65536,19.24,135.08,138.38,110.19,47.86,49.06,56.39,127.88,52.76,10.8,15.74,-26.54,Diseased,Small,Moderate,Green,127.88
04fd2a46-ddd4-4b0b-8f19-5ecca482a7d5___RS_Early.B 7273.JPG,PlantVillage\Potato___Early_blight\04fd2a46-ddd4-4b0b-8f19-5ecca482a7d5___RS_Early.B 7273.JPG,Potato___Early_blight,Early Blight,256,256,1.0,65536,20.0,128.17,138.96,119.16,41.62,38.87,51.13,128.76,44.92,-0.9,15.3,-14.4,Diseased,Small,Moderate,Green,128.76
05c35093-11b8-4cd0-b67a-148859754440___RS_Early.B 8939.JPG,PlantVillage\Potato___Early_blight\05c35093-11b8-4cd0-b67a-148859754440___RS_Early.B 8939.JPG,Potato___Early_blight,Early Blight,256,256,1.0,65536,20.69,130.65,122.96,105.22,46.37,48.18,55.34,119.61,51.23,16.56,5.02,-21.58,Diseased,Small,Moderate,Red,119.61
0604174e-3018-4faa-9975-0be32d2c0789___RS_Early.B 7123.JPG,PlantVillage\Potato___Early_blight\0604174e-3018-4faa-9975-0be32d2c0789___RS_Early.B 7123.JPG,Potato___Early_blight,Early Blight,256,256,1.0,65536,20.63,137.26,143.26,124.66,53.87,50.07,67.62,135.06,58.2,3.3,12.3,-15.6,Diseased,Small,Moderate,Green,135.06
060fd5a7-1606-4a59-895b-604c90d6b414___RS_Early.B 7205.JPG,PlantVillage\Potato___Early_blight\060fd5a7-1606-4a59-895b-604c90d6b414___RS_Early.B 7205.JPG,Potato___Early_blight,Early Blight,256,256,1.0,65536,20.67,122.03,133.56,113.89,46.09,45.23,55.4,123.16,49.78,-1.7,15.6,-13.9,Diseased,Small,Moderate,Green,123.16
065fc68f-88c9-4fc3-b0a6-a6f5e1072eaa___RS_Early.B 7174.JPG,PlantVillage\Potato___Early_blight\065fc68f-88c9-4fc3-b0a6-a6f5e1072eaa___RS_Early.B 7174.JPG,Potato___Early_blight,Early Blight,256,256,1.0,65536,19.22,134.03,146.2,120.27,44.8,40.03,56.72,133.5,48.86,0.79,19.06,-19.85,Diseased,Small,Moderate,Green,133.5
06ac6596-8d65-46dd-a343-a2209f3480e4___RS_Early.B 6921.JPG,PlantVillage\Potato___Early_blight\06ac6596-8d65-46dd-a343-a2209f3480e4___RS_Early.B 6921.JPG,Potato___Early_blight,Early Blight,256,256,1.0,65536,21.75,137.75,133.16,98.29,56.88,58.54,68.5,123.07,63.99,22.03,15.14,-37.17,Diseased,Small,Moderate,Red,123.07
06d9fcc9-4eea-4736-8392-5e483e2e948d___RS_Early.B 7411.JPG,PlantVillage\Potato___Early_blight\06d9fcc9-4eea-4736-8392-5e483e2e948d___RS_Early.B 7411.JPG,Potato___Early_blight,Early Blight,256,256,1.0,65536,20.88,139.15,148.47,130.39,52.0,48.53,59.46,139.34,54.03,-0.28,13.7,-13.42,Diseased,Small,Moderate,Green,139.34
07953ca1-8935-449f-b338-4357ed683b2d___RS_Early.B 6815.JPG,PlantVillage\Potato___Early_blight\07953ca1-8935-449f-b338-4357ed683b2d___RS_Early.B 6815.JPG,Potato___Early_blight,Early Blight,256,256,1.0,65536,19.41,144.3,142.48,106.43,47.46,47.63,59.69,131.07,54.76,19.84,17.12,-36.96,Diseased,Small,Moderate,Red,131.07
07baabd8-e118-47dd-9d8d-132d4347836a___RS_Early.B 8555.JPG,PlantVillage\Potato___Early_blight\07baabd8-e118-47dd-9d8d-132d4347836a___RS_Early.B 8555.JPG,Potato___Early_blight,Early Blight,256,256,1.0,65536,19.93,114.94,117.38,86.87,47.54,47.13,53.06,106.39,51.23,12.81,16.48,-29.29,Diseased,Small,Moderate,Green,106.4
07d777f8-2c5a-48da-935e-f17c572b1e6e___RS_Early.B 7880.JPG,PlantVillage\Potato___Early_blight\07d777f8-2c5a-48da-935e-f17c572b1e6e___RS_Early.B 7880.JPG,Potato___Early_blight,Early Blight,256,256,1.0,65536,20.57,128.64,130.37,107.52,57.36,58.3,67.56,122.18,62.12,9.69,12.29,-21.98,Diseased,Small,Moderate,Green,122.18
08029ccc-387e-4be6-9389-04f7b82fdb2a___RS_Early.B 9130.JPG,PlantVillage\Potato___Early_blight\08029ccc-387e-4be6-9389-04f7b82fdb2a___RS_Early.B 9130.JPG,Potato___Early_blight,Early Blight,256,256,1.0,65536,19.98,131.58,125.37,97.63,55.7,57.99,64.06,118.19,61.16,20.07,10.77,-30.84,Diseased,Small,Moderate,Red,118.19
08194ca3-f0b2-4aaa-8df8-5ec5ddc6696a___RS_Early.B 8151.JPG,PlantVillage\Potato___Early_blight\08194ca3-f0b2-4aaa-8df8-5ec5ddc6696a___RS_Early.B 8151.JPG,Potato___Early_blight,Early Blight,256,256,1.0,65536,20.53,142.17,150.56,116.0,42.83,42.76,52.75,136.24,48.64,8.89,21.48,-30.37,Diseased,Small,Moderate,Green,136.24
08392b44-ecc6-4f38-8566-361b552cfe21___RS_Early.B 7393.JPG,PlantVillage\Potato___Early_blight\08392b44-ecc6-4f38-8566-361b552cfe21___RS_Early.B 7393.JPG,Potato___Early_blight,Early Blight,256,256,1.0,65536,17.94,149.89,158.59,132.31,36.12,34.36,49.06,146.93,41.83,4.44,17.49,-21.92,Diseased,Small,Moderate,Green,146.93
0898bffc-57aa-4fdb-92d1-fd6a03d2a011___RS_Early.B 6946.JPG,PlantVillage\Potato___Early_blight\0898bffc-57aa-4fdb-92d1-fd6a03d2a011___RS_Early.B 6946.JPG,Potato___Early_blight,Early Blight,256,256,1.0,65536,21.34,133.19,144.0,126.76,50.31,48.29,58.43,134.65,53.01,-2.19,14.02,-11.84,Diseased,Small,Moderate,Green,134.65
089fb289-4bea-48b6-a29a-3a1d268d9dd3___RS_Early.B 8081.JPG,PlantVillage\Potato___Early_blight\089fb289-4bea-48b6-a29a-3a1d268d9dd3___RS_Early.B 8081.JPG,Potato___Early_blight,Early Blight,256,256,1.0,65536,20.45,137.37,130.83,101.4,54.72,58.25,60.89,123.2,60.08,21.25,11.45,-32.7,Diseased,Small,Moderate,Red,123.2
08a892eb-19cc-45ea-babc-181b98f89238___RS_Early.B 7367.JPG,PlantVillage\Potato___Early_blight\08a892eb-19cc-45ea-babc-181b98f89238___RS_Early.B 7367.JPG,Potato___Early_blight,Early Blight,256,256,1.0,65536,18.42,134.02,137.15,108.02,54.14,55.26,65.29,126.39,59.88,11.43,16.13,-27.56,Diseased,Small,Moderate,Green,126.4
08bbd7f1-169d-4e38-946f-8d91589b263e___RS_Early.B 7106.JPG,PlantVillage\Potato___Early_blight\08bbd7f1-169d-4e38-946f-8d91589b263e___RS_Early.B 7106.JPG,Potato___Early_blight,Early Blight,256,256,1.0,65536,17.82,145.75,148.44,111.74,39.94,42.06,56.18,135.31,49.52,15.66,19.69,-35.35,Diseased,Small,Moderate,Green,135.31
08cf1add-91f8-41ea-bc13-54e7d1cb6da0___RS_Early.B 6865.JPG,PlantVillage\Potato___Early_blight\08cf1add-91f8-41ea-bc13-54e7d1cb6da0___RS_Early.B 6865.JPG,Potato___Early_blight,Early Blight,256,256,1.0,65536,22.94,131.46,141.77,123.39,48.39,47.95,57.26,132.2,51.93,-1.12,14.35,-13.23,Diseased,Small,Moderate,Green,132.21
094fbf4c-da00-4037-82af-03e712d8db47___RS_Early.B 6908.JPG,PlantVillage\Potato___Early_blight\094fbf4c-da00-4037-82af-03e712d8db47___RS_Early.B 6908.JPG,Potato___Early_blight,Early Blight,256,256,1.0,65536,21.25,128.13,136.45,103.89,45.63,48.15,55.39,122.83,51.77,7.96,20.44,-28.4,Diseased,Small,Moderate,Green,122.82
096a2c48-104c-4570-9e34-8dd60aa5ebcf___RS_Early.B 6979.JPG,PlantVillage\Potato___Early_blight\096a2c48-104c-4570-9e34-8dd60aa5ebcf___RS_Early.B 6979.JPG,Potato___Early_blight,Early Blight,256,256,1.0,65536,16.86,142.14,149.32,117.05,52.0,51.5,67.5,136.17,59.12,8.96,19.72,-28.68,Diseased,Small,Moderate,Green,136.17
096f6928-24dd-4efd-acc6-b8246318676c___RS_Early.B 8970.JPG,PlantVillage\Potato___Early_blight\096f6928-24dd-4efd-acc6-b8246318676c___RS_Early.B 8970.JPG,Potato___Early_blight,Early Blight,256,256,1.0,65536,23.17,139.82,137.38,99.99,47.55,48.87,58.39,125.73,54.94,21.14,17.47,-38.61,Diseased,Small,Moderate,Red,125.73
09ab9573-90d5-4001-9b74-14551935deef___RS_Early.B 7603.JPG,PlantVillage\Potato___Early_blight\09ab9573-90d5-4001-9b74-14551935deef___RS_Early.B 7603.JPG,Potato___Early_blight,Early Blight,256,256,1.0,65536,16.45,123.59,126.5,99.08,44.75,47.48,59.59,116.39,52.48,10.8,15.16,-25.96,Diseased,Small,Moderate,Green,116.39
0a0744dc-8486-4fbb-a44b-4d63e6db6197___RS_Early.B 7575.JPG,PlantVillage\Potato___Early_blight\0a0744dc-8486-4fbb-a44b-4d63e6db6197___RS_Early.B 7575.JPG,Potato___Early_blight,Early Blight,256,256,1.0,65536,17.92,160.41,160.7,122.33,52.5,54.25,66.23,147.81,60.72,18.9,19.33,-38.23,Diseased,Small,Moderate,Green,147.81
0a47f32c-1724-4c8d-bfe4-986cedd3587b___RS_Early.B 8001.JPG,PlantVillage\Potato___Early_blight\0a47f32c-1724-4c8d-bfe4-986cedd3587b___RS_Early.B 8001.JPG,Potato___Early_blight,Early Blight,256,256,1.0,65536,16.83,97.34,109.33,94.9,45.7,41.84,52.48,100.52,47.3,-4.78,13.22,-8.44,Diseased,Small,Moderate,Green,100.52
0a6983a5-895e-4e68-9edb-88adf79211e9___RS_Early.B 9072.JPG,PlantVillage\Potato___Early_blight\0a6983a5-895e-4e68-9edb-88adf79211e9___RS_Early.B 9072.JPG,Potato___Early_blight,Early Blight,256,256,1.0,65536,20.62,137.55,142.93,115.12,42.39,43.34,56.24,131.87,49.24,8.52,16.59,-25.11,Diseased,Small,Moderate,Green,131.87
0a79700b-f834-41f5-ae51-6ceda6f67a48___RS_Early.B 8951.JPG,PlantVillage\Potato___Early_blight\0a79700b-f834-41f5-ae51-6ceda6f67a48___RS_Early.B 8951.JPG,Potato___Early_blight,Early Blight,256,256,1.0,65536,22.01,131.71,137.58,104.03,49.15,49.37,57.68,124.44,54.23,10.91,19.71,-30.62,Diseased,Small,Moderate,Green,124.44
0a8a68ee-f587-4dea-beec-79d02e7d3fa4___RS_Early.B 8461.JPG,PlantVillage\Potato___Early_blight\0a8a68ee-f587-4dea-beec-79d02e7d3fa4___RS_Early.B 8461.JPG,Potato___Early_blight,Early Blight,256,256,1.0,65536,18.89,145.0,147.6,124.63,47.37,45.39,54.65,139.08,50.36,8.89,12.78,-21.67,Diseased,Small,Moderate,Green,139.08
0ad3ba53-f01b-403b-a99d-5991eed85045___RS_Early.B 7600.JPG,PlantVillage\Potato___Early_blight\0ad3ba53-f01b-403b-a99d-5991eed85045___RS_Early.B 7600.JPG,Potato___Early_blight,Early Blight,256,256,1.0,65536,15.43,116.7,130.84,128.27,40.96,33.95,49.04,125.27,42.23,-12.85,8.35,4.5,Diseased,Small,Moderate,Green,125.27
0bbb8bce-2020-416b-8bd6-c160c2db9921___RS_Early.B 8386.JPG,PlantVillage\Potato___Early_blight\0bbb8bce-2020-416b-8bd6-c160c2db9921___RS_Early.B 8386.JPG,Potato___Early_blight,Early Blight,256,256,1.0,65536,20.71,142.13,146.89,119.8,49.25,45.54,56.85,136.27,52.12,8.78,15.93,-24.72,Diseased,Small,Moderate,Green,136.27
0c4f6f72-c7a2-42e1-9671-41ab3bf37fe7___RS_Early.B 6752.JPG,PlantVillage\Potato___Early_blight\0c4f6f72-c7a2-42e1-9671-41ab3bf37fe7___RS_Early.B 6752.JPG,Potato___Early_blight,Early Blight,256,256,1.0,65536,22.01,137.45,148.33,126.36,48.44,50.25,55.45,137.38,52.24,0.11,16.43,-16.54,Diseased,Small,Moderate,Green,137.38
0c5b14d9-8b1c-4c39-bb23-1835b5760caa___RS_Early.B 7937.JPG,PlantVillage\Potato___Early_blight\0c5b14d9-8b1c-4c39-bb23-1835b5760caa___RS_Early.B 7937.JPG,Potato___Early_blight,Early Blight,256,256,1.0,65536,19.83,134.46,135.08,118.3,53.03,51.06,60.88,129.28,55.7,7.77,8.7,-16.48,Diseased,Small,Moderate,Green,129.28
0caf6a39-3f5f-4201-a4d7-3ea35fdf1303___RS_Early.B 6762.JPG,PlantVillage\Potato___Early_blight\0caf6a39-3f5f-4201-a4d7-3ea35fdf1303___RS_Early.B 6762.JPG,Potato___Early_blight,Early Blight,256,256,1.0,65536,20.61,131.2,138.04,111.67,49.06,52.43,53.17,126.97,52.78,6.34,16.61,-22.95,Diseased,Small,Moderate,Green,126.97
0d2325ff-4e3e-44bf-9614-e5ad6c23fc16___RS_Early.B 6797.JPG,PlantVillage\Potato___Early_blight\0d2325ff-4e3e-44bf-9614-e5ad6c23fc16___RS_Early.B 6797.JPG,Potato___Early_blight,Early Blight,256,256,1.0,65536,19.37,126.11,135.61,117.06,58.35,57.99,65.67,126.26,61.25,-0.23,14.02,-13.79,Diseased,Small,Moderate,Green,126.26
0d2e2971-f1c9-4278-b35c-91dd8a22a64d___RS_Early.B 7581.JPG,PlantVillage\Potato___Early_blight\0d2e2971-f1c9-4278-b35c-91dd8a22a64d___RS_Early.B 7581.JPG,Potato___Early_blight,Early Blight,256,256,1.0,65536,19.17,155.96,150.61,112.32,45.82,48.61,55.02,139.63,53.61,24.5,16.47,-40.97,Diseased,Small,Moderate,Red,139.63
0d987d4a-26bc-4f74-8a16-12f8969dfed8___RS_Early.B 7013.JPG,PlantVillage\Potato___Early_blight\0d987d4a-26bc-4f74-8a16-12f8969dfed8___RS_Early.B 7013.JPG,Potato___Early_blight,Early Blight,256,256,1.0,65536,19.58,135.32,144.65,126.75,48.45,46.51,56.19,135.57,51.08,-0.38,13.62,-13.24,Diseased,Small,Moderate,Green,135.57
0d9dbf50-53a9-42b2-8b29-0360fb7dbd98___RS_Early.B 6692.JPG,PlantVillage\Potato___Early_blight\0d9dbf50-53a9-42b2-8b29-0360fb7dbd98___RS_Early.B 6692.JPG,Potato___Early_blight,Early Blight,256,256,1.0,65536,17.97,159.98,155.82,114.39,48.18,48.7,54.59,143.4,54.6,24.87,18.64,-43.51,Diseased,Small,Moderate,Red,143.4
0ddd62cd-a999-4d58-a8f1-506e1004a595___RS_Early.B 8041.JPG,PlantVillage\Potato___Early_blight\0ddd62cd-a999-4d58-a8f1-506e1004a595___RS_Early.B 8041.JPG,Potato___Early_blight,Early Blight,256,256,1.0,65536,18.84,149.74,152.43,128.4,45.68,44.01,57.73,143.52,50.67,9.32,13.36,-22.69,Diseased,Small,Moderate,Green,143.52
0e0a1b51-f61c-4934-bc57-a820af1faacb___RS_Early.B 7147.JPG,PlantVillage\Potato___Early_blight\0e0a1b51-f61c-4934-bc57-a820af1faacb___RS_Early.B 7147.JPG,Potato___Early_blight,Early Blight,256,256,1.0,65536,19.28,139.61,145.19,116.41,49.78,52.45,60.22,133.74,55.74,8.81,17.19,-26.0,Diseased,Small,Moderate,Green,133.74
0e6b9e09-2bcd-41e0-b001-b80a33a8a78b___RS_Early.B 8694.JPG,PlantVillage\Potato___Early_blight\0e6b9e09-2bcd-41e0-b001-b80a33a8a78b___RS_Early.B 8694.JPG,Potato___Early_blight,Early Blight,256,256,1.0,65536,19.37,140.71,127.42,101.7,51.15,52.24,58.29,123.28,56.36,26.14,6.22,-32.36,Diseased,Small,Moderate,Red,123.28
0ed45bc2-c8cc-4d65-8f53-bdc10d78a7dc___RS_Early.B 8504.JPG,PlantVillage\Potato___Early_blight\0ed45bc2-c8cc-4d65-8f53-bdc10d78a7dc___RS_Early.B 8504.JPG,Potato___Early_blight,Early Blight,256,256,1.0,65536,17.19,134.2,137.21,106.19,53.39,51.42,63.39,125.86,58.02,12.5,17.02,-29.52,Diseased,Small,Moderate,Green,125.87
0ede4acd-3685-40d9-b52b-7b3cb6536fa8___RS_Early.B 7377.JPG,PlantVillage\Potato___Early_blight\0ede4acd-3685-40d9-b52b-7b3cb6536fa8___RS_Early.B 7377.JPG,Potato___Early_blight,Early Blight,256,256,1.0,65536,15.77,142.75,145.36,115.64,60.56,61.84,66.89,134.58,64.57,12.25,16.16,-28.41,Diseased,Small,Moderate,Green,134.58
0f223bbc-d2b4-4d58-8314-359d92d0102b___RS_Early.B 8052.JPG,PlantVillage\Potato___Early_blight\0f223bbc-d2b4-4d58-8314-359d92d0102b___RS_Early.B 8052.JPG,Potato___Early_blight,Early Blight,256,256,1.0,65536,19.53,128.37,139.05,113.09,50.0,44.28,57.38,126.84,51.94,2.3,18.32,-20.61,Diseased,Small,Moderate,Green,126.84
0f9c098f-a6df-4a73-8c14-8e7d4dbb1b0b___RS_Early.B 7991.JPG,PlantVillage\Potato___Early_blight\0f9c098f-a6df-4a73-8c14-8e7d4dbb1b0b___RS_Early.B 7991.JPG,Potato___Early_blight,Early Blight,256,256,1.0,65536,20.15,141.06,139.27,118.79,51.06,50.83,59.52,133.04,54.89,12.03,9.35,-21.38,Diseased,Small,Moderate,Red,133.04
0faca7fe-7254-4dfa-8388-bbc776338c9c___RS_Early.B 7929.JPG,PlantVillage\Potato___Early_blight\0faca7fe-7254-4dfa-8388-bbc776338c9c___RS_Early.B 7929.JPG,Potato___Early_blight,Early Blight,256,256,1.0,65536,21.05,139.37,143.88,111.42,46.32,45.78,58.37,131.56,52.49,11.72,18.48,-30.2,Diseased,Small,Moderate,Green,131.56
0fd22207-cb37-42a1-965f-7dfe43f9d579___RS_Early.B 6876.JPG,PlantVillage\Potato___Early_blight\0fd22207-cb37-42a1-965f-7dfe43f9d579___RS_Early.B 6876.JPG,Potato___Early_blight,Early Blight,256,256,1.0,65536,20.18,118.08,128.7,102.04,55.49,54.11,64.71,116.27,59.31,2.71,18.64,-21.35,Diseased,Small,Moderate,Green,116.27
107827b3-faa5-457c-97fd-3e34d2657f6b___RS_Early.B 7162.JPG,PlantVillage\Potato___Early_blight\107827b3-faa5-457c-97fd-3e34d2657f6b___RS_Early.B 7162.JPG,Potato___Early_blight,Early Blight,256,256,1.0,65536,19.55,124.46,130.16,110.52,49.16,48.16,58.85,121.71,52.93,4.12,12.67,-16.79,Diseased,Small,Moderate,Green,121.71
1082eee1-189d-4e0f-96b5-8b1393be4c4c___RS_Early.B 8743.JPG,PlantVillage\Potato___Early_blight\1082eee1-189d-4e0f-96b5-8b1393be4c4c___RS_Early.B 8743.JPG,Potato___Early_blight,Early Blight,256,256,1.0,65536,18.12,127.87,125.11,99.16,51.47,51.29,56.98,117.38,54.86,15.73,11.6,-27.33,Diseased,Small,Moderate,Red,117.38
109730cd-03f3-4139-a464-5f9151483e8c___RS_Early.B 6738.JPG,PlantVillage\Potato___Early_blight\109730cd-03f3-4139-a464-5f9151483e8c___RS_Early.B 6738.JPG,Potato___Early_blight,Early Blight,256,256,1.0,65536,21.55,147.53,148.47,119.61,48.51,50.7,56.02,138.53,53.54,13.49,14.9,-28.39,Diseased,Small,Moderate,Green,138.54
10a3920b-dd04-406d-8bbd-f92f221e4dee___RS_Early.B 7035.JPG,PlantVillage\Potato___Early_blight\10a3920b-dd04-406d-8bbd-f92f221e4dee___RS_Early.B 7035.JPG,Potato___Early_blight,Early Blight,256,256,1.0,65536,18.9,139.76,143.82,124.01,41.42,39.29,57.03,135.86,47.36,5.84,11.93,-17.77,Diseased,Small,Moderate,Green,135.86
10c438df-8ed7-4de7-94df-83298ebcf373___RS_Early.B 7001.JPG,PlantVillage\Potato___Early_blight\10c438df-8ed7-4de7-94df-83298ebcf373___RS_Early.B 7001.JPG,Potato___Early_blight,Early Blight,256,256,1.0,65536,20.0,132.9,139.97,120.0,52.47,51.76,60.39,130.96,55.63,2.92,13.52,-16.43,Diseased,Small,Moderate,Green,130.96
1131b92e-ef46-441e-ac5f-c18ac09bf69a___RS_Early.B 8064.JPG,PlantVillage\Potato___Early_blight\1131b92e-ef46-441e-ac5f-c18ac09bf69a___RS_Early.B 8064.JPG,Potato___Early_blight,Early Blight,256,256,1.0,65536,20.19,141.25,144.55,118.64,53.94,54.6,62.73,134.81,58.38,9.65,14.6,-24.25,Diseased,Small,Moderate,Green,134.81
1132bee0-fe6b-41a9-9583-7b959c2ca25f___RS_Early.B 7482.JPG,PlantVillage\Potato___Early_blight\1132bee0-fe6b-41a9-9583-7b959c2ca25f___RS_Early.B 7482.JPG,Potato___Early_blight,Early Blight,256,256,1.0,65536,17.46,151.21,158.16,138.36,54.13,51.22,66.46,149.24,58.23,2.95,13.38,-16.33,Diseased,Small,Moderate,Green,149.24
11e974fa-928f-45f6-b983-e74c74c7d163___RS_Early.B 7992.JPG,PlantVillage\Potato___Early_blight\11e974fa-928f-45f6-b983-e74c74c7d163___RS_Early.B 7992.JPG,Potato___Early_blight,Early Blight,256,256,1.0,65536,21.22,133.34,132.44,108.95,51.12,51.32,58.07,124.91,54.78,12.64,11.3,-23.94,Diseased,Small,Moderate,Red,124.91
12429fa8-02ea-4017-88ef-b2d219b892f7___RS_Early.B 6916.JPG,PlantVillage\Potato___Early_blight\12429fa8-02ea-4017-88ef-b2d219b892f7___RS_Early.B 6916.JPG,Potato___Early_blight,Early Blight,256,256,1.0,65536,21.12,129.87,124.5,90.73,58.65,60.21,62.05,115.03,62.76,22.26,14.2,-36.46,Diseased,Small,Moderate,Red,115.03
12826416-efc5-49d3-b615-731629c95435___RS_Early.B 7215.JPG,PlantVillage\Potato___Early_blight\12826416-efc5-49d3-b615-731629c95435___RS_Early.B 7215.JPG,Potato___Early_blight,Early Blight,256,256,1.0,65536,18.36,139.47,149.1,122.97,41.51,39.24,51.12,137.18,45.55,3.43,17.88,-21.31,Diseased,Small,Moderate,Green,137.18
129b1c3a-4f7d-4c45-ae03-2a4c3eb17dd4___RS_Early.B 7413.JPG,PlantVillage\Potato___Early_blight\129b1c3a-4f7d-4c45-ae03-2a4c3eb17dd4___RS_Early.B 7413.JPG,Potato___Early_blight,Early Blight,256,256,1.0,65536,20.51,142.35,151.08,132.92,50.92,47.37,58.17,142.12,52.87,0.34,13.44,-13.79,Diseased,Small,Moderate,Green,142.12
12a7bc09-8d7f-4790-8046-6e3f12f71399___RS_Early.B 7973.JPG,PlantVillage\Potato___Early_blight\12a7bc09-8d7f-4790-8046-6e3f12f71399___RS_Early.B 7973.JPG,Potato___Early_blight,Early Blight,256,256,1.0,65536,19.76,127.18,134.83,113.07,56.58,52.67,63.57,125.03,58.48,3.23,14.71,-17.94,Diseased,Small,Moderate,Green,125.03
12ebe6fe-c8ce-4a00-866f-8776aca75159___RS_Early.B 6873.JPG,PlantVillage\Potato___Early_blight\12ebe6fe-c8ce-4a00-866f-8776aca75159___RS_Early.B 6873.JPG,Potato___Early_blight,Early Blight,256,256,1.0,65536,20.78,120.87,131.54,105.15,52.76,51.62,61.95,119.18,56.68,2.53,18.53,-21.06,Diseased,Small,Moderate,Green,119.19
12f7b8bd-7aab-48de-ba2e-d2562408542f___RS_Early.B 7386.JPG,PlantVillage\Potato___Early_blight\12f7b8bd-7aab-48de-ba2e-d2562408542f___RS_Early.B 7386.JPG,Potato___Early_blight,Early Blight,256,256,1.0,65536,16.77,164.54,159.02,120.97,51.01,51.43,57.48,148.18,56.79,24.54,16.26,-40.81,Diseased,Small,Moderate,Red,148.18
1328ae8b-76e1-42e9-a0c4-7dd0612fdf99___RS_Early.B 8303.JPG,PlantVillage\Potato___Early_blight\1328ae8b-76e1-42e9-a0c4-7dd0612fdf99___RS_Early.B 8303.JPG,Potato___Early_blight,Early Blight,256,256,1.0,65536,18.11,153.74,157.45,123.75,46.4,45.93,61.17,144.98,53.81,13.14,18.7,-31.85,Diseased,Small,Moderate,Green,144.98
1367d3e9-74fe-4d61-ab24-dd389dcb5d54___RS_Early.B 8011.JPG,PlantVillage\Potato___Early_blight\1367d3e9-74fe-4d61-ab24-dd389dcb5d54___RS_Early.B 8011.JPG,Potato___Early_blight,Early Blight,256,256,1.0,65536,18.66,150.63,142.7,121.19,44.5,46.57,59.38,138.17,52.09,18.69,6.79,-25.48,Diseased,Small,Moderate,Red,138.17
13cfb9dc-8951-44c0-8c16-e96fd6ccc659___RS_Early.B 7070.JPG,PlantVillage\Potato___Early_blight\13cfb9dc-8951-44c0-8c16-e96fd6ccc659___RS_Early.B 7070.JPG,Potato___Early_blight,Early Blight,256,256,1.0,65536,20.11,130.21,137.49,109.39,48.56,49.79,58.64,125.7,53.86,6.77,17.69,-24.46,Diseased,Small,Moderate,Green,125.7
13ddd965-db42-4392-9798-fe0ba5ad7928___RS_Early.B 7631.JPG,PlantVillage\Potato___Early_blight\13ddd965-db42-4392-9798-fe0ba5ad7928___RS_Early.B 7631.JPG,Potato___Early_blight,Early Blight,256,256,1.0,65536,18.67,134.12,143.64,123.14,42.21,38.1,50.91,133.63,44.85,0.72,15.01,-15.74,Diseased,Small,Moderate,Green,133.63
13e2be1d-56bc-40c6-b5d1-e3bafc1b111e___RS_Early.B 8830.JPG,PlantVillage\Potato___Early_blight\13e2be1d-56bc-40c6-b5d1-e3bafc1b111e___RS_Early.B 8830.JPG,Potato___Early_blight,Early Blight,256,256,1.0,65536,18.32,141.5,139.87,105.35,41.02,41.01,51.92,128.91,47.94,18.89,16.44,-35.33,Diseased,Small,Moderate,Red,128.91
14efc692-8ac6-4bd8-a71a-943192d6831a___RS_Early.B 6841.JPG,PlantVillage\Potato___Early_blight\14efc692-8ac6-4bd8-a71a-943192d6831a___RS_Early.B 6841.JPG,Potato___Early_blight,Early Blight,256,256,1.0,65536,22.72,121.77,134.45,108.78,48.74,46.39,60.52,121.67,53.29,0.16,19.17,-19.33,Diseased,Small,Moderate,Green,121.67
159f49c5-8d80-41cb-b730-333fdefdff62___RS_Early.B 7301.JPG,PlantVillage\Potato___Early_blight\159f49c5-8d80-41cb-b730-333fdefdff62___RS_Early.B 7301.JPG,Potato___Early_blight,Early Blight,256,256,1.0,65536,20.0,140.85,145.76,109.52,40.94,43.21,51.07,132.04,48.04,13.21,20.57,-33.78,Diseased,Small,Moderate,Green,132.04
15ab8118-01fb-4e9c-83a9-94ab224d6854___RS_Early.B 7962.JPG,PlantVillage\Potato___Early_blight\15ab8118-01fb-4e9c-83a9-94ab224d6854___RS_Early.B 7962.JPG,Potato___Early_blight,Early Blight,256,256,1.0,65536,19.16,146.04,144.93,101.03,49.52,52.15,60.18,130.66,58.05,23.06,21.39,-44.46,Diseased,Small,Moderate,Red,130.67
16133ed7-f960-44a5-bd03-8e665e777363___RS_Early.B 7504.JPG,PlantVillage\Potato___Early_blight\16133ed7-f960-44a5-bd03-8e665e777363___RS_Early.B 7504.JPG,Potato___Early_blight,Early Blight,256,256,1.0,65536,16.39,126.77,129.14,90.77,44.18,45.65,60.04,115.56,53.43,16.82,20.37,-37.19,Diseased,Small,Moderate,Green,115.56
16a6f216-6d2a-48fe-b8bc-ff385c96d0d3___RS_Early.B 7220.JPG,PlantVillage\Potato___Early_blight\16a6f216-6d2a-48fe-b8bc-ff385c96d0d3___RS_Early.B 7220.JPG,Potato___Early_blight,Early Blight,256,256,1.0,65536,17.55,145.81,157.14,130.61,38.43,37.5,50.33,144.52,43.86,1.93,18.93,-20.86,Diseased,Small,Moderate,Green,144.52
17520079-9d7b-481a-bc9e-676c5404d160___RS_Early.B 6774.JPG,PlantVillage\Potato___Early_blight\17520079-9d7b-481a-bc9e-676c5404d160___RS_Early.B 6774.JPG,Potato___Early_blight,Early Blight,256,256,1.0,65536,17.06,151.34,150.01,121.89,50.69,52.48,59.11,141.08,55.89,15.39,13.39,-28.79,Diseased,Small,Moderate,Red,141.08
17667077-cf29-4976-9282-359c6da25cf6___RS_Early.B 6971.JPG,PlantVillage\Potato___Early_blight\17667077-cf29-4976-9282-359c6da25cf6___RS_Early.B 6971.JPG,Potato___Early_blight,Early Blight,256,256,1.0,65536,20.13,134.81,133.77,96.68,54.94,56.8,58.94,121.75,59.61,19.58,18.03,-37.61,Diseased,Small,Moderate,Red,121.75
1767fee7-18fd-4597-8c77-d41ec2d62f4e___RS_Early.B 6932.JPG,PlantVillage\Potato___Early_blight\1767fee7-18fd-4597-8c77-d41ec2d62f4e___RS_Early.B 6932.JPG,Potato___Early_blight,Early Blight,256,256,1.0,65536,22.64,127.08,138.24,119.52,45.8,45.88,53.28,128.28,49.05,-1.8,14.95,-13.14,Diseased,Small,Moderate,Green,128.28
1769d41b-fd4c-49b1-adce-e89fee6a352e___RS_Early.B 6741.JPG,PlantVillage\Potato___Early_blight\1769d41b-fd4c-49b1-adce-e89fee6a352e___RS_Early.B 6741.JPG,Potato___Early_blight,Early Blight,256,256,1.0,65536,22.33,146.29,155.17,126.78,58.91,60.14,63.66,142.75,62.08,5.32,18.63,-23.95,Diseased,Small,Moderate,Green,142.75
17756ec1-9c95-43b3-bedc-933b6e0887f3___RS_Early.B 8251.JPG,PlantVillage\Potato___Early_blight\17756ec1-9c95-43b3-bedc-933b6e0887f3___RS_Early.B 8251.JPG,Potato___Early_blight,Early Blight,256,256,1.0,65536,20.48,138.69,144.1,113.44,42.79,41.56,54.12,132.08,48.38,9.92,18.03,-27.95,Diseased,Small,Moderate,Green,132.08
17848019-6609-4cc9-b27b-c70b296ceb09___RS_Early.B 7049.JPG,PlantVillage\Potato___Early_blight\17848019-6609-4cc9-b27b-c70b296ceb09___RS_Early.B 7049.JPG,Potato___Early_blight,Early Blight,256,256,1.0,65536,16.15,153.16,155.11,120.52,38.05,39.37,50.61,142.93,45.88,15.35,18.26,-33.61,Diseased,Small,Moderate,Green,142.93
1797b5ac-ed8b-4b35-bd01-f8a14d34d6e1___RS_Early.B 8812.JPG,PlantVillage\Potato___Early_blight\1797b5ac-ed8b-4b35-bd01-f8a14d34d6e1___RS_Early.B 8812.JPG,Potato___Early_blight,Early Blight,256,256,1.0,65536,17.03,115.05,119.29,99.35,49.78,46.74,53.25,111.23,50.72,5.73,12.09,-17.82,Diseased,Small,Moderate,Green,111.23
17a06d03-8a7b-48a8-aaf9-3300741c65de___RS_Early.B 7625.JPG,PlantVillage\Potato___Early_blight\17a06d03-8a7b-48a8-aaf9-3300741c65de___RS_Early.B 7625.JPG,Potato___Early_blight,Early Blight,256,256,1.0,65536,20.21,145.86,144.87,121.8,52.42,54.05,66.37,137.51,59.01,12.52,11.04,-23.56,Diseased,Small,Moderate,Red,137.51
1896de06-b6eb-4c01-a6c6-3247405765b8___RS_Early.B 8335.JPG,PlantVillage\Potato___Early_blight\1896de06-b6eb-4c01-a6c6-3247405765b8___RS_Early.B 8335.JPG,Potato___Early_blight,Early Blight,256,256,1.0,65536,18.03,136.85,140.65,117.31,52.04,46.24,60.67,131.6,54.29,7.87,13.58,-21.44,Diseased,Small,Moderate,Green,131.6
192c9d29-4a86-457b-a779-1dd36f225a5b___RS_Early.B 8012.JPG,PlantVillage\Potato___Early_blight\192c9d29-4a86-457b-a779-1dd36f225a5b___RS_Early.B 8012.JPG,Potato___Early_blight,Early Blight,256,256,1.0,65536,20.7,142.86,134.98,110.01,52.36,53.14,61.81,129.28,57.66,20.36,8.55,-28.91,Diseased,Small,Moderate,Red,129.28
1994cd3e-4000-4c56-bede-d35a1eecc287___RS_Early.B 6867.JPG,PlantVillage\Potato___Early_blight\1994cd3e-4000-4c56-bede-d35a1eecc287___RS_Early.B 6867.JPG,Potato___Early_blight,Early Blight,256,256,1.0,65536,22.54,139.41,148.23,127.79,46.84,45.73,58.02,138.47,51.19,1.4,14.63,-16.02,Diseased,Small,Moderate,Green,138.48
1a2970b6-bafd-4812-93bc-57ff969e1045___RS_Early.B 7330.JPG,PlantVillage\Potato___Early_blight\1a2970b6-bafd-4812-93bc-57ff969e1045___RS_Early.B 7330.JPG,Potato___Early_blight,Early Blight,256,256,1.0,65536,21.45,142.49,152.32,134.08,46.7,46.53,53.45,142.96,49.56,-0.71,14.03,-13.32,Diseased,Small,Moderate,Green,142.96
1a38f06b-da2a-4c57-bef1-a73254896403___RS_Early.B 9178.JPG,PlantVillage\Potato___Early_blight\1a38f06b-da2a-4c57-bef1-a73254896403___RS_Early.B 9178.JPG,Potato___Early_blight,Early Blight,256,256,1.0,65536,23.12,136.78,145.66,111.62,45.54,45.82,56.43,131.35,51.58,8.14,21.46,-29.6,Diseased,Small,Moderate,Green,131.35
1a77c047-7ed8-4f02-bfaf-a19e7a67c3dd___RS_Early.B 7076.JPG,PlantVillage\Potato___Early_blight\1a77c047-7ed8-4f02-bfaf-a19e7a67c3dd___RS_Early.B 7076.JPG,Potato___Early_blight,Early Blight,256,256,1.0,65536,19.7,133.04,140.99,113.82,52.54,53.88,63.48,129.28,57.98,5.63,17.56,-23.19,Diseased,Small,Moderate,Green,129.28
1af20ff8-980d-4912-b337-804b09667de3___RS_Early.B 7392.JPG,PlantVillage\Potato___Early_blight\1af20ff8-980d-4912-b337-804b09667de3___RS_Early.B 7392.JPG,Potato___Early_blight,Early Blight,256,256,1.0,65536,19.04,148.51,142.47,104.8,51.55,52.17,61.73,131.93,58.63,24.87,15.82,-40.69,Diseased,Small,Moderate,Red,131.93
1b0a2898-00b9-4a12-b4dc-a89b77b9e8b7___RS_Early.B 6928.JPG,PlantVillage\Potato___Early_blight\1b0a2898-00b9-4a12-b4dc-a89b77b9e8b7___RS_Early.B 6928.JPG,Potato___Early_blight,Early Blight,256,256,1.0,65536,19.84,141.05,144.2,110.49,52.0,54.0,61.09,131.91,57.86,13.7,18.43,-32.13,Diseased,Small,Moderate,Green,131.91
1b4304a9-88c2-4c09-bfea-830fa162a35a___RS_Early.B 7188.JPG,PlantVillage\Potato___Early_blight\1b4304a9-88c2-4c09-bfea-830fa162a35a___RS_Early.B 7188.JPG,Potato___Early_blight,Early Blight,256,256,1.0,65536,19.03,140.11,151.02,129.97,47.15,45.16,57.16,140.36,50.83,-0.38,15.98,-15.6,Diseased,Small,Moderate,Green,140.37
1c42eae7-29c8-42fd-b05a-9b8255790f6f___RS_Early.B 7719.JPG,PlantVillage\Potato___Early_blight\1c42eae7-29c8-42fd-b05a-9b8255790f6f___RS_Early.B 7719.JPG,Potato___Early_blight,Early Blight,256,256,1.0,65536,20.63,140.74,148.01,128.21,52.51,50.89,60.68,138.99,55.47,2.63,13.53,-16.16,Diseased,Small,Moderate,Green,138.99
1c4e0445-375a-4c5d-b6fd-6123d22f009f___RS_Early.B 7972.JPG,PlantVillage\Potato___Early_blight\1c4e0445-375a-4c5d-b6fd-6123d22f009f___RS_Early.B 7972.JPG,Potato___Early_blight,Early Blight,256,256,1.0,65536,20.47,127.64,136.07,114.19,55.7,53.83,62.29,125.97,58.09,2.52,15.15,-17.67,Diseased,Small,Moderate,Green,125.97
1ca9e3ba-e029-48bf-b207-e8cb3546f953___RS_Early.B 7978.JPG,PlantVillage\Potato___Early_blight\1ca9e3ba-e029-48bf-b207-e8cb3546f953___RS_Early.B 7978.JPG,Potato___Early_blight,Early Blight,256,256,1.0,65536,19.65,126.46,135.19,113.53,58.31,55.17,64.52,125.06,60.12,2.1,15.19,-17.29,Diseased,Small,Moderate,Green,125.06
1cb05d87-027d-4bf0-b5c4-4c1a57896ac6___RS_Early.B 7936.JPG,PlantVillage\Potato___Early_blight\1cb05d87-027d-4bf0-b5c4-4c1a57896ac6___RS_Early.B 7936.JPG,Potato___Early_blight,Early Blight,256,256,1.0,65536,19.3,140.71,142.1,122.98,49.13,46.92,58.08,135.26,52.33,8.18,10.25,-18.43,Diseased,Small,Moderate,Green,135.26
1d038d64-7f3c-4b4d-9b3d-7736f97b59a0___RS_Early.B 7994.JPG,PlantVillage\Potato___Early_blight\1d038d64-7f3c-4b4d-9b3d-7736f97b59a0___RS_Early.B 7994.JPG,Potato___Early_blight,Early Blight,256,256,1.0,65536,19.63,145.35,156.35,133.23,47.02,40.5,54.41,144.98,48.58,0.56,17.06,-17.62,Diseased,Small,Moderate,Green,144.98
1d18a770-8a16-4765-bae9-5d96f781db89___RS_Early.B 7803.JPG,PlantVillage\Potato___Early_blight\1d18a770-8a16-4765-bae9-5d96f781db89___RS_Early.B 7803.JPG,Potato___Early_blight,Early Blight,256,256,1.0,65536,19.12,132.11,140.24,115.65,51.15,49.55,59.18,129.33,54.43,4.16,16.36,-20.52,Diseased,Small,Moderate,Green,129.33
1d2ec63e-acfb-4a80-ba21-853a724fff4a___RS_Early.B 8083.JPG,PlantVillage\Potato___Early_blight\1d2ec63e-acfb-4a80-ba21-853a724fff4a___RS_Early.B 8083.JPG,Potato___Early_blight,Early Blight,256,256,1.0,65536,22.2,141.35,135.46,102.72,56.32,61.21,63.45,126.51,62.74,22.26,13.42,-35.68,Diseased,Small,Moderate,Red,126.51
1d301622-e359-49d5-b4ca-6837f254fd1b___RS_Early.B 6719.JPG,PlantVillage\Potato___Early_blight\1d301622-e359-49d5-b4ca-6837f254fd1b___RS_Early.B 6719.JPG,Potato___Early_blight,Early Blight,256,256,1.0,65536,20.44,149.81,144.46,113.12,58.09,57.67,56.79,135.8,59.75,21.02,12.99,-34.01,Diseased,Small,Moderate,Red,135.8
1d466431-007d-4b3b-bd45-b09f1a6f7bad___RS_Early.B 8932.JPG,PlantVillage\Potato___Early_blight\1d466431-007d-4b3b-bd45-b09f1a6f7bad___RS_Early.B 8932.JPG,Potato___Early_blight,Early Blight,256,256,1.0,65536,20.62,142.54,137.82,103.58,51.0,53.57,61.26,127.98,58.1,21.84,14.76,-36.59,Diseased,Small,Moderate,Red,127.98
1d4fc5d0-fee6-40bf-8e7b-e1598ea64161___RS_Early.B 8912.JPG,PlantVillage\Potato___Early_blight\1d4fc5d0-fee6-40bf-8e7b-e1598ea64161___RS_Early.B 8912.JPG,Potato___Early_blight,Early Blight,256,256,1.0,65536,22.14,144.53,150.83,118.63,49.8,51.56,57.83,138.0,54.97,9.8,19.25,-29.05,Diseased,Small,Moderate,Green,138.0
1daae61a-7014-4efe-b855-018999a5be9b___RS_Early.B 6852.JPG,PlantVillage\Potato___Early_blight\1daae61a-7014-4efe-b855-018999a5be9b___RS_Early.B 6852.JPG,Potato___Early_blight,Early Blight,256,256,1.0,65536,20.88,129.37,145.67,120.36,51.03,48.04,58.67,131.8,53.8,-3.65,20.81,-17.16,Diseased,Small,Moderate,Green,131.8
1de8ed75-0778-4364-9178-52c1bd0dffb4___RS_Early.B 6729.JPG,PlantVillage\Potato___Early_blight\1de8ed75-0778-4364-9178-52c1bd0dffb4___RS_Early.B 6729.JPG,Potato___Early_blight,Early Blight,256,256,1.0,65536,18.99,155.25,156.58,127.37,48.59,50.23,56.88,146.4,53.74,13.27,15.27,-28.54,Diseased,Small,Moderate,Green,146.4
1defd277-6394-4049-895d-470f1e27e189___RS_Early.B 8931.JPG,PlantVillage\Potato___Early_blight\1defd277-6394-4049-895d-470f1e27e189___RS_Early.B 8931.JPG,Potato___Early_blight,Early Blight,256,256,1.0,65536,21.36,138.47,133.14,104.47,51.83,54.69,61.46,125.36,58.09,19.67,11.66,-31.33,Diseased,Small,Moderate,Red,125.36
1e671694-5713-4568-b8ad-06f15688d25e___RS_Early.B 7659.JPG,PlantVillage\Potato___Early_blight\1e671694-5713-4568-b8ad-06f15688d25e___RS_Early.B 7659.JPG,Potato___Early_blight,Early Blight,256,256,1.0,65536,21.38,140.77,144.48,124.68,46.76,46.41,58.98,136.64,51.77,6.18,11.75,-17.94,Diseased,Small,Moderate,Green,136.64
1e99ce6b-b7fa-4ae1-9076-279f430b8c5f___RS_Early.B 7092.JPG,PlantVillage\Potato___Early_blight\1e99ce6b-b7fa-4ae1-9076-279f430b8c5f___RS_Early.B 7092.JPG,Potato___Early_blight,Early Blight,256,256,1.0,65536,18.0,143.34,150.12,118.5,40.4,40.4,59.4,137.32,49.49,9.03,19.2,-28.23,Diseased,Small,Moderate,Green,137.32
1ee04a42-fa1c-4f6b-a88b-4cf583b188ea___RS_Early.B 8494.JPG,PlantVillage\Potato___Early_blight\1ee04a42-fa1c-4f6b-a88b-4cf583b188ea___RS_Early.B 8494.JPG,Potato___Early_blight,Early Blight,256,256,1.0,65536,17.61,147.5,160.82,144.68,58.08,53.9,67.47,151.0,60.49,-5.26,14.74,-9.48,Diseased,Small,Bright,Green,151.0
1f56ef5b-9a3b-4731-bf82-b08aeb84fcb5___RS_Early.B 9032.JPG,PlantVillage\Potato___Early_blight\1f56ef5b-9a3b-4731-bf82-b08aeb84fcb5___RS_Early.B 9032.JPG,Potato___Early_blight,Early Blight,256,256,1.0,65536,19.02,148.67,148.17,109.02,36.54,38.83,49.05,135.29,45.76,20.08,19.33,-39.4,Diseased,Small,Moderate,Red,135.29
1f80f111-6a3e-4dfc-8456-0f3e9a19ae10___RS_Early.B 6879.JPG,PlantVillage\Potato___Early_blight\1f80f111-6a3e-4dfc-8456-0f3e9a19ae10___RS_Early.B 6879.JPG,Potato___Early_blight,Early Blight,256,256,1.0,65536,21.25,134.46,144.99,126.58,44.6,39.72,55.64,135.34,47.73,-1.33,14.47,-13.14,Diseased,Small,Moderate,Green,135.34
1f830d02-1fc6-41d6-99c6-851e0d2af4ad___RS_Early.B 9182.JPG,PlantVillage\Potato___Early_blight\1f830d02-1fc6-41d6-99c6-851e0d2af4ad___RS_Early.B 9182.JPG,Potato___Early_blight,Early Blight,256,256,1.0,65536,22.58,145.9,152.93,124.96,47.82,48.37,58.97,141.26,53.31,6.95,17.51,-24.45,Diseased,Small,Moderate,Green,141.26
1ff86a73-9f36-45c5-8012-c5d90445b7ac___RS_Early.B 8563.JPG,PlantVillage\Potato___Early_blight\1ff86a73-9f36-45c5-8012-c5d90445b7ac___RS_Early.B 8563.JPG,Potato___Early_blight,Early Blight,256,256,1.0,65536,21.12,125.11,125.65,94.63,45.38,44.78,53.38,115.13,50.14,14.97,15.78,-30.75,Diseased,Small,Moderate,Green,115.13
201fed44-8dde-4ece-9e76-3706b8afdf46___RS_Early.B 8259.JPG,PlantVillage\Potato___Early_blight\201fed44-8dde-4ece-9e76-3706b8afdf46___RS_Early.B 8259.JPG,Potato___Early_blight,Early Blight,256,256,1.0,65536,21.0,131.26,127.19,109.65,60.01,61.58,68.16,122.7,64.04,12.84,6.73,-19.58,Diseased,Small,Moderate,Red,122.7
203357f4-1deb-42b2-99ed-32df34aa166c___RS_Early.B 6780.JPG,PlantVillage\Potato___Early_blight\203357f4-1deb-42b2-99ed-32df34aa166c___RS_Early.B 6780.JPG,Potato___Early_blight,Early Blight,256,256,1.0,65536,18.23,132.92,131.52,106.12,60.01,61.62,59.52,123.52,61.63,14.1,12.0,-26.1,Diseased,Small,Moderate,Red,123.52
20421747-c083-48a1-aed5-b1097ae50491___RS_Early.B 8203.JPG,PlantVillage\Potato___Early_blight\20421747-c083-48a1-aed5-b1097ae50491___RS_Early.B 8203.JPG,Potato___Early_blight,Early Blight,256,256,1.0,65536,20.18,114.28,120.3,93.1,54.83,52.99,61.13,109.23,57.62,7.58,16.61,-24.19,Diseased,Small,Moderate,Green,109.23
20978e65-f4d0-419a-bab9-f6042ab2d318___RS_Early.B 6868.JPG,PlantVillage\Potato___Early_blight\20978e65-f4d0-419a-bab9-f6042ab2d318___RS_Early.B 6868.JPG,Potato___Early_blight,Early Blight,256,256,1.0,65536,20.61,123.4,132.65,115.29,47.36,46.25,57.03,123.78,50.94,-0.57,13.3,-12.73,Diseased,Small,Moderate,Green,123.78
20e451e3-74a4-4a5b-b11c-257506f13a8f___RS_Early.B 6984.JPG,PlantVillage\Potato___Early_blight\20e451e3-74a4-4a5b-b11c-257506f13a8f___RS_Early.B 6984.JPG,Potato___Early_blight,Early Blight,256,256,1.0,65536,19.5,122.73,129.57,94.03,55.19,56.76,65.91,115.44,61.43,10.93,21.19,-32.12,Diseased,Small,Moderate,Green,115.44
211094c5-4983-49ff-a92e-b992039bd048___RS_Early.B 6927.JPG,PlantVillage\Potato___Early_blight\211094c5-4983-49ff-a92e-b992039bd048___RS_Early.B 6927.JPG,Potato___Early_blight,Early Blight,256,256,1.0,65536,21.54,145.16,146.99,119.49,49.05,50.59,60.58,137.21,55.1,11.92,14.67,-26.59,Diseased,Small,Moderate,Green,137.21
212c3c65-e30e-496f-ab5e-c2f4b0446d8f___RS_Early.B 8195.JPG,PlantVillage\Potato___Early_blight\212c3c65-e30e-496f-ab5e-c2f4b0446d8f___RS_Early.B 8195.JPG,Potato___Early_blight,Early Blight,256,256,1.0,65536,17.13,103.83,114.61,95.07,46.41,42.89,55.56,104.5,49.23,-1.01,15.16,-14.15,Diseased,Small,Moderate,Green,104.5
216a1a08-c4be-4fa9-b880-c260909e1dbc___RS_Early.B 6881.JPG,PlantVillage\Potato___Early_blight\216a1a08-c4be-4fa9-b880-c260909e1dbc___RS_Early.B 6881.JPG,Potato___Early_blight,Early Blight,256,256,1.0,65536,20.34,132.02,146.62,122.91,41.05,39.8,48.64,133.85,44.43,-2.74,19.16,-16.42,Diseased,Small,Moderate,Green,133.85
21ca5caf-147b-4a1a-a2da-edfc1c81b62e___RS_Early.B 8926.JPG,PlantVillage\Potato___Early_blight\21ca5caf-147b-4a1a-a2da-edfc1c81b62e___RS_Early.B 8926.JPG,Potato___Early_blight,Early Blight,256,256,1.0,65536,22.13,128.07,124.65,92.59,47.96,50.65,55.32,115.1,53.83,19.46,14.32,-33.78,Diseased,Small,Moderate,Red,115.1
21d50c27-900e-4644-ab01-0cc96214d2f6___RS_Early.B 7153.JPG,PlantVillage\Potato___Early_blight\21d50c27-900e-4644-ab01-0cc96214d2f6___RS_Early.B 7153.JPG,Potato___Early_blight,Early Blight,256,256,1.0,65536,17.29,156.18,155.02,134.52,43.0,44.39,60.17,148.58,50.78,11.41,9.67,-21.09,Diseased,Small,Moderate,Red,148.57
221c911f-e483-407c-b672-21150d09d57e___RS_Early.B 7678.JPG,PlantVillage\Potato___Early_blight\221c911f-e483-407c-b672-21150d09d57e___RS_Early.B 7678.JPG,Potato___Early_blight,Early Blight,256,256,1.0,65536,17.26,146.64,146.4,116.17,45.1,47.3,60.64,136.4,53.42,15.35,15.0,-30.35,Diseased,Small,Moderate,Red,136.4
22b28f50-4141-4ca7-be3f-ccb1c521c2df___RS_Early.B 8285.JPG,PlantVillage\Potato___Early_blight\22b28f50-4141-4ca7-be3f-ccb1c521c2df___RS_Early.B 8285.JPG,Potato___Early_blight,Early Blight,256,256,1.0,65536,16.81,97.33,104.2,88.47,44.78,44.9,54.59,96.67,48.74,0.99,11.31,-12.3,Diseased,Small,Dark,Green,96.67
22d1678a-3abd-4fe6-ac13-b654e2589280___RS_Early.B 8523.JPG,PlantVillage\Potato___Early_blight\22d1678a-3abd-4fe6-ac13-b654e2589280___RS_Early.B 8523.JPG,Potato___Early_blight,Early Blight,256,256,1.0,65536,17.53,108.3,124.95,115.89,45.34,41.78,52.7,116.38,47.32,-12.12,12.85,-0.73,Diseased,Small,Moderate,Green,116.38
232c8d25-3bfe-41ea-b24f-2b3629a0253a___RS_Early.B 9200.JPG,PlantVillage\Potato___Early_blight\232c8d25-3bfe-41ea-b24f-2b3629a0253a___RS_Early.B 9200.JPG,Potato___Early_blight,Early Blight,256,256,1.0,65536,20.53,143.92,147.92,113.18,47.37,51.8,54.64,135.01,53.65,13.37,19.37,-32.74,Diseased,Small,Moderate,Green,135.01
23546e04-7151-4dbd-95a1-687d963eb132___RS_Early.B 7402.JPG,PlantVillage\Potato___Early_blight\23546e04-7151-4dbd-95a1-687d963eb132___RS_Early.B 7402.JPG,Potato___Early_blight,Early Blight,256,256,1.0,65536,21.21,137.56,145.88,116.09,47.08,46.62,59.41,133.18,52.89,6.58,19.05,-25.63,Diseased,Small,Moderate,Green,133.18
2356a4d6-8015-434e-a5f8-03197fef2c28___RS_Early.B 8139.JPG,PlantVillage\Potato___Early_blight\2356a4d6-8015-434e-a5f8-03197fef2c28___RS_Early.B 8139.JPG,Potato___Early_blight,Early Blight,256,256,1.0,65536,21.33,130.62,138.11,109.88,42.63,40.6,51.57,126.2,46.74,6.62,17.86,-24.48,Diseased,Small,Moderate,Green,126.2
2446ca09-aa29-4ae4-8d34-45115c32cde7___RS_Early.B 8971.JPG,PlantVillage\Potato___Early_blight\2446ca09-aa29-4ae4-8d34-45115c32cde7___RS_Early.B 8971.JPG,Potato___Early_blight,Early Blight,256,256,1.0,65536,19.98,143.28,139.16,109.89,47.84,49.86,64.06,130.78,56.4,18.76,12.57,-31.33,Diseased,Small,Moderate,Red,130.78
24a34259-1c47-4e87-ac83-5decf37b42e4___RS_Early.B 6896.JPG,PlantVillage\Potato___Early_blight\24a34259-1c47-4e87-ac83-5decf37b42e4___RS_Early.B 6896.JPG,Potato___Early_blight,Early Blight,256,256,1.0,65536,20.95,130.52,140.64,122.83,47.81,46.56,56.55,131.33,51.03,-1.21,13.96,-12.75,Diseased,Small,Moderate,Green,131.33
24ced43c-a862-4e3d-8300-dffd350de2c4___RS_Early.B 6957.JPG,PlantVillage\Potato___Early_blight\24ced43c-a862-4e3d-8300-dffd350de2c4___RS_Early.B 6957.JPG,Potato___Early_blight,Early Blight,256,256,1.0,65536,21.43,139.4,132.59,96.4,56.23,57.93,63.06,122.8,62.08,24.9,14.69,-39.59,Diseased,Small,Moderate,Red,122.8
24fb74df-0aa9-4e89-9ba4-55a4664438ab___RS_Early.B 8634.JPG,PlantVillage\Potato___Early_blight\24fb74df-0aa9-4e89-9ba4-55a4664438ab___RS_Early.B 8634.JPG,Potato___Early_blight,Early Blight,256,256,1.0,65536,17.84,128.35,137.36,100.3,53.03,51.43,63.09,122.0,58.27,9.52,23.04,-32.56,Diseased,Small,Moderate,Green,122.0
25642761-2905-48af-b8da-1064a0f6b876___RS_Early.B 6831.JPG,PlantVillage\Potato___Early_blight\25642761-2905-48af-b8da-1064a0f6b876___RS_Early.B 6831.JPG,Potato___Early_blight,Early Blight,256,256,1.0,65536,22.88,122.53,133.39,112.29,42.25,38.92,54.16,122.74,46.39,-0.31,15.98,-15.67,Diseased,Small,Moderate,Green,122.74
25703c4f-ec40-4099-b249-a4fd07b07752___RS_Early.B 7040.JPG,PlantVillage\Potato___Early_blight\25703c4f-ec40-4099-b249-a4fd07b07752___RS_Early.B 7040.JPG,Potato___Early_blight,Early Blight,256,256,1.0,65536,20.7,124.22,131.04,100.48,52.33,52.72,64.4,118.58,58.25,8.46,18.69,-27.15,Diseased,Small,Moderate,Green,118.58
2639ad26-c7e9-4bd6-8000-c002f676a4c6___RS_Early.B 7150.JPG,PlantVillage\Potato___Early_blight\2639ad26-c7e9-4bd6-8000-c002f676a4c6___RS_Early.B 7150.JPG,Potato___Early_blight,Early Blight,256,256,1.0,65536,20.09,132.41,137.41,108.48,46.98,46.58,60.39,126.1,53.23,9.46,16.96,-26.43,Diseased,Small,Moderate,Green,126.1
268bb1c3-a714-46af-b6a5-bea66496158c___RS_Early.B 8678.JPG,PlantVillage\Potato___Early_blight\268bb1c3-a714-46af-b6a5-bea66496158c___RS_Early.B 8678.JPG,Potato___Early_blight,Early Blight,256,256,1.0,65536,17.05,130.6,136.84,107.23,46.2,41.75,52.05,124.89,48.56,8.56,17.93,-26.49,Diseased,Small,Moderate,Green,124.89
26d0502d-5fb3-48fa-a86d-d1de92703285___RS_Early.B 6959.JPG,PlantVillage\Potato___Early_blight\26d0502d-5fb3-48fa-a86d-d1de92703285___RS_Early.B 6959.JPG,Potato___Early_blight,Early Blight,256,256,1.0,65536,19.24,132.32,141.04,112.67,42.48,40.99,55.58,128.67,48.29,5.47,18.54,-24.01,Diseased,Small,Moderate,Green,128.68
26d0fa09-d463-461b-830c-3e970244cabb___RS_Early.B 7406.JPG,PlantVillage\Potato___Early_blight\26d0fa09-d463-461b-830c-3e970244cabb___RS_Early.B 7406.JPG,Potato___Early_blight,Early Blight,256,256,1.0,65536,18.27,132.03,141.35,111.86,50.56,50.68,62.03,128.41,56.05,5.43,19.4,-24.83,Diseased,Small,Moderate,Green,128.41
26d2af6a-f52e-457c-8006-fa106ad39fbe___RS_Early.B 8586.JPG,PlantVillage\Potato___Early_blight\26d2af6a-f52e-457c-8006-fa106ad39fbe___RS_Early.B 8586.JPG,Potato___Early_blight,Early Blight,256,256,1.0,65536,17.13,145.08,149.5,122.86,53.66,47.43,63.0,139.15,56.29,8.91,15.52,-24.43,Diseased,Small,Moderate,Green,139.15
26f15c9c-5cbf-49c8-ac4e-c5b15d03e319___RS_Early.B 9022.JPG,PlantVillage\Potato___Early_blight\26f15c9c-5cbf-49c8-ac4e-c5b15d03e319___RS_Early.B 9022.JPG,Potato___Early_blight,Early Blight,256,256,1.0,65536,18.03,155.83,155.61,125.57,40.46,42.63,53.01,145.67,47.85,15.24,14.91,-30.15,Diseased,Small,Moderate,Red,145.67
275c3337-11ee-487c-9093-bcd5e310c72c___RS_Early.B 7671.JPG,PlantVillage\Potato___Early_blight\275c3337-11ee-487c-9093-bcd5e310c72c___RS_Early.B 7671.JPG,Potato___Early_blight,Early Blight,256,256,1.0,65536,17.26,139.62,145.36,130.05,52.57,49.06,64.46,138.34,56.11,1.92,10.52,-12.44,Diseased,Small,Moderate,Green,138.34
2767ef91-3383-4872-9804-e0bcd2bc43fc___RS_Early.B 7783.JPG,PlantVillage\Potato___Early_blight\2767ef91-3383-4872-9804-e0bcd2bc43fc___RS_Early.B 7783.JPG,Potato___Early_blight,Early Blight,256,256,1.0,65536,18.53,139.02,138.15,118.32,60.62,61.56,67.48,131.83,64.01,10.78,9.48,-20.26,Diseased,Small,Moderate,Red,131.83
2771e005-3cb4-4e12-8868-80adca5ce02a___RS_Early.B 8640.JPG,PlantVillage\Potato___Early_blight\2771e005-3cb4-4e12-8868-80adca5ce02a___RS_Early.B 8640.JPG,Potato___Early_blight,Early Blight,256,256,1.0,65536,18.75,130.71,140.24,109.74,42.93,42.03,48.07,126.9,46.21,5.72,20.01,-25.73,Diseased,Small,Moderate,Green,126.9
283134dd-8b32-447e-8e82-547d3b69f4d4___RS_Early.B 7494.JPG,PlantVillage\Potato___Early_blight\283134dd-8b32-447e-8e82-547d3b69f4d4___RS_Early.B 7494.JPG,Potato___Early_blight,Early Blight,256,256,1.0,65536,19.05,131.33,137.43,120.59,43.84,42.11,53.88,129.78,47.42,2.32,11.47,-13.79,Diseased,Small,Moderate,Green,129.78
28f275f9-4dd9-479a-a005-ed442362840a___RS_Early.B 6790.JPG,PlantVillage\Potato___Early_blight\28f275f9-4dd9-479a-a005-ed442362840a___RS_Early.B 6790.JPG,Potato___Early_blight,Early Blight,256,256,1.0,65536,21.51,132.33,135.86,109.3,52.45,54.08,64.71,125.83,58.54,9.75,15.05,-24.79,Diseased,Small,Moderate,Green,125.83
292a3f93-96a2-4b0d-879f-581136c57bcf___RS_Early.B 7099.JPG,PlantVillage\Potato___Early_blight\292a3f93-96a2-4b0d-879f-581136c57bcf___RS_Early.B 7099.JPG,Potato___Early_blight,Early Blight,256,256,1.0,65536,18.84,138.05,146.88,130.42,47.41,42.9,59.32,138.45,50.8,-0.6,12.65,-12.04,Diseased,Small,Moderate,Green,138.45
29386668-721c-4359-99a6-734f1a4b096b___RS_Early.B 8362.JPG,PlantVillage\Potato___Early_blight\29386668-721c-4359-99a6-734f1a4b096b___RS_Early.B 8362.JPG,Potato___Early_blight,Early Blight,256,256,1.0,65536,20.08,125.18,129.58,109.03,51.68,47.71,55.13,121.26,52.35,5.88,12.48,-18.35,Diseased,Small,Moderate,Green,121.26
29508e75-1a9d-4838-b929-cf42f8638e83___RS_Early.B 6782.JPG,PlantVillage\Potato___Early_blight\29508e75-1a9d-4838-b929-cf42f8638e83___RS_Early.B 6782.JPG,Potato___Early_blight,Early Blight,256,256,1.0,65536,17.79,148.27,145.9,130.86,42.67,44.22,54.07,141.67,47.88,9.89,6.33,-16.22,Diseased,Small,Moderate,Red,141.68
29922d76-0eda-4e7c-89af-7688c656bfdd___RS_Early.B 8353.JPG,PlantVillage\Potato___Early_blight\29922d76-0eda-4e7c-89af-7688c656bfdd___RS_Early.B 8353.JPG,Potato___Early_blight,Early Blight,256,256,1.0,65536,18.91,118.77,125.06,85.06,42.47,41.55,48.68,109.63,47.7,13.71,23.14,-36.85,Diseased,Small,Moderate,Green,109.63
29978e78-7d4a-4fff-a659-52e45e9b96b3___RS_Early.B 7672.JPG,PlantVillage\Potato___Early_blight\29978e78-7d4a-4fff-a659-52e45e9b96b3___RS_Early.B 7672.JPG,Potato___Early_blight,Early Blight,256,256,1.0,65536,17.95,130.5,136.32,119.12,46.73,42.32,58.8,128.65,50.28,2.77,11.51,-14.29,Diseased,Small,Moderate,Green,128.65
29f79006-adf2-4d71-a6a8-bfc02c020b71___RS_Early.B 6833.JPG,PlantVillage\Potato___Early_blight\29f79006-adf2-4d71-a6a8-bfc02c020b71___RS_Early.B 6833.JPG,Potato___Early_blight,Early Blight,256,256,1.0,65536,21.76,124.67,136.14,115.13,45.03,44.01,53.79,125.31,48.58,-0.96,16.24,-15.28,Diseased,Small,Moderate,Green,125.31
2a4fd894-0c4f-471b-b80b-d362a7b513f4___RS_Early.B 8038.JPG,PlantVillage\Potato___Early_blight\2a4fd894-0c4f-471b-b80b-d362a7b513f4___RS_Early.B 8038.JPG,Potato___Early_blight,Early Blight,256,256,1.0,65536,20.31,127.3,130.49,105.61,53.18,52.89,60.49,121.13,56.72,9.25,14.04,-23.29,Diseased,Small,Moderate,Green,121.13
2a9d3616-0bf1-4d98-b649-0a46d36dab7c___RS_Early.B 6703.JPG,PlantVillage\Potato___Early_blight\2a9d3616-0bf1-4d98-b649-0a46d36dab7c___RS_Early.B 6703.JPG,Potato___Early_blight,Early Blight,256,256,1.0,65536,21.9,151.68,157.09,117.76,44.23,46.4,53.21,142.17,51.15,14.25,22.37,-36.63,Diseased,Small,Moderate,Green,142.18
2b1718b3-c951-4f24-b6ec-4eb7df77c913___RS_Early.B 7475.JPG,PlantVillage\Potato___Early_blight\2b1718b3-c951-4f24-b6ec-4eb7df77c913___RS_Early.B 7475.JPG,Potato___Early_blight,Early Blight,256,256,1.0,65536,18.82,137.45,145.22,121.5,49.0,46.05,60.61,134.72,53.19,4.09,15.75,-19.84,Diseased,Small,Moderate,Green,134.72
2b3e46d9-09dd-4966-99c6-fe44c741b94c___RS_Early.B 8290.JPG,PlantVillage\Potato___Early_blight\2b3e46d9-09dd-4966-99c6-fe44c741b94c___RS_Early.B 8290.JPG,Potato___Early_blight,Early Blight,256,256,1.0,65536,15.56,91.4,96.0,84.6,42.45,42.44,52.4,90.67,46.24,1.1,8.0,-9.11,Diseased,Small,Dark,Green,90.67
2b6f9564-80a2-4db7-a5e6-72be5ef33a71___RS_Early.B 8009.JPG,PlantVillage\Potato___Early_blight\2b6f9564-80a2-4db7-a5e6-72be5ef33a71___RS_Early.B 8009.JPG,Potato___Early_blight,Early Blight,256,256,1.0,65536,20.98,141.48,139.88,114.6,55.22,55.83,62.62,131.99,59.28,14.25,11.83,-26.08,Diseased,Small,Moderate,Red,131.99
2b8cfa81-e20f-4c28-b403-2cec2e5c0f2a___RS_Early.B 8145.JPG,PlantVillage\Potato___Early_blight\2b8cfa81-e20f-4c28-b403-2cec2e5c0f2a___RS_Early.B 8145.JPG,Potato___Early_blight,Early Blight,256,256,1.0,65536,19.85,144.63,150.72,123.51,51.59,50.42,60.95,139.62,55.76,7.52,16.65,-24.17,Diseased,Small,Moderate,Green,139.62
2b982641-10ea-4426-874f-509e6377ff59___RS_Early.B 7663.JPG,PlantVillage\Potato___Early_blight\2b982641-10ea-4426-874f-509e6377ff59___RS_Early.B 7663.JPG,Potato___Early_blight,Early Blight,256,256,1.0,65536,18.25,131.25,140.38,119.43,56.67,54.6,65.93,130.35,59.89,1.34,15.04,-16.38,Diseased,Small,Moderate,Green,130.35
2bc972a0-789f-4e60-9882-2f16fc363dfc___RS_Early.B 7234.JPG,PlantVillage\Potato___Early_blight\2bc972a0-789f-4e60-9882-2f16fc363dfc___RS_Early.B 7234.JPG,Potato___Early_blight,Early Blight,256,256,1.0,65536,16.43,144.64,150.83,126.82,41.46,42.73,50.99,140.76,46.38,5.81,15.1,-20.91,Diseased,Small,Moderate,Green,140.76
2c0e712a-fb21-44b6-bbe1-7c67cec7b965___RS_Early.B 7084.JPG,PlantVillage\Potato___Early_blight\2c0e712a-fb21-44b6-bbe1-7c67cec7b965___RS_Early.B 7084.JPG,Potato___Early_blight,Early Blight,256,256,1.0,65536,18.31,144.25,150.11,112.83,40.01,42.24,52.22,135.73,48.01,12.79,21.57,-34.35,Diseased,Small,Moderate,Green,135.73
2c310eaf-dbf4-4e8f-a8d8-ed8e0b51067a___RS_Early.B 6897.JPG,PlantVillage\Potato___Early_blight\2c310eaf-dbf4-4e8f-a8d8-ed8e0b51067a___RS_Early.B 6897.JPG,Potato___Early_blight,Early Blight,256,256,1.0,65536,22.04,137.35,148.55,128.18,50.23,49.25,59.23,138.03,53.74,-1.01,15.79,-14.77,Diseased,Small,Moderate,Green,138.03
2c48971d-9f73-401d-a62a-f3729d08b6c2___RS_Early.B 7463.JPG,PlantVillage\Potato___Early_blight\2c48971d-9f73-401d-a62a-f3729d08b6c2___RS_Early.B 7463.JPG,Potato___Early_blight,Early Blight,256,256,1.0,65536,19.36,149.83,150.0,125.8,51.84,54.01,60.52,141.88,56.73,11.93,12.19,-24.12,Diseased,Small,Moderate,Green,141.88
2c5500a4-cfa4-4b46-8db4-443b995d39dd___RS_Early.B 8768.JPG,PlantVillage\Potato___Early_blight\2c5500a4-cfa4-4b46-8db4-443b995d39dd___RS_Early.B 8768.JPG,Potato___Early_blight,Early Blight,256,256,1.0,65536,17.88,133.69,136.69,115.91,48.49,44.38,53.34,128.77,49.73,7.39,11.89,-19.28,Diseased,Small,Moderate,Green,128.76
2cafa90e-af46-4d0a-9137-9780d816b96a___RS_Early.B 7731.JPG,PlantVillage\Potato___Early_blight\2cafa90e-af46-4d0a-9137-9780d816b96a___RS_Early.B 7731.JPG,Potato___Early_blight,Early Blight,256,256,1.0,65536,22.9,140.01,146.44,120.66,48.48,47.38,58.6,135.7,52.88,6.46,16.1,-22.57,Diseased,Small,Moderate,Green,135.7
2cc3eb24-b210-4827-befe-0e3a24161ac4___RS_Early.B 6829.JPG,PlantVillage\Potato___Early_blight\2cc3eb24-b210-4827-befe-0e3a24161ac4___RS_Early.B 6829.JPG,Potato___Early_blight,Early Blight,256,256,1.0,65536,23.23,137.78,147.42,127.66,47.81,45.45,58.89,137.62,51.69,0.24,14.7,-14.94,Diseased,Small,Moderate,Green,137.62
2cce6cd6-16c4-426f-84e6-2f3c192fac2c___RS_Early.B 8999.JPG,PlantVillage\Potato___Early_blight\2cce6cd6-16c4-426f-84e6-2f3c192fac2c___RS_Early.B 8999.JPG,Potato___Early_blight,Early Blight,256,256,1.0,65536,20.31,133.38,138.47,110.19,40.9,42.29,53.71,127.34,47.61,9.05,16.69,-25.74,Diseased,Small,Moderate,Green,127.35
2ce7e8d7-4cc9-4ab3-9d22-8f7ad21d8eda___RS_Early.B 8609.JPG,PlantVillage\Potato___Early_blight\2ce7e8d7-4cc9-4ab3-9d22-8f7ad21d8eda___RS_Early.B 8609.JPG,Potato___Early_blight,Early Blight,256,256,1.0,65536,19.44,139.16,141.64,119.4,54.1,51.04,57.02,133.4,55.01,8.64,12.36,-21.0,Diseased,Small,Moderate,Green,133.4
2cf993b6-98e7-4678-aea5-9177ea3b63bd___RS_Early.B 7692.JPG,PlantVillage\Potato___Early_blight\2cf993b6-98e7-4678-aea5-9177ea3b63bd___RS_Early.B 7692.JPG,Potato___Early_blight,Early Blight,256,256,1.0,65536,19.55,146.31,150.64,135.85,47.53,45.95,57.45,144.26,50.95,3.07,9.56,-12.63,Diseased,Small,Moderate,Green,144.27
2d149f7a-4b0a-40a6-8d0b-1d1f14e5e696___RS_Early.B 9143.JPG,PlantVillage\Potato___Early_blight\2d149f7a-4b0a-40a6-8d0b-1d1f14e5e696___RS_Early.B 9143.JPG,Potato___Early_blight,Early Blight,256,256,1.0,65536,19.17,151.61,139.8,116.12,38.56,42.72,56.4,135.84,48.81,23.66,5.93,-29.59,Diseased,Small,Moderate,Red,135.84
2d344be7-2d5f-4d27-aeb2-b92c8191b877___RS_Early.B 7173.JPG,PlantVillage\Potato___Early_blight\2d344be7-2d5f-4d27-aeb2-b92c8191b877___RS_Early.B 7173.JPG,Potato___Early_blight,Early Blight,256,256,1.0,65536,17.09,139.88,147.44,117.54,46.33,45.83,59.42,134.96,52.48,7.39,18.73,-26.12,Diseased,Small,Moderate,Green,134.95
2dc9baab-663f-4f09-a0a4-7c07edfb4c42___RS_Early.B 6866.JPG,PlantVillage\Potato___Early_blight\2dc9baab-663f-4f09-a0a4-7c07edfb4c42___RS_Early.B 6866.JPG,Potato___Early_blight,Early Blight,256,256,1.0,65536,20.72,135.53,144.66,125.64,46.49,45.65,56.5,135.28,50.39,0.39,14.07,-14.46,Diseased,Small,Moderate,Green,135.28
2e88d4ed-b11b-4123-9e4b-f3c02a65ad39___RS_Early.B 9180.JPG,PlantVillage\Potato___Early_blight\2e88d4ed-b11b-4123-9e4b-f3c02a65ad39___RS_Early.B 9180.JPG,Potato___Early_blight,Early Blight,256,256,1.0,65536,21.63,129.68,137.39,109.63,44.65,44.47,54.02,125.57,49.33,6.17,17.74,-23.91,Diseased,Small,Moderate,Green,125.57
2ebb14eb-0e87-468c-a1cb-80579a77a37a___RS_Early.B 7044.JPG,PlantVillage\Potato___Early_blight\2ebb14eb-0e87-468c-a1cb-80579a77a37a___RS_Early.B 7044.JPG,Potato___Early_blight,Early Blight,256,256,1.0,65536,19.41,125.69,135.49,111.7,48.94,48.81,56.94,124.3,52.62,2.1,16.79,-18.89,Diseased,Small,Moderate,Green,124.29
2ec0f91e-b8a4-4aeb-9e08-8bd32b492487___RS_Early.B 7502.JPG,PlantVillage\Potato___Early_blight\2ec0f91e-b8a4-4aeb-9e08-8bd32b492487___RS_Early.B 7502.JPG,Potato___Early_blight,Early Blight,256,256,1.0,65536,15.44,147.99,149.97,113.7,40.62,42.92,55.81,137.22,49.79,16.16,19.12,-35.28,Diseased,Small,Moderate,Green,137.22
2f81d148-c62f-4d3c-baf4-72b77abea41a___RS_Early.B 7493.JPG,PlantVillage\Potato___Early_blight\2f81d148-c62f-4d3c-baf4-72b77abea41a___RS_Early.B 7493.JPG,Potato___Early_blight,Early Blight,256,256,1.0,65536,19.18,130.99,138.06,117.81,48.78,45.86,59.52,128.95,52.4,3.06,13.66,-16.72,Diseased,Small,Moderate,Green,128.95
2fe81ef1-d7ec-4395-b071-c74d5beb4037___RS_Early.B 7242.JPG,PlantVillage\Potato___Early_blight\2fe81ef1-d7ec-4395-b071-c74d5beb4037___RS_Early.B 7242.JPG,Potato___Early_blight,Early Blight,256,256,1.0,65536,19.25,146.08,155.47,123.7,46.29,45.68,61.49,141.75,53.37,6.49,20.58,-27.08,Diseased,Small,Moderate,Green,141.75
306c45ac-6f97-4b7e-9fad-1c8c39870138___RS_Early.B 7673.JPG,PlantVillage\Potato___Early_blight\306c45ac-6f97-4b7e-9fad-1c8c39870138___RS_Early.B 7673.JPG,Potato___Early_blight,Early Blight,256,256,1.0,65536,17.64,158.87,166.06,145.02,45.38,39.79,62.03,156.65,50.72,3.33,14.11,-17.44,Diseased,Small,Bright,Green,156.65
31290247-3f4f-445d-8bad-20d7dccbf979___RS_Early.B 7019.JPG,PlantVillage\Potato___Early_blight\31290247-3f4f-445d-8bad-20d7dccbf979___RS_Early.B 7019.JPG,Potato___Early_blight,Early Blight,256,256,1.0,65536,17.69,141.08,144.82,103.73,44.82,47.42,56.5,129.88,53.17,16.8,22.42,-39.22,Diseased,Small,Moderate,Green,129.88
31d0ecc8-045d-4a4a-ac33-431556c83e4c___RS_Early.B 8692.JPG,PlantVillage\Potato___Early_blight\31d0ecc8-045d-4a4a-ac33-431556c83e4c___RS_Early.B 8692.JPG,Potato___Early_blight,Early Blight,256,256,1.0,65536,19.08,146.29,132.98,108.93,46.02,47.1,56.43,129.4,52.4,25.33,5.37,-30.7,Diseased,Small,Moderate,Red,129.4
31d5d932-9eb3-45d1-bc85-40ef64d7a688___RS_Early.B 7255.JPG,PlantVillage\Potato___Early_blight\31d5d932-9eb3-45d1-bc85-40ef64d7a688___RS_Early.B 7255.JPG,Potato___Early_blight,Early Blight,256,256,1.0,65536,18.13,155.89,158.13,127.85,40.13,41.83,56.21,147.29,48.61,12.9,16.26,-29.16,Diseased,Small,Moderate,Green,147.29
320be8ee-2f9a-48f2-86fa-1c1d993a2fe2___RS_Early.B 8186.JPG,PlantVillage\Potato___Early_blight\320be8ee-2f9a-48f2-86fa-1c1d993a2fe2___RS_Early.B 8186.JPG,Potato___Early_blight,Early Blight,256,256,1.0,65536,19.64,116.8,118.39,97.89,50.96,50.17,59.88,111.03,54.65,8.66,11.04,-19.7,Diseased,Small,Moderate,Green,111.03
32c3bd85-3b12-4051-9185-12d39caaf94f___RS_Early.B 6684.JPG,PlantVillage\Potato___Early_blight\32c3bd85-3b12-4051-9185-12d39caaf94f___RS_Early.B 6684.JPG,Potato___Early_blight,Early Blight,256,256,1.0,65536,19.85,154.97,153.85,121.17,54.5,55.38,56.33,143.33,57.58,17.46,15.78,-33.24,Diseased,Small,Moderate,Red,143.33
33019904-ac3b-4083-a192-ce4092758ddd___RS_Early.B 8344.JPG,PlantVillage\Potato___Early_blight\33019904-ac3b-4083-a192-ce4092758ddd___RS_Early.B 8344.JPG,Potato___Early_blight,Early Blight,256,256,1.0,65536,21.22,117.76,123.69,100.99,48.11,45.61,53.1,114.15,49.97,5.42,14.32,-19.74,Diseased,Small,Moderate,Green,114.15
334fd34b-f4aa-4cc2-9ac9-8b85df65b96c___RS_Early.B 6773.JPG,PlantVillage\Potato___Early_blight\334fd34b-f4aa-4cc2-9ac9-8b85df65b96c___RS_Early.B 6773.JPG,Potato___Early_blight,Early Blight,256,256,1.0,65536,18.96,148.59,149.24,131.01,52.44,54.21,62.72,142.94,57.26,8.47,9.44,-17.91,Diseased,Small,Moderate,Green,142.95
336e5156-8947-46a7-a6fb-e993255d9091___RS_Early.B 8085.JPG,PlantVillage\Potato___Early_blight\336e5156-8947-46a7-a6fb-e993255d9091___RS_Early.B 8085.JPG,Potato___Early_blight,Early Blight,256,256,1.0,65536,19.04,139.51,130.92,107.74,53.62,58.44,63.94,126.06,60.33,20.18,7.29,-27.47,Diseased,Small,Moderate,Red,126.06
33d72b8e-ae59-4fd4-8c74-eaf342682b47___RS_Early.B 7884.JPG,PlantVillage\Potato___Early_blight\33d72b8e-ae59-4fd4-8c74-eaf342682b47___RS_Early.B 7884.JPG,Potato___Early_blight,Early Blight,256,256,1.0,65536,19.52,140.56,150.21,131.97,48.55,42.94,54.77,140.91,49.56,-0.53,13.95,-13.42,Diseased,Small,Moderate,Green,140.91
349730da-a627-4da6-90d5-707c4a3dba88___RS_Early.B 7553.JPG,PlantVillage\Potato___Early_blight\349730da-a627-4da6-90d5-707c4a3dba88___RS_Early.B 7553.JPG,Potato___Early_blight,Early Blight,256,256,1.0,65536,17.77,88.14,100.04,92.06,38.78,35.02,44.51,93.41,39.94,-7.91,9.94,-2.03,Diseased,Small,Dark,Green,93.41
34b0f33c-be8b-4338-9334-5418a5f84f28___RS_Early.B 7532.JPG,PlantVillage\Potato___Early_blight\34b0f33c-be8b-4338-9334-5418a5f84f28___RS_Early.B 7532.JPG,Potato___Early_blight,Early Blight,256,256,1.0,65536,19.29,139.53,132.17,98.79,50.3,51.95,61.05,123.49,57.44,24.05,13.01,-37.06,Diseased,Small,Moderate,Red,123.5
34d2260c-888c-419c-b32c-938efa379b97___RS_Early.B 8253.JPG,PlantVillage\Potato___Early_blight\34d2260c-888c-419c-b32c-938efa379b97___RS_Early.B 8253.JPG,Potato___Early_blight,Early Blight,256,256,1.0,65536,20.48,135.12,140.74,109.72,46.15,46.22,55.87,128.53,51.42,9.88,18.32,-28.21,Diseased,Small,Moderate,Green,128.53
34d62dee-797e-4f31-9063-f6a285935b4d___RS_Early.B 6733.JPG,PlantVillage\Potato___Early_blight\34d62dee-797e-4f31-9063-f6a285935b4d___RS_Early.B 6733.JPG,Potato___Early_blight,Early Blight,256,256,1.0,65536,20.45,156.64,157.15,119.79,40.4,42.87,51.38,144.52,48.4,18.17,18.94,-37.11,Diseased,Small,Moderate,Green,144.53
34d7e068-10e6-4ea0-8547-c90937fccbbc___RS_Early.B 8198.JPG,PlantVillage\Potato___Early_blight\34d7e068-10e6-4ea0-8547-c90937fccbbc___RS_Early.B 8198.JPG,Potato___Early_blight,Early Blight,256,256,1.0,65536,19.04,123.77,131.96,106.68,50.28,48.51,56.59,120.8,52.97,4.45,16.73,-21.19,Diseased,Small,Moderate,Green,120.8
34f42d6e-6e09-46cb-800b-5da5fdb5e8b8___RS_Early.B 8110.JPG,PlantVillage\Potato___Early_blight\34f42d6e-6e09-46cb-800b-5da5fdb5e8b8___RS_Early.B 8110.JPG,Potato___Early_blight,Early Blight,256,256,1.0,65536,18.79,156.34,145.23,114.36,45.56,48.18,55.75,138.64,53.08,26.54,9.89,-36.43,Diseased,Small,Moderate,Red,138.64
34f44be4-9dc5-460b-896d-cd6593166fe7___RS_Early.B 8175.JPG,PlantVillage\Potato___Early_blight\34f44be4-9dc5-460b-896d-cd6593166fe7___RS_Early.B 8175.JPG,Potato___Early_blight,Early Blight,256,256,1.0,65536,18.29,134.47,136.24,114.94,57.51,57.02,63.51,128.55,60.2,8.87,11.54,-20.41,Diseased,Small,Moderate,Green,128.55
357426c8-5b7b-4d56-9cb0-13cfaecc219f___RS_Early.B 7326.JPG,PlantVillage\Potato___Early_blight\357426c8-5b7b-4d56-9cb0-13cfaecc219f___RS_Early.B 7326.JPG,Potato___Early_blight,Early Blight,256,256,1.0,65536,19.51,167.89,163.51,130.31,46.28,48.63,60.69,153.9,54.88,20.98,14.41,-35.39,Diseased,Small,Bright,Red,153.9
357b61ef-a56b-4207-aa26-161b0ef3e635___RS_Early.B 8492.JPG,PlantVillage\Potato___Early_blight\357b61ef-a56b-4207-aa26-161b0ef3e635___RS_Early.B 8492.JPG,Potato___Early_blight,Early Blight,256,256,1.0,65536,16.33,126.66,144.23,140.14,48.98,44.72,58.48,137.01,51.6,-15.52,10.83,4.69,Diseased,Small,Moderate,Green,137.01
3613b972-6af8-4a9a-be7f-bf68e4eb4cd0___RS_Early.B 6813.JPG,PlantVillage\Potato___Early_blight\3613b972-6af8-4a9a-be7f-bf68e4eb4cd0___RS_Early.B 6813.JPG,Potato___Early_blight,Early Blight,256,256,1.0,65536,15.88,146.63,143.86,107.64,61.7,63.51,65.05,132.71,65.87,20.88,16.72,-37.61,Diseased,Small,Moderate,Red,132.71
36548ca6-33b3-4a74-9b2a-52eba7aee9a3___RS_Early.B 9205.JPG,PlantVillage\Potato___Early_blight\36548ca6-33b3-4a74-9b2a-52eba7aee9a3___RS_Early.B 9205.JPG,Potato___Early_blight,Early Blight,256,256,1.0,65536,20.42,138.34,135.59,99.11,47.16,47.42,55.2,124.35,53.16,20.99,16.87,-37.86,Diseased,Small,Moderate,Red,124.35
3682433d-fb0a-495b-a6e8-d753542b042b___RS_Early.B 8189.JPG,PlantVillage\Potato___Early_blight\3682433d-fb0a-495b-a6e8-d753542b042b___RS_Early.B 8189.JPG,Potato___Early_blight,Early Blight,256,256,1.0,65536,19.29,114.24,120.75,97.47,43.47,42.18,54.79,110.82,48.16,5.13,14.89,-20.02,Diseased,Small,Moderate,Green,110.82
37471260-d7b4-4ccd-901e-974332ef2eb9___RS_Early.B 7967.JPG,PlantVillage\Potato___Early_blight\37471260-d7b4-4ccd-901e-974332ef2eb9___RS_Early.B 7967.JPG,Potato___Early_blight,Early Blight,256,256,1.0,65536,20.14,126.23,132.17,112.36,53.13,50.01,59.76,123.59,55.08,3.96,12.88,-16.84,Diseased,Small,Moderate,Green,123.59
37957a08-5b06-49f7-9973-29f167dd95b8___RS_Early.B 8758.JPG,PlantVillage\Potato___Early_blight\37957a08-5b06-49f7-9973-29f167dd95b8___RS_Early.B 8758.JPG,Potato___Early_blight,Early Blight,256,256,1.0,65536,17.35,118.64,119.78,87.44,50.08,49.32,55.95,108.62,53.99,15.04,16.74,-31.77,Diseased,Small,Moderate,Green,108.62
37c72e1c-7981-4d84-9587-f5014b609230___RS_Early.B 7457.JPG,PlantVillage\Potato___Early_blight\37c72e1c-7981-4d84-9587-f5014b609230___RS_Early.B 7457.JPG,Potato___Early_blight,Early Blight,256,256,1.0,65536,20.08,158.01,156.85,136.07,46.97,49.65,59.88,150.31,53.43,11.55,9.8,-21.36,Diseased,Small,Bright,Red,150.31
37d5791e-19e8-4095-a1cd-36aede6d0802___RS_Early.B 7172.JPG,PlantVillage\Potato___Early_blight\37d5791e-19e8-4095-a1cd-36aede6d0802___RS_Early.B 7172.JPG,Potato___Early_blight,Early Blight,256,256,1.0,65536,18.61,123.41,133.32,101.96,49.46,51.13,59.21,119.56,55.01,5.77,20.64,-26.4,Diseased,Small,Moderate,Green,119.56
37d94308-8783-4657-9ca6-eaca86e1015a___RS_Early.B 7825.JPG,PlantVillage\Potato___Early_blight\37d94308-8783-4657-9ca6-eaca86e1015a___RS_Early.B 7825.JPG,Potato___Early_blight,Early Blight,256,256,1.0,65536,20.57,127.49,135.14,112.46,53.77,52.22,61.2,125.03,56.66,3.69,15.16,-18.85,Diseased,Small,Moderate,Green,125.03
37da60b5-9c33-4fe7-95d4-3a2db2a7702b___RS_Early.B 8359.JPG,PlantVillage\Potato___Early_blight\37da60b5-9c33-4fe7-95d4-3a2db2a7702b___RS_Early.B 8359.JPG,Potato___Early_blight,Early Blight,256,256,1.0,65536,19.02,141.7,146.84,110.32,44.47,42.33,54.01,132.95,49.89,13.13,20.83,-33.95,Diseased,Small,Moderate,Green,132.95
38757e70-6278-4961-b1f3-19fccbb085f5___RS_Early.B 6968.JPG,PlantVillage\Potato___Early_blight\38757e70-6278-4961-b1f3-19fccbb085f5___RS_Early.B 6968.JPG,Potato___Early_blight,Early Blight,256,256,1.0,65536,20.63,135.52,133.87,93.99,53.22,55.41,64.07,121.13,60.86,21.59,19.12,-40.71,Diseased,Small,Moderate,Red,121.13
38807f81-ce49-4978-916a-a6cd2a95bfb0___RS_Early.B 8397.JPG,PlantVillage\Potato___Early_blight\38807f81-ce49-4978-916a-a6cd2a95bfb0___RS_Early.B 8397.JPG,Potato___Early_blight,Early Blight,256,256,1.0,65536,18.35,132.85,136.5,114.01,47.6,42.87,55.72,127.78,50.0,7.6,13.07,-20.66,Diseased,Small,Moderate,Green,127.79
38a72c90-ed53-4432-b625-01c1f962f791___RS_Early.B 7302.JPG,PlantVillage\Potato___Early_blight\38a72c90-ed53-4432-b625-01c1f962f791___RS_Early.B 7302.JPG,Potato___Early_blight,Early Blight,256,256,1.0,65536,17.94,143.77,147.71,120.47,38.84,39.72,51.96,137.32,45.53,9.68,15.59,-25.27,Diseased,Small,Moderate,Green,137.32
38aa30f4-14d5-446f-80c3-ec60ce67ccc3___RS_Early.B 6789.JPG,PlantVillage\Potato___Early_blight\38aa30f4-14d5-446f-80c3-ec60ce67ccc3___RS_Early.B 6789.JPG,Potato___Early_blight,Early Blight,256,256,1.0,65536,21.16,139.62,144.48,104.05,48.72,51.75,60.25,129.38,56.73,15.35,22.64,-38.0,Diseased,Small,Moderate,Green,129.38
392c5f68-3ee5-4b61-90e9-afa16375beb8___RS_Early.B 8047.JPG,PlantVillage\Potato___Early_blight\392c5f68-3ee5-4b61-90e9-afa16375beb8___RS_Early.B 8047.JPG,Potato___Early_blight,Early Blight,256,256,1.0,65536,19.98,140.37,143.92,117.65,44.11,42.45,55.72,133.98,49.19,9.59,14.91,-24.49,Diseased,Small,Moderate,Green,133.98
3935d2ce-2d27-45ec-ab50-a53df9d30fa2___RS_Early.B 7437.JPG,PlantVillage\Potato___Early_blight\3935d2ce-2d27-45ec-ab50-a53df9d30fa2___RS_Early.B 7437.JPG,Potato___Early_blight,Early Blight,256,256,1.0,65536,17.56,148.9,155.76,116.95,48.73,51.28,56.31,140.54,54.87,12.55,22.83,-35.38,Diseased,Small,Moderate,Green,140.54
3a314933-9e92-4c90-acc2-656a04c591e7___RS_Early.B 8906.JPG,PlantVillage\Potato___Early_blight\3a314933-9e92-4c90-acc2-656a04c591e7___RS_Early.B 8906.JPG,Potato___Early_blight,Early Blight,256,256,1.0,65536,20.85,138.27,144.71,115.21,47.66,47.77,57.02,132.73,52.55,8.31,17.97,-26.28,Diseased,Small,Moderate,Green,132.73
3a8429cf-f8a7-4f64-a435-ec4f1ad692c7___RS_Early.B 8990.JPG,PlantVillage\Potato___Early_blight\3a8429cf-f8a7-4f64-a435-ec4f1ad692c7___RS_Early.B 8990.JPG,Potato___Early_blight,Early Blight,256,256,1.0,65536,18.96,128.8,135.51,103.02,38.52,39.48,52.13,122.44,46.0,9.53,19.6,-29.13,Diseased,Small,Moderate,Green,122.44
3a97c74a-3d6e-4cd9-86e0-10a8e716e7b5___RS_Early.B 8422.JPG,PlantVillage\Potato___Early_blight\3a97c74a-3d6e-4cd9-86e0-10a8e716e7b5___RS_Early.B 8422.JPG,Potato___Early_blight,Early Blight,256,256,1.0,65536,17.54,130.92,135.96,113.54,55.7,50.34,62.78,126.81,57.31,6.17,13.73,-19.9,Diseased,Small,Moderate,Green,126.81
3ab17a89-2e50-49c2-bb75-518369da98c1___RS_Early.B 8636.JPG,PlantVillage\Potato___Early_blight\3ab17a89-2e50-49c2-bb75-518369da98c1___RS_Early.B 8636.JPG,Potato___Early_blight,Early Blight,256,256,1.0,65536,17.77,151.71,156.99,124.3,48.72,42.0,62.16,144.33,53.59,11.06,18.98,-30.05,Diseased,Small,Moderate,Green,144.33
3ab92984-3126-4154-9bfd-f2c8c9fd670e___RS_Early.B 7440.JPG,PlantVillage\Potato___Early_blight\3ab92984-3126-4154-9bfd-f2c8c9fd670e___RS_Early.B 7440.JPG,Potato___Early_blight,Early Blight,256,256,1.0,65536,20.0,144.15,147.0,124.9,50.64,49.92,60.79,138.68,54.9,8.2,12.48,-20.67,Diseased,Small,Moderate,Green,138.68
3aea17a1-9413-4312-bcf2-e9aadb7371ab___RS_Early.B 8237.JPG,PlantVillage\Potato___Early_blight\3aea17a1-9413-4312-bcf2-e9aadb7371ab___RS_Early.B 8237.JPG,Potato___Early_blight,Early Blight,256,256,1.0,65536,21.73,147.76,152.53,110.72,44.06,45.07,59.59,137.01,53.45,16.14,23.29,-39.42,Diseased,Small,Moderate,Green,137.0
3b090cee-ba51-44c2-9cc6-4581db95070e___RS_Early.B 7789.JPG,PlantVillage\Potato___Early_blight\3b090cee-ba51-44c2-9cc6-4581db95070e___RS_Early.B 7789.JPG,Potato___Early_blight,Early Blight,256,256,1.0,65536,18.81,150.42,153.34,145.69,45.19,40.16,53.66,149.82,46.78,0.9,5.28,-6.19,Diseased,Small,Moderate,Green,149.82
3b1e3161-b02e-4aa0-a490-8a50c242d10e___RS_Early.B 8553.JPG,PlantVillage\Potato___Early_blight\3b1e3161-b02e-4aa0-a490-8a50c242d10e___RS_Early.B 8553.JPG,Potato___Early_blight,Early Blight,256,256,1.0,65536,16.2,139.24,142.45,111.67,45.39,42.14,56.62,131.12,50.38,12.18,16.99,-29.17,Diseased,Small,Moderate,Green,131.12
3bf3bb26-3cbd-46f2-a9ba-c86700edafcb___RS_Early.B 7599.JPG,PlantVillage\Potato___Early_blight\3bf3bb26-3cbd-46f2-a9ba-c86700edafcb___RS_Early.B 7599.JPG,Potato___Early_blight,Early Blight,256,256,1.0,65536,15.09,110.58,126.02,123.49,40.44,34.05,50.1,120.03,42.59,-14.17,8.99,5.19,Diseased,Small,Moderate,Green,120.03
3c3a9c2c-3387-4666-9f42-4d14142e9500___RS_Early.B 8499.JPG,PlantVillage\Potato___Early_blight\3c3a9c2c-3387-4666-9f42-4d14142e9500___RS_Early.B 8499.JPG,Potato___Early_blight,Early Blight,256,256,1.0,65536,19.53,137.0,141.05,105.61,45.65,44.65,56.52,127.89,51.72,13.67,19.74,-33.42,Diseased,Small,Moderate,Green,127.89
3d3c01e1-8cde-4c0f-9468-67dd287a2dc0___RS_Early.B 7761.JPG,PlantVillage\Potato___Early_blight\3d3c01e1-8cde-4c0f-9468-67dd287a2dc0___RS_Early.B 7761.JPG,Potato___Early_blight,Early Blight,256,256,1.0,65536,18.75,127.89,132.72,120.15,48.95,45.64,55.73,126.92,50.55,1.46,8.69,-10.15,Diseased,Small,Moderate,Green,126.92
3db185d7-7c05-42f9-b508-7a3883e50660___RS_Early.B 7011.JPG,PlantVillage\Potato___Early_blight\3db185d7-7c05-42f9-b508-7a3883e50660___RS_Early.B 7011.JPG,Potato___Early_blight,Early Blight,256,256,1.0,65536,21.42,134.42,145.11,125.25,48.04,47.67,54.61,134.93,50.86,-0.76,15.28,-14.52,Diseased,Small,Moderate,Green,134.93
3de47a70-4a74-462f-8b56-2088507be4ef___RS_Early.B 8832.JPG,PlantVillage\Potato___Early_blight\3de47a70-4a74-462f-8b56-2088507be4ef___RS_Early.B 8832.JPG,Potato___Early_blight,Early Blight,256,256,1.0,65536,19.29,115.35,114.18,85.13,50.35,50.8,53.08,104.89,53.29,15.7,13.94,-29.64,Diseased,Small,Moderate,Red,104.89
3e7543bc-4792-4b65-afd9-f9ccd52b7319___RS_Early.B 8571.JPG,PlantVillage\Potato___Early_blight\3e7543bc-4792-4b65-afd9-f9ccd52b7319___RS_Early.B 8571.JPG,Potato___Early_blight,Early Blight,256,256,1.0,65536,19.34,131.5,136.42,106.27,40.94,37.84,50.19,124.73,45.28,10.15,17.54,-27.69,Diseased,Small,Moderate,Green,124.73
3ebc2af4-fe74-4918-b46f-09ec268884ef___RS_Early.B 7856.JPG,PlantVillage\Potato___Early_blight\3ebc2af4-fe74-4918-b46f-09ec268884ef___RS_Early.B 7856.JPG,Potato___Early_blight,Early Blight,256,256,1.0,65536,21.5,125.01,127.72,107.13,55.48,54.66,61.4,119.95,57.98,7.58,11.65,-19.23,Diseased,Small,Moderate,Green,119.95
3ec5894d-dcc2-4276-ba28-0048b6d5605a___RS_Early.B 8027.JPG,PlantVillage\Potato___Early_blight\3ec5894d-dcc2-4276-ba28-0048b6d5605a___RS_Early.B 8027.JPG,Potato___Early_blight,Early Blight,256,256,1.0,65536,20.61,143.83,138.47,107.56,59.74,61.76,64.23,129.95,63.97,20.81,12.78,-33.59,Diseased,Small,Moderate,Red,129.95
3ef2279b-2fda-463a-b007-e2a93ff977f0___RS_Early.B 7235.JPG,PlantVillage\Potato___Early_blight\3ef2279b-2fda-463a-b007-e2a93ff977f0___RS_Early.B 7235.JPG,Potato___Early_blight,Early Blight,256,256,1.0,65536,17.27,134.62,141.97,116.03,47.63,48.86,57.71,130.87,52.74,5.62,16.65,-22.27,Diseased,Small,Moderate,Green,130.87
3fb9fd25-3f61-4983-8342-2abb34d1b010___RS_Early.B 7920.JPG,PlantVillage\Potato___Early_blight\3fb9fd25-3f61-4983-8342-2abb34d1b010___RS_Early.B 7920.JPG,Potato___Early_blight,Early Blight,256,256,1.0,65536,20.95,133.36,134.69,113.33,55.69,54.43,66.81,127.13,60.04,9.34,11.35,-20.69,Diseased,Small,Moderate,Green,127.13
4019e40b-0175-462a-b6bb-228cf42c1a65___RS_Early.B 8256.JPG,PlantVillage\Potato___Early_blight\4019e40b-0175-462a-b6bb-228cf42c1a65___RS_Early.B 8256.JPG,Potato___Early_blight,Early Blight,256,256,1.0,65536,20.31,141.68,137.74,118.57,54.08,55.06,63.03,132.66,58.41,13.52,7.61,-21.14,Diseased,Small,Moderate,Red,132.66
403aa255-393c-43b4-8f68-f68efbf4f5df___RS_Early.B 8544.JPG,PlantVillage\Potato___Early_blight\403aa255-393c-43b4-8f68-f68efbf4f5df___RS_Early.B 8544.JPG,Potato___Early_blight,Early Blight,256,256,1.0,65536,20.64,119.97,130.0,103.38,55.63,52.08,60.91,117.78,57.38,3.28,18.33,-21.61,Diseased,Small,Moderate,Green,117.78
40d1ccba-b047-4f89-b469-af79bc233524___RS_Early.B 7006.JPG,PlantVillage\Potato___Early_blight\40d1ccba-b047-4f89-b469-af79bc233524___RS_Early.B 7006.JPG,Potato___Early_blight,Early Blight,256,256,1.0,65536,18.74,133.75,139.08,124.7,52.36,50.76,62.62,132.51,55.81,1.85,9.86,-11.72,Diseased,Small,Moderate,Green,132.51
4138df1f-b8f7-429f-9e95-a627f6aba912___RS_Early.B 7667.JPG,PlantVillage\Potato___Early_blight\4138df1f-b8f7-429f-9e95-a627f6aba912___RS_Early.B 7667.JPG,Potato___Early_blight,Early Blight,256,256,1.0,65536,16.62,141.62,147.84,133.4,57.74,55.7,65.57,140.95,60.11,1.0,10.33,-11.33,Diseased,Small,Moderate,Green,140.95
419611a4-5597-43d6-ae92-c3c09bc549d7___RS_Early.B 7182.JPG,PlantVillage\Potato___Early_blight\419611a4-5597-43d6-ae92-c3c09bc549d7___RS_Early.B 7182.JPG,Potato___Early_blight,Early Blight,256,256,1.0,65536,17.37,145.56,153.26,138.11,40.33,36.84,50.9,145.64,43.55,-0.13,11.43,-11.29,Diseased,Small,Moderate,Green,145.64
41cc6e70-9745-413d-b13d-c4775bcdfa7c___RS_Early.B 7610.JPG,PlantVillage\Potato___Early_blight\41cc6e70-9745-413d-b13d-c4775bcdfa7c___RS_Early.B 7610.JPG,Potato___Early_blight,Early Blight,256,256,1.0,65536,16.23,111.75,126.08,120.74,37.52,31.89,44.16,119.52,38.64,-11.66,9.84,1.82,Diseased,Small,Moderate,Green,119.52
41e155c4-eccf-4166-83cb-f110b2312c48___RS_Early.B 6985.JPG,PlantVillage\Potato___Early_blight\41e155c4-eccf-4166-83cb-f110b2312c48___RS_Early.B 6985.JPG,Potato___Early_blight,Early Blight,256,256,1.0,65536,17.61,138.3,143.86,116.66,45.9,44.45,64.88,132.94,53.87,8.04,16.38,-24.42,Diseased,Small,Moderate,Green,132.94
41eccd84-6a67-4b04-ae69-59c1bcf17728___RS_Early.B 7964.JPG,PlantVillage\Potato___Early_blight\41eccd84-6a67-4b04-ae69-59c1bcf17728___RS_Early.B 7964.JPG,Potato___Early_blight,Early Blight,256,256,1.0,65536,18.57,150.89,149.72,110.21,47.13,49.06,62.28,136.94,56.51,20.92,19.17,-40.09,Diseased,Small,Moderate,Red,136.94
41f4502c-34aa-45a5-b593-7191f7a62f96___RS_Early.B 8774.JPG,PlantVillage\Potato___Early_blight\41f4502c-34aa-45a5-b593-7191f7a62f96___RS_Early.B 8774.JPG,Potato___Early_blight,Early Blight,256,256,1.0,65536,18.22,126.41,131.99,115.56,45.43,42.76,46.98,124.65,45.6,2.63,11.01,-13.64,Diseased,Small,Moderate,Green,124.65
42148e3c-34d6-484e-a4b8-8dc037667a4c___RS_Early.B 8235.JPG,PlantVillage\Potato___Early_blight\42148e3c-34d6-484e-a4b8-8dc037667a4c___RS_Early.B 8235.JPG,Potato___Early_blight,Early Blight,256,256,1.0,65536,19.42,132.89,137.03,102.81,57.57,58.51,64.22,124.24,62.08,12.97,19.18,-32.15,Diseased,Small,Moderate,Green,124.24
4217355a-471b-4045-9199-55003f2c9b99___RS_Early.B 7469.JPG,PlantVillage\Potato___Early_blight\4217355a-471b-4045-9199-55003f2c9b99___RS_Early.B 7469.JPG,Potato___Early_blight,Early Blight,256,256,1.0,65536,17.17,147.67,144.32,103.96,49.49,51.6,55.47,131.98,55.89,23.53,18.51,-42.04,Diseased,Small,Moderate,Red,131.98
422fa1a6-d0f7-4634-9233-0d002ff139ae___RS_Early.B 7218.JPG,PlantVillage\Potato___Early_blight\422fa1a6-d0f7-4634-9233-0d002ff139ae___RS_Early.B 7218.JPG,Potato___Early_blight,Early Blight,256,256,1.0,65536,17.61,134.07,142.93,119.2,50.44,49.63,59.61,132.07,54.31,3.01,16.3,-19.3,Diseased,Small,Moderate,Green,132.07
425e5f26-56b0-404d-b537-dc3353ecee09___RS_Early.B 7058.JPG,PlantVillage\Potato___Early_blight\425e5f26-56b0-404d-b537-dc3353ecee09___RS_Early.B 7058.JPG,Potato___Early_blight,Early Blight,256,256,1.0,65536,17.41,127.51,137.4,103.61,42.35,44.09,52.97,122.84,48.81,7.0,21.84,-28.85,Diseased,Small,Moderate,Green,122.84
426aeefb-981d-4436-9f92-0fe230bb65fe___RS_Early.B 6977.JPG,PlantVillage\Potato___Early_blight\426aeefb-981d-4436-9f92-0fe230bb65fe___RS_Early.B 6977.JPG,Potato___Early_blight,Early Blight,256,256,1.0,65536,19.81,135.76,131.37,108.56,53.79,55.9,62.42,125.23,58.71,15.8,9.21,-25.01,Diseased,Small,Moderate,Red,125.23
432f1b02-9493-4cf1-8ef7-a40f817e43ff___RS_Early.B 8497.JPG,PlantVillage\Potato___Early_blight\432f1b02-9493-4cf1-8ef7-a40f817e43ff___RS_Early.B 8497.JPG,Potato___Early_blight,Early Blight,256,256,1.0,65536,19.63,126.1,132.04,105.02,49.28,41.07,57.49,121.05,51.07,7.57,16.48,-24.06,Diseased,Small,Moderate,Green,121.05
434ccb1f-7a21-47f4-96b5-3e87bf5fe2a2___RS_Early.B 6760.JPG,PlantVillage\Potato___Early_blight\434ccb1f-7a21-47f4-96b5-3e87bf5fe2a2___RS_Early.B 6760.JPG,Potato___Early_blight,Early Blight,256,256,1.0,65536,20.78,149.16,155.12,129.43,44.18,45.42,55.01,144.57,49.67,6.89,15.82,-22.71,Diseased,Small,Moderate,Green,144.57
438176fc-2e4a-45d1-9014-3eb2391c5832___RS_Early.B 8147.JPG,PlantVillage\Potato___Early_blight\438176fc-2e4a-45d1-9014-3eb2391c5832___RS_Early.B 8147.JPG,Potato___Early_blight,Early Blight,256,256,1.0,65536,19.55,146.37,153.1,123.25,42.25,40.9,53.17,140.9,47.52,8.19,18.29,-26.48,Diseased,Small,Moderate,Green,140.91
43af6366-6c6a-408c-a10d-a4bad9428a19___RS_Early.B 7595.JPG,PlantVillage\Potato___Early_blight\43af6366-6c6a-408c-a10d-a4bad9428a19___RS_Early.B 7595.JPG,Potato___Early_blight,Early Blight,256,256,1.0,65536,16.03,100.2,114.45,110.3,36.33,32.3,42.73,108.32,37.84,-12.17,9.2,2.98,Diseased,Small,Moderate,Green,108.32
43ddad18-d70a-49d3-97d6-9a5f82ddeecd___RS_Early.B 9069.JPG,PlantVillage\Potato___Early_blight\43ddad18-d70a-49d3-97d6-9a5f82ddeecd___RS_Early.B 9069.JPG,Potato___Early_blight,Early Blight,256,256,1.0,65536,19.38,124.91,127.86,106.93,43.87,43.91,52.61,119.9,47.88,7.51,11.94,-19.45,Diseased,Small,Moderate,Green,119.9
450b4a32-39ae-4daa-aeb6-87559afb0b42___RS_Early.B 9202.JPG,PlantVillage\Potato___Early_blight\450b4a32-39ae-4daa-aeb6-87559afb0b42___RS_Early.B 9202.JPG,Potato___Early_blight,Early Blight,256,256,1.0,65536,19.04,141.2,144.41,117.24,43.51,44.95,58.51,134.28,50.92,10.37,15.2,-25.57,Diseased,Small,Moderate,Green,134.28
454203b9-0376-4db3-92ed-047545daa7c6___RS_Early.B 6953.JPG,PlantVillage\Potato___Early_blight\454203b9-0376-4db3-92ed-047545daa7c6___RS_Early.B 6953.JPG,Potato___Early_blight,Early Blight,256,256,1.0,65536,20.71,151.56,146.34,107.63,47.43,48.42,57.5,135.18,54.93,24.58,16.74,-41.32,Diseased,Small,Moderate,Red,135.18
45ecd7ac-7db9-49bf-b34d-ccd2e83123b0___RS_Early.B 6883.JPG,PlantVillage\Potato___Early_blight\45ecd7ac-7db9-49bf-b34d-ccd2e83123b0___RS_Early.B 6883.JPG,Potato___Early_blight,Early Blight,256,256,1.0,65536,19.52,135.67,148.26,129.34,49.0,48.09,56.93,137.76,52.09,-3.13,15.75,-12.62,Diseased,Small,Moderate,Green,137.76
467991cb-4b55-4b00-9b18-7ff5efdd7adf___RS_Early.B 7290.JPG,PlantVillage\Potato___Early_blight\467991cb-4b55-4b00-9b18-7ff5efdd7adf___RS_Early.B 7290.JPG,Potato___Early_blight,Early Blight,256,256,1.0,65536,20.71,137.53,146.95,121.82,45.83,43.17,55.59,135.43,49.59,3.15,17.28,-20.43,Diseased,Small,Moderate,Green,135.43
46819687-0705-4628-8748-9cb356587f30___RS_Early.B 8421.JPG,PlantVillage\Potato___Early_blight\46819687-0705-4628-8748-9cb356587f30___RS_Early.B 8421.JPG,Potato___Early_blight,Early Blight,256,256,1.0,65536,17.32,146.78,150.02,116.86,44.06,39.49,58.93,137.89,50.47,13.34,18.2,-31.54,Diseased,Small,Moderate,Green,137.89
4699d1d8-f931-4b1c-8fd4-03a58350a86d___RS_Early.B 8972.JPG,PlantVillage\Potato___Early_blight\4699d1d8-f931-4b1c-8fd4-03a58350a86d___RS_Early.B 8972.JPG,Potato___Early_blight,Early Blight,256,256,1.0,65536,19.62,149.3,145.6,109.86,48.94,51.96,63.78,134.92,58.06,21.57,16.02,-37.59,Diseased,Small,Moderate,Red,134.92
46dc77f0-be88-4887-b1f7-82adff9aaa39___RS_Early.B 7750.JPG,PlantVillage\Potato___Early_blight\46dc77f0-be88-4887-b1f7-82adff9aaa39___RS_Early.B 7750.JPG,Potato___Early_blight,Early Blight,256,256,1.0,65536,19.44,141.61,150.88,130.29,55.0,52.52,60.27,140.93,56.65,1.02,14.94,-15.96,Diseased,Small,Moderate,Green,140.93
4722a31c-987f-4fac-afa1-37479556a056___RS_Early.B 6810.JPG,PlantVillage\Potato___Early_blight\4722a31c-987f-4fac-afa1-37479556a056___RS_Early.B 6810.JPG,Potato___Early_blight,Early Blight,256,256,1.0,65536,20.16,147.82,145.97,113.42,46.64,47.11,57.74,135.74,53.16,18.12,15.35,-33.47,Diseased,Small,Moderate,Red,135.74
477c3ef0-ab1e-44fb-852d-6b3ce74c93a2___RS_Early.B 7257.JPG,PlantVillage\Potato___Early_blight\477c3ef0-ab1e-44fb-852d-6b3ce74c93a2___RS_Early.B 7257.JPG,Potato___Early_blight,Early Blight,256,256,1.0,65536,19.25,137.07,140.66,110.61,45.48,48.89,52.71,129.45,50.91,11.44,16.82,-28.26,Diseased,Small,Moderate,Green,129.45
4849de96-2e26-4c8d-8944-bd9e8edee5d8___RS_Early.B 9196.JPG,PlantVillage\Potato___Early_blight\4849de96-2e26-4c8d-8944-bd9e8edee5d8___RS_Early.B 9196.JPG,Potato___Early_blight,Early Blight,256,256,1.0,65536,21.15,141.11,146.56,108.73,39.43,41.06,54.51,132.13,48.47,13.47,21.63,-35.1,Diseased,Small,Moderate,Green,132.13
4857420e-b28e-4bb5-aa03-5e333cf27af0___RS_Early.B 6847.JPG,PlantVillage\Potato___Early_blight\4857420e-b28e-4bb5-aa03-5e333cf27af0___RS_Early.B 6847.JPG,Potato___Early_blight,Early Blight,256,256,1.0,65536,23.59,131.58,143.72,120.52,51.06,50.6,59.17,131.94,54.58,-0.53,17.66,-17.13,Diseased,Small,Moderate,Green,131.94
48ed1384-b3c5-464d-bdc8-97b347d89a58___RS_Early.B 6744.JPG,PlantVillage\Potato___Early_blight\48ed1384-b3c5-464d-bdc8-97b347d89a58___RS_Early.B 6744.JPG,Potato___Early_blight,Early Blight,256,256,1.0,65536,21.29,136.04,143.44,124.85,53.18,52.79,66.22,134.78,58.24,1.9,12.99,-14.89,Diseased,Small,Moderate,Green,134.78
495e73a1-0f61-43a6-b539-d7f74e3fbf71___RS_Early.B 8245.JPG,PlantVillage\Potato___Early_blight\495e73a1-0f61-43a6-b539-d7f74e3fbf71___RS_Early.B 8245.JPG,Potato___Early_blight,Early Blight,256,256,1.0,65536,20.28,136.46,140.02,118.1,51.91,49.01,61.96,131.53,55.42,7.4,12.74,-20.14,Diseased,Small,Moderate,Green,131.53
49b24f9e-12d4-4f32-8bc8-482d66514a17___RS_Early.B 8037.JPG,PlantVillage\Potato___Early_blight\49b24f9e-12d4-4f32-8bc8-482d66514a17___RS_Early.B 8037.JPG,Potato___Early_blight,Early Blight,256,256,1.0,65536,20.38,132.6,135.4,111.21,53.58,53.31,61.59,126.4,57.32,9.3,13.49,-22.79,Diseased,Small,Moderate,Green,126.4
49ecf1fe-0000-49e8-a042-fb6c9bac38c9___RS_Early.B 8940.JPG,PlantVillage\Potato___Early_blight\49ecf1fe-0000-49e8-a042-fb6c9bac38c9___RS_Early.B 8940.JPG,Potato___Early_blight,Early Blight,256,256,1.0,65536,19.33,130.51,124.72,106.95,52.96,53.9,59.26,120.73,56.34,14.67,5.99,-20.66,Diseased,Small,Moderate,Red,120.73
49f13f57-6881-4caa-839b-d93215ce1b77___RS_Early.B 7009.JPG,PlantVillage\Potato___Early_blight\49f13f57-6881-4caa-839b-d93215ce1b77___RS_Early.B 7009.JPG,Potato___Early_blight,Early Blight,256,256,1.0,65536,18.89,146.6,152.27,144.03,42.63,38.16,52.85,147.63,45.1,-1.55,6.95,-5.4,Diseased,Small,Moderate,Green,147.63
4a06db68-bed1-4ae6-80ba-e9df70fa6f7b___RS_Early.B 8657.JPG,PlantVillage\Potato___Early_blight\4a06db68-bed1-4ae6-80ba-e9df70fa6f7b___RS_Early.B 8657.JPG,Potato___Early_blight,Early Blight,256,256,1.0,65536,15.83,141.41,145.71,117.43,47.97,42.3,57.41,134.85,51.16,9.83,16.29,-26.13,Diseased,Small,Moderate,Green,134.85
4a35b485-4f57-471a-a2cc-d5d7ebd41c40___RS_Early.B 7651.JPG,PlantVillage\Potato___Early_blight\4a35b485-4f57-471a-a2cc-d5d7ebd41c40___RS_Early.B 7651.JPG,Potato___Early_blight,Early Blight,256,256,1.0,65536,19.33,133.45,136.91,116.85,41.7,41.26,52.7,129.07,46.36,6.57,11.76,-18.33,Diseased,Small,Moderate,Green,129.07
4a4847c4-c393-4772-8035-e39b472e179b___RS_Early.B 7167.JPG,PlantVillage\Potato___Early_blight\4a4847c4-c393-4772-8035-e39b472e179b___RS_Early.B 7167.JPG,Potato___Early_blight,Early Blight,256,256,1.0,65536,16.88,144.12,150.94,122.71,43.3,42.99,57.5,139.25,49.88,7.3,17.52,-24.82,Diseased,Small,Moderate,Green,139.26
4a7c680d-9c18-4065-a6e0-70cd2d0a3207___RS_Early.B 8107.JPG,PlantVillage\Potato___Early_blight\4a7c680d-9c18-4065-a6e0-70cd2d0a3207___RS_Early.B 8107.JPG,Potato___Early_blight,Early Blight,256,256,1.0,65536,19.98,128.91,127.28,109.32,57.0,58.74,66.24,121.84,61.44,10.61,8.16,-18.77,Diseased,Small,Moderate,Red,121.84
4ab9d59b-57ee-4e22-a6bb-d8152710fd28___RS_Early.B 6857.JPG,PlantVillage\Potato___Early_blight\4ab9d59b-57ee-4e22-a6bb-d8152710fd28___RS_Early.B 6857.JPG,Potato___Early_blight,Early Blight,256,256,1.0,65536,23.37,128.64,142.07,119.94,50.78,48.66,60.08,130.22,54.17,-2.36,17.78,-15.41,Diseased,Small,Moderate,Green,130.22
4af8e9e9-077d-4c7b-859d-626f74d3b1ff___RS_Early.B 7738.JPG,PlantVillage\Potato___Early_blight\4af8e9e9-077d-4c7b-859d-626f74d3b1ff___RS_Early.B 7738.JPG,Potato___Early_blight,Early Blight,256,256,1.0,65536,20.27,126.77,134.38,109.68,49.44,48.13,57.52,123.61,52.88,4.74,16.16,-20.89,Diseased,Small,Moderate,Green,123.61
4b484f0f-82dc-45d1-a5b6-72c8a6a96323___RS_Early.B 7262.JPG,PlantVillage\Potato___Early_blight\4b484f0f-82dc-45d1-a5b6-72c8a6a96323___RS_Early.B 7262.JPG,Potato___Early_blight,Early Blight,256,256,1.0,65536,18.79,146.98,150.04,120.14,46.24,46.62,61.59,139.06,53.68,11.89,16.48,-28.37,Diseased,Small,Moderate,Green,139.05
4b7b3611-d9b9-40c8-b0f5-d730fcd76679___RS_Early.B 6937.JPG,PlantVillage\Potato___Early_blight\4b7b3611-d9b9-40c8-b0f5-d730fcd76679___RS_Early.B 6937.JPG,Potato___Early_blight,Early Blight,256,256,1.0,65536,20.19,133.18,139.12,121.59,45.79,45.12,55.69,131.3,49.64,2.83,11.74,-14.57,Diseased,Small,Moderate,Green,131.3
4b925312-1973-41cf-afdf-9090d02dd539___RS_Early.B 7913.JPG,PlantVillage\Potato___Early_blight\4b925312-1973-41cf-afdf-9090d02dd539___RS_Early.B 7913.JPG,Potato___Early_blight,Early Blight,256,256,1.0,65536,21.74,130.71,135.07,104.96,46.59,46.22,57.01,123.58,51.92,10.7,17.23,-27.93,Diseased,Small,Moderate,Green,123.58
4bac4925-72ff-43e7-8726-5e2126c6c30d___RS_Early.B 8206.JPG,PlantVillage\Potato___Early_blight\4bac4925-72ff-43e7-8726-5e2126c6c30d___RS_Early.B 8206.JPG,Potato___Early_blight,Early Blight,256,256,1.0,65536,18.81,110.02,115.66,91.9,49.5,48.47,57.21,105.86,52.86,6.24,14.7,-20.94,Diseased,Small,Moderate,Green,105.86
4bba904e-b4af-4a81-8252-b8d997bc5057___RS_Early.B 7695.JPG,PlantVillage\Potato___Early_blight\4bba904e-b4af-4a81-8252-b8d997bc5057___RS_Early.B 7695.JPG,Potato___Early_blight,Early Blight,256,256,1.0,65536,19.04,129.75,130.1,119.93,47.81,46.64,58.82,126.59,51.6,4.73,5.26,-9.99,Diseased,Small,Moderate,Green,126.59
4be99b40-e269-4c69-8c90-ac75514650af___RS_Early.B 6830.JPG,PlantVillage\Potato___Early_blight\4be99b40-e269-4c69-8c90-ac75514650af___RS_Early.B 6830.JPG,Potato___Early_blight,Early Blight,256,256,1.0,65536,24.61,128.83,141.78,114.15,48.91,47.41,58.37,128.25,53.01,0.87,20.28,-21.15,Diseased,Small,Moderate,Green,128.25
4c246dbf-ad6c-4563-ad59-d5ea84453817___RS_Early.B 7662.JPG,PlantVillage\Potato___Early_blight\4c246dbf-ad6c-4563-ad59-d5ea84453817___RS_Early.B 7662.JPG,Potato___Early_blight,Early Blight,256,256,1.0,65536,18.73,139.42,148.66,127.23,54.08,52.04,63.49,138.43,57.43,1.47,15.34,-16.81,Diseased,Small,Moderate,Green,138.44
4c7622da-663c-48df-8005-355fff221fe1___RS_Early.B 8432.JPG,PlantVillage\Potato___Early_blight\4c7622da-663c-48df-8005-355fff221fe1___RS_Early.B 8432.JPG,Potato___Early_blight,Early Blight,256,256,1.0,65536,20.07,136.6,144.77,115.51,56.24,51.13,65.98,132.29,59.4,6.47,18.71,-25.18,Diseased,Small,Moderate,Green,132.29
4c8df1cf-82bb-49eb-894c-8a516fbd1d74___RS_Early.B 6753.JPG,PlantVillage\Potato___Early_blight\4c8df1cf-82bb-49eb-894c-8a516fbd1d74___RS_Early.B 6753.JPG,Potato___Early_blight,Early Blight,256,256,1.0,65536,23.99,142.15,152.22,130.17,46.47,48.17,54.52,141.51,50.65,0.96,16.06,-17.02,Diseased,Small,Moderate,Green,141.51
4d1d5d85-e67d-4007-bceb-9b577f49065b___RS_Early.B 8885.JPG,PlantVillage\Potato___Early_blight\4d1d5d85-e67d-4007-bceb-9b577f49065b___RS_Early.B 8885.JPG,Potato___Early_blight,Early Blight,256,256,1.0,65536,18.29,142.48,140.95,105.61,42.17,41.36,57.36,129.68,50.5,19.2,16.9,-36.11,Diseased,Small,Moderate,Red,129.68
4d5d6c62-61d8-45a3-aada-3ee8bc44e1d5___RS_Early.B 6685.JPG,PlantVillage\Potato___Early_blight\4d5d6c62-61d8-45a3-aada-3ee8bc44e1d5___RS_Early.B 6685.JPG,Potato___Early_blight,Early Blight,256,256,1.0,65536,20.33,155.77,151.8,114.19,46.99,47.8,53.18,140.59,52.83,22.77,16.83,-39.6,Diseased,Small,Moderate,Red,140.59
4d943ff8-e048-43c6-8861-4cdc6adab6a0___RS_Early.B 8726.JPG,PlantVillage\Potato___Early_blight\4d943ff8-e048-43c6-8861-4cdc6adab6a0___RS_Early.B 8726.JPG,Potato___Early_blight,Early Blight,256,256,1.0,65536,16.1,88.51,107.5,107.53,39.72,38.62,46.07,101.18,42.55,-19.01,9.48,9.53,Diseased,Small,Moderate,Blue,101.18
4da46a9d-7709-4528-acc3-a7be6ace3714___RS_Early.B 7187.JPG,PlantVillage\Potato___Early_blight\4da46a9d-7709-4528-acc3-a7be6ace3714___RS_Early.B 7187.JPG,Potato___Early_blight,Early Blight,256,256,1.0,65536,19.84,137.61,148.43,129.11,47.8,46.68,57.52,138.38,51.51,-1.16,15.07,-13.91,Diseased,Small,Moderate,Green,138.38
4ddd0823-ecf4-4a0b-81d5-9844705e5694___RS_Early.B 8936.JPG,PlantVillage\Potato___Early_blight\4ddd0823-ecf4-4a0b-81d5-9844705e5694___RS_Early.B 8936.JPG,Potato___Early_blight,Early Blight,256,256,1.0,65536,22.34,134.97,126.9,105.57,45.81,47.18,56.04,122.48,51.4,18.73,6.63,-25.36,Diseased,Small,Moderate,Red,122.48
4e40c113-4ab2-4a71-9ecc-5ceb67905190___RS_Early.B 7446.JPG,PlantVillage\Potato___Early_blight\4e40c113-4ab2-4a71-9ecc-5ceb67905190___RS_Early.B 7446.JPG,Potato___Early_blight,Early Blight,256,256,1.0,65536,20.48,140.71,145.12,120.15,56.41,58.11,65.04,135.32,60.95,8.07,14.69,-22.77,Diseased,Small,Moderate,Green,135.33
4e478f6a-b8cf-425f-85e8-d80d6aaab8e1___RS_Early.B 9026.JPG,PlantVillage\Potato___Early_blight\4e478f6a-b8cf-425f-85e8-d80d6aaab8e1___RS_Early.B 9026.JPG,Potato___Early_blight,Early Blight,256,256,1.0,65536,19.6,146.05,145.21,102.28,37.99,40.5,46.47,131.18,46.53,22.31,21.05,-43.35,Diseased,Small,Moderate,Red,131.18
4e7faad5-4f3c-432a-8a71-bbe198aece77___RS_Early.B 7354.JPG,PlantVillage\Potato___Early_blight\4e7faad5-4f3c-432a-8a71-bbe198aece77___RS_Early.B 7354.JPG,Potato___Early_blight,Early Blight,256,256,1.0,65536,19.26,143.2,151.77,137.21,45.91,42.27,55.8,144.06,48.7,-1.29,11.57,-10.28,Diseased,Small,Moderate,Green,144.06
4eacc117-bab5-40ff-bde0-dbc6b2a35822___RS_Early.B 7999.JPG,PlantVillage\Potato___Early_blight\4eacc117-bab5-40ff-bde0-dbc6b2a35822___RS_Early.B 7999.JPG,Potato___Early_blight,Early Blight,256,256,1.0,65536,18.94,122.91,132.4,112.87,53.77,50.9,59.14,122.73,55.29,0.27,14.52,-14.79,Diseased,Small,Moderate,Green,122.73
4eb1fee6-e288-4c32-841d-9fc1d1824508___RS_Early.B 8446.JPG,PlantVillage\Potato___Early_blight\4eb1fee6-e288-4c32-841d-9fc1d1824508___RS_Early.B 8446.JPG,Potato___Early_blight,Early Blight,256,256,1.0,65536,20.38,130.89,135.19,106.08,40.33,36.7,51.19,124.05,45.05,10.25,16.7,-26.96,Diseased,Small,Moderate,Green,124.05
4efd8455-c6ef-4e25-abad-d4d273f84c28___RS_Early.B 8128.JPG,PlantVillage\Potato___Early_blight\4efd8455-c6ef-4e25-abad-d4d273f84c28___RS_Early.B 8128.JPG,Potato___Early_blight,Early Blight,256,256,1.0,65536,19.38,151.78,160.09,121.96,41.55,41.53,53.81,144.61,48.82,10.76,23.22,-33.98,Diseased,Small,Moderate,Green,144.61
4f12ef84-6c6e-43d6-b6f1-3a8b0278b3a6___RS_Early.B 8101.JPG,PlantVillage\Potato___Early_blight\4f12ef84-6c6e-43d6-b6f1-3a8b0278b3a6___RS_Early.B 8101.JPG,Potato___Early_blight,Early Blight,256,256,1.0,65536,19.89,129.69,128.39,106.65,51.38,51.52,61.96,121.58,56.18,12.17,10.22,-22.39,Diseased,Small,Moderate,Red,121.58
4f20f0e5-b870-414c-99a0-136575a61ce5___RS_Early.B 6724.JPG,PlantVillage\Potato___Early_blight\4f20f0e5-b870-414c-99a0-136575a61ce5___RS_Early.B 6724.JPG,Potato___Early_blight,Early Blight,256,256,1.0,65536,20.17,160.99,169.12,132.32,38.07,40.3,44.66,154.14,44.03,10.27,22.47,-32.74,Diseased,Small,Bright,Green,154.14
4f5ed8b8-7266-451d-a726-c1dbba2e5381___RS_Early.B 7384.JPG,PlantVillage\Potato___Early_blight\4f5ed8b8-7266-451d-a726-c1dbba2e5381___RS_Early.B 7384.JPG,Potato___Early_blight,Early Blight,256,256,1.0,65536,18.71,130.84,142.25,123.31,55.6,52.22,62.55,132.13,57.48,-1.94,15.17,-13.23,Diseased,Small,Moderate,Green,132.13
4f71ba26-6612-427b-8dc0-4d8cc909f1fa___RS_Early.B 7122.JPG,PlantVillage\Potato___Early_blight\4f71ba26-6612-427b-8dc0-4d8cc909f1fa___RS_Early.B 7122.JPG,Potato___Early_blight,Early Blight,256,256,1.0,65536,18.89,135.58,143.01,122.32,48.48,44.17,64.07,133.63,53.62,2.91,14.06,-16.97,Diseased,Small,Moderate,Green,133.64
510146c8-7368-4acc-847d-523f55b3d424___RS_Early.B 6678.JPG,PlantVillage\Potato___Early_blight\510146c8-7368-4acc-847d-523f55b3d424___RS_Early.B 6678.JPG,Potato___Early_blight,Early Blight,256,256,1.0,65536,20.07,162.99,162.28,135.42,43.21,44.09,53.67,153.57,48.94,14.14,13.08,-27.22,Diseased,Small,Bright,Red,153.56
519e17be-a518-410a-ad3e-153d07fc3563___RS_Early.B 7711.JPG,PlantVillage\Potato___Early_blight\519e17be-a518-410a-ad3e-153d07fc3563___RS_Early.B 7711.JPG,Potato___Early_blight,Early Blight,256,256,1.0,65536,21.56,144.75,148.65,126.18,49.74,50.38,58.69,139.86,53.99,7.33,13.19,-20.52,Diseased,Small,Moderate,Green,139.86
51ab2ec9-d90b-47f3-8e4a-fdceeceb033b___RS_Early.B 7859.JPG,PlantVillage\Potato___Early_blight\51ab2ec9-d90b-47f3-8e4a-fdceeceb033b___RS_Early.B 7859.JPG,Potato___Early_blight,Early Blight,256,256,1.0,65536,20.9,128.68,132.44,109.59,52.26,51.02,59.19,123.57,55.19,7.67,13.31,-20.97,Diseased,Small,Moderate,Green,123.57
51bc94fe-ba23-4776-a9ec-727e55015acb___RS_Early.B 8267.JPG,PlantVillage\Potato___Early_blight\51bc94fe-ba23-4776-a9ec-727e55015acb___RS_Early.B 8267.JPG,Potato___Early_blight,Early Blight,256,256,1.0,65536,22.96,148.16,144.4,113.18,50.99,53.25,60.8,135.24,57.36,19.37,13.73,-33.09,Diseased,Small,Moderate,Red,135.25
51d521bb-5800-4f46-8fd0-f6cb09f37989___RS_Early.B 7572.JPG,PlantVillage\Potato___Early_blight\51d521bb-5800-4f46-8fd0-f6cb09f37989___RS_Early.B 7572.JPG,Potato___Early_blight,Early Blight,256,256,1.0,65536,19.13,118.09,119.44,81.74,37.18,39.15,49.93,106.42,45.91,17.49,19.53,-37.03,Diseased,Small,Moderate,Green,106.42
51e028c1-7aec-46e9-a389-391bc38b46f3___RS_Early.B 8505.JPG,PlantVillage\Potato___Early_blight\51e028c1-7aec-46e9-a389-391bc38b46f3___RS_Early.B 8505.JPG,Potato___Early_blight,Early Blight,256,256,1.0,65536,16.77,140.22,143.49,112.51,50.82,48.23,63.33,132.07,56.27,12.22,17.12,-29.34,Diseased,Small,Moderate,Green,132.07
51f13c93-c8b6-4542-a81b-cb1a2e83f179___RS_Early.B 7684.JPG,PlantVillage\Potato___Early_blight\51f13c93-c8b6-4542-a81b-cb1a2e83f179___RS_Early.B 7684.JPG,Potato___Early_blight,Early Blight,256,256,1.0,65536,18.85,145.43,148.78,137.64,43.04,40.0,53.7,143.95,46.19,2.22,7.25,-9.47,Diseased,Small,Moderate,Green,143.95
51f59871-72dc-490c-a550-9e7869142284___RS_Early.B 7224.JPG,PlantVillage\Potato___Early_blight\51f59871-72dc-490c-a550-9e7869142284___RS_Early.B 7224.JPG,Potato___Early_blight,Early Blight,256,256,1.0,65536,18.0,148.71,160.61,135.15,37.36,34.79,50.38,148.16,42.7,0.83,18.68,-19.51,Diseased,Small,Moderate,Green,148.16
520475a1-5acf-433f-a306-cff6ec1a99ef___RS_Early.B 9159.JPG,PlantVillage\Potato___Early_blight\520475a1-5acf-433f-a306-cff6ec1a99ef___RS_Early.B 9159.JPG,Potato___Early_blight,Early Blight,256,256,1.0,65536,20.52,97.37,104.67,83.46,43.36,43.2,50.36,95.17,46.6,3.31,14.25,-17.56,Diseased,Small,Dark,Green,95.17
524142aa-78fb-4fab-895c-ddb993d07479___RS_Early.B 7435.JPG,PlantVillage\Potato___Early_blight\524142aa-78fb-4fab-895c-ddb993d07479___RS_Early.B 7435.JPG,Potato___Early_blight,Early Blight,256,256,1.0,65536,18.79,149.64,155.11,116.85,39.28,40.74,52.4,140.53,47.62,13.66,21.86,-35.53,Diseased,Small,Moderate,Green,140.53
52fb5725-33cf-4076-9abc-93311d027da2___RS_Early.B 8415.JPG,PlantVillage\Potato___Early_blight\52fb5725-33cf-4076-9abc-93311d027da2___RS_Early.B 8415.JPG,Potato___Early_blight,Early Blight,256,256,1.0,65536,18.39,129.85,131.72,101.3,44.09,42.23,52.98,120.96,48.7,13.34,16.14,-29.48,Diseased,Small,Moderate,Green,120.96
53257270-67b3-4408-aaec-abbd9f5f19f0___RS_Early.B 7212.JPG,PlantVillage\Potato___Early_blight\53257270-67b3-4408-aaec-abbd9f5f19f0___RS_Early.B 7212.JPG,Potato___Early_blight,Early Blight,256,256,1.0,65536,18.08,138.61,148.68,121.77,45.4,43.34,56.2,136.35,49.89,3.39,18.49,-21.88,Diseased,Small,Moderate,Green,136.35
53de9716-fcc5-4241-9e8d-21792a5cf226___RS_Early.B 9014.JPG,PlantVillage\Potato___Early_blight\53de9716-fcc5-4241-9e8d-21792a5cf226___RS_Early.B 9014.JPG,Potato___Early_blight,Early Blight,256,256,1.0,65536,21.81,153.95,153.29,115.25,35.84,39.27,45.63,140.83,44.31,19.68,18.69,-38.37,Diseased,Small,Moderate,Red,140.83
53e30623-2023-4bbf-b904-ba39426f8628___RS_Early.B 7613.JPG,PlantVillage\Potato___Early_blight\53e30623-2023-4bbf-b904-ba39426f8628___RS_Early.B 7613.JPG,Potato___Early_blight,Early Blight,256,256,1.0,65536,16.15,109.8,127.63,128.47,37.85,32.45,45.6,121.97,39.95,-18.25,8.49,9.76,Diseased,Small,Moderate,Blue,121.97
541b768f-ec74-4f60-8e5a-778a5eb359da___RS_Early.B 8647.JPG,PlantVillage\Potato___Early_blight\541b768f-ec74-4f60-8e5a-778a5eb359da___RS_Early.B 8647.JPG,Potato___Early_blight,Early Blight,256,256,1.0,65536,21.87,141.22,147.84,113.27,40.3,35.33,51.32,134.11,45.39,10.67,20.6,-31.26,Diseased,Small,Moderate,Green,134.11
541f3dc9-a330-4caf-97f3-88bec1b60c53___RS_Early.B 7767.JPG,PlantVillage\Potato___Early_blight\541f3dc9-a330-4caf-97f3-88bec1b60c53___RS_Early.B 7767.JPG,Potato___Early_blight,Early Blight,256,256,1.0,65536,17.14,153.86,150.38,127.7,37.77,39.69,55.88,143.98,46.65,14.82,9.6,-24.41,Diseased,Small,Moderate,Red,143.98
54260e42-8e3f-44c2-b252-c784391ce639___RS_Early.B 7508.JPG,PlantVillage\Potato___Early_blight\54260e42-8e3f-44c2-b252-c784391ce639___RS_Early.B 7508.JPG,Potato___Early_blight,Early Blight,256,256,1.0,65536,14.49,152.18,152.6,113.64,52.32,53.93,61.91,139.47,59.11,19.06,19.7,-38.76,Diseased,Small,Moderate,Green,139.47
544b5324-f697-4af8-90d4-47b7b86691c6___RS_Early.B 7028.JPG,PlantVillage\Potato___Early_blight\544b5324-f697-4af8-90d4-47b7b86691c6___RS_Early.B 7028.JPG,Potato___Early_blight,Early Blight,256,256,1.0,65536,20.54,131.69,138.72,119.47,51.31,49.78,60.53,129.96,54.67,2.59,13.14,-15.73,Diseased,Small,Moderate,Green,129.96
54a0c5b4-7df1-46c8-95f7-85ffb6a47939___RS_Early.B 8174.JPG,PlantVillage\Potato___Early_blight\54a0c5b4-7df1-46c8-95f7-85ffb6a47939___RS_Early.B 8174.JPG,Potato___Early_blight,Early Blight,256,256,1.0,65536,21.18,145.0,147.87,122.69,55.3,55.31,64.11,138.52,59.46,9.71,14.03,-23.74,Diseased,Small,Moderate,Green,138.52
54eebf69-9501-4f9e-b923-1ef61f31d93c___RS_Early.B 7098.JPG,PlantVillage\Potato___Early_blight\54eebf69-9501-4f9e-b923-1ef61f31d93c___RS_Early.B 7098.JPG,Potato___Early_blight,Early Blight,256,256,1.0,65536,20.19,125.46,138.32,112.55,47.11,43.83,57.6,125.44,50.96,0.03,19.31,-19.34,Diseased,Small,Moderate,Green,125.44
5585ecfc-6e6e-4544-8e6d-180d958b7211___RS_Early.B 7619.JPG,PlantVillage\Potato___Early_blight\5585ecfc-6e6e-4544-8e6d-180d958b7211___RS_Early.B 7619.JPG,Potato___Early_blight,Early Blight,256,256,1.0,65536,20.44,149.52,149.29,120.12,45.52,47.95,58.83,139.64,52.93,14.82,14.47,-29.29,Diseased,Small,Moderate,Red,139.64
55daa016-a408-4de3-a79e-53d0ec53ea16___RS_Early.B 7686.JPG,PlantVillage\Potato___Early_blight\55daa016-a408-4de3-a79e-53d0ec53ea16___RS_Early.B 7686.JPG,Potato___Early_blight,Early Blight,256,256,1.0,65536,20.5,135.96,141.76,126.18,48.04,46.23,58.57,134.63,51.64,1.98,10.69,-12.68,Diseased,Small,Moderate,Green,134.63
569206bf-423e-4508-b1b4-2ca6821aceac___RS_Early.B 7554.JPG,PlantVillage\Potato___Early_blight\569206bf-423e-4508-b1b4-2ca6821aceac___RS_Early.B 7554.JPG,Potato___Early_blight,Early Blight,256,256,1.0,65536,18.27,118.39,131.79,119.23,46.46,42.64,52.09,123.14,47.62,-7.12,12.97,-5.86,Diseased,Small,Moderate,Green,123.14
56a6692b-15ba-4097-aba1-ba428b6fefcd___RS_Early.B 7899.JPG,PlantVillage\Potato___Early_blight\56a6692b-15ba-4097-aba1-ba428b6fefcd___RS_Early.B 7899.JPG,Potato___Early_blight,Early Blight,256,256,1.0,65536,21.38,134.93,139.71,117.46,50.84,49.79,60.65,130.7,54.82,6.34,13.52,-19.86,Diseased,Small,Moderate,Green,130.7
5720f8b8-4fd7-451f-af18-a48730691c2d___RS_Early.B 7155.JPG,PlantVillage\Potato___Early_blight\5720f8b8-4fd7-451f-af18-a48730691c2d___RS_Early.B 7155.JPG,Potato___Early_blight,Early Blight,256,256,1.0,65536,18.16,136.85,136.51,104.77,58.17,59.65,69.48,126.04,64.42,16.21,15.7,-31.91,Diseased,Small,Moderate,Red,126.04
5748b34e-9143-4540-b4f0-37b8f7dd9e96___RS_Early.B 7198.JPG,PlantVillage\Potato___Early_blight\5748b34e-9143-4540-b4f0-37b8f7dd9e96___RS_Early.B 7198.JPG,Potato___Early_blight,Early Blight,256,256,1.0,65536,19.67,122.41,127.4,103.51,47.55,47.3,57.84,117.77,52.16,6.95,14.44,-21.4,Diseased,Small,Moderate,Green,117.77
5755142f-0cba-45b7-a563-beb1bf6db374___RS_Early.B 8321.JPG,PlantVillage\Potato___Early_blight\5755142f-0cba-45b7-a563-beb1bf6db374___RS_Early.B 8321.JPG,Potato___Early_blight,Early Blight,256,256,1.0,65536,21.26,144.16,137.17,113.61,51.25,53.27,62.57,131.64,57.42,18.77,8.29,-27.06,Diseased,Small,Moderate,Red,131.65
57bb36be-b5bc-44e0-91e5-0b1b4d31bc82___RS_Early.B 7311.JPG,PlantVillage\Potato___Early_blight\57bb36be-b5bc-44e0-91e5-0b1b4d31bc82___RS_Early.B 7311.JPG,Potato___Early_blight,Early Blight,256,256,1.0,65536,18.45,132.64,137.59,116.39,54.46,55.05,62.56,128.87,58.19,5.65,13.07,-18.72,Diseased,Small,Moderate,Green,128.87
57c5fe0f-ce93-412a-a29e-a70a4aa23649___RS_Early.B 6818.JPG,PlantVillage\Potato___Early_blight\57c5fe0f-ce93-412a-a29e-a70a4aa23649___RS_Early.B 6818.JPG,Potato___Early_blight,Early Blight,256,256,1.0,65536,22.54,112.45,119.74,97.26,52.2,51.41,61.75,109.82,56.11,3.94,14.88,-18.83,Diseased,Small,Moderate,Green,109.82
583fa343-d5be-414b-bd95-f674313bd882___RS_Early.B 7681.JPG,PlantVillage\Potato___Early_blight\583fa343-d5be-414b-bd95-f674313bd882___RS_Early.B 7681.JPG,Potato___Early_blight,Early Blight,256,256,1.0,65536,17.09,156.28,153.94,124.21,43.25,45.09,60.85,144.81,52.42,17.21,13.7,-30.9,Diseased,Small,Moderate,Red,144.81
585062b6-d5a4-4677-8b7f-773257399423___RS_Early.B 8558.JPG,PlantVillage\Potato___Early_blight\585062b6-d5a4-4677-8b7f-773257399423___RS_Early.B 8558.JPG,Potato___Early_blight,Early Blight,256,256,1.0,65536,18.78,123.69,127.27,96.39,54.78,53.71,62.44,115.78,58.75,11.85,17.23,-29.09,Diseased,Small,Moderate,Green,115.78
5888d397-4e83-4fac-bcf7-0de778966d36___RS_Early.B 7418.JPG,PlantVillage\Potato___Early_blight\5888d397-4e83-4fac-bcf7-0de778966d36___RS_Early.B 7418.JPG,Potato___Early_blight,Early Blight,256,256,1.0,65536,20.14,156.41,159.77,120.77,41.55,42.42,51.28,145.65,48.62,16.15,21.17,-37.32,Diseased,Small,Moderate,Green,145.65
58a381f9-5315-4865-9b35-43df8fd9bf42___RS_Early.B 9027.JPG,PlantVillage\Potato___Early_blight\58a381f9-5315-4865-9b35-43df8fd9bf42___RS_Early.B 9027.JPG,Potato___Early_blight,Early Blight,256,256,1.0,65536,17.39,152.21,151.57,118.9,37.62,38.66,49.5,140.89,45.04,16.97,16.02,-32.99,Diseased,Small,Moderate,Red,140.89
58cb5c58-3161-4476-9361-3ee2673cc82b___RS_Early.B 7368.JPG,PlantVillage\Potato___Early_blight\58cb5c58-3161-4476-9361-3ee2673cc82b___RS_Early.B 7368.JPG,Potato___Early_blight,Early Blight,256,256,1.0,65536,19.22,139.93,144.81,108.3,46.99,48.61,61.11,131.01,55.05,13.38,20.69,-34.07,Diseased,Small,Moderate,Green,131.01
593de3cd-1e2e-4943-b5f3-ef9d5d857894___RS_Early.B 8336.JPG,PlantVillage\Potato___Early_blight\593de3cd-1e2e-4943-b5f3-ef9d5d857894___RS_Early.B 8336.JPG,Potato___Early_blight,Early Blight,256,256,1.0,65536,19.69,138.87,143.82,116.86,56.57,53.61,61.72,133.18,58.58,8.53,15.96,-24.49,Diseased,Small,Moderate,Green,133.18
59676e33-8884-4359-83d9-e07df07f31a1___RS_Early.B 7041.JPG,PlantVillage\Potato___Early_blight\59676e33-8884-4359-83d9-e07df07f31a1___RS_Early.B 7041.JPG,Potato___Early_blight,Early Blight,256,256,1.0,65536,17.19,134.72,140.07,119.12,42.1,41.01,56.22,131.3,47.79,5.13,13.15,-18.28,Diseased,Small,Moderate,Green,131.3
59f90f4b-add8-4f50-af1f-052b35aa99e1___RS_Early.B 9001.JPG,PlantVillage\Potato___Early_blight\59f90f4b-add8-4f50-af1f-052b35aa99e1___RS_Early.B 9001.JPG,Potato___Early_blight,Early Blight,256,256,1.0,65536,19.82,142.15,145.24,119.22,38.53,39.04,56.72,135.54,47.01,9.91,14.56,-24.47,Diseased,Small,Moderate,Green,135.54
5a152fa7-7645-42ea-9c59-13258febe52f___RS_Early.B 7175.JPG,PlantVillage\Potato___Early_blight\5a152fa7-7645-42ea-9c59-13258febe52f___RS_Early.B 7175.JPG,Potato___Early_blight,Early Blight,256,256,1.0,65536,20.18,130.37,142.02,115.8,46.14,42.49,57.16,129.4,50.16,1.46,18.94,-20.4,Diseased,Small,Moderate,Green,129.4
5a6f3209-223e-43e5-8680-41dd3d5091ce___RS_Early.B 7288.JPG,PlantVillage\Potato___Early_blight\5a6f3209-223e-43e5-8680-41dd3d5091ce___RS_Early.B 7288.JPG,Potato___Early_blight,Early Blight,256,256,1.0,65536,19.76,122.66,133.2,105.62,50.51,49.85,58.01,120.49,54.13,3.25,19.06,-22.31,Diseased,Small,Moderate,Green,120.49
5a7ca2a3-5bfc-47b7-9657-85a6c95a0956___RS_Early.B 7061.JPG,PlantVillage\Potato___Early_blight\5a7ca2a3-5bfc-47b7-9657-85a6c95a0956___RS_Early.B 7061.JPG,Potato___Early_blight,Early Blight,256,256,1.0,65536,17.73,132.13,143.75,102.35,40.18,41.68,53.93,126.08,48.89,9.08,26.51,-35.59,Diseased,Small,Moderate,Green,126.08
5abfa537-636f-41df-a833-311a3018aac9___RS_Early.B 8176.JPG,PlantVillage\Potato___Early_blight\5abfa537-636f-41df-a833-311a3018aac9___RS_Early.B 8176.JPG,Potato___Early_blight,Early Blight,256,256,1.0,65536,18.07,132.0,136.98,116.89,43.13,43.9,54.25,128.62,48.13,5.06,12.54,-17.59,Diseased,Small,Moderate,Green,128.62
5ada96db-43de-4510-8c10-eaaebb106c0c___RS_Early.B 7216.JPG,PlantVillage\Potato___Early_blight\5ada96db-43de-4510-8c10-eaaebb106c0c___RS_Early.B 7216.JPG,Potato___Early_blight,Early Blight,256,256,1.0,65536,17.65,125.36,134.79,111.14,47.9,46.88,56.36,123.76,51.49,2.4,16.54,-18.94,Diseased,Small,Moderate,Green,123.76
5aee3e9f-0469-42e7-8ae7-56f7a1900fd5___RS_Early.B 9091.JPG,PlantVillage\Potato___Early_blight\5aee3e9f-0469-42e7-8ae7-56f7a1900fd5___RS_Early.B 9091.JPG,Potato___Early_blight,Early Blight,256,256,1.0,65536,22.08,141.32,134.87,110.34,59.54,62.06,62.05,128.84,62.67,18.72,9.04,-27.75,Diseased,Small,Moderate,Red,128.84
5b361ac7-6fb7-497a-b11d-3b8cd7ffd2e1___RS_Early.B 9206.JPG,PlantVillage\Potato___Early_blight\5b361ac7-6fb7-497a-b11d-3b8cd7ffd2e1___RS_Early.B 9206.JPG,Potato___Early_blight,Early Blight,256,256,1.0,65536,21.29,158.49,154.88,116.24,48.45,50.19,54.49,143.21,54.57,22.93,17.52,-40.44,Diseased,Small,Moderate,Red,143.2
5bb77b39-311b-4ad1-8bfc-5a41a13b7b02___RS_Early.B 8255.JPG,PlantVillage\Potato___Early_blight\5bb77b39-311b-4ad1-8bfc-5a41a13b7b02___RS_Early.B 8255.JPG,Potato___Early_blight,Early Blight,256,256,1.0,65536,20.01,141.57,147.72,119.03,43.59,43.47,55.86,136.11,49.55,8.19,17.42,-25.61,Diseased,Small,Moderate,Green,136.11
5bdc7f1d-26cc-45b2-b77f-e98084418fd9___RS_Early.B 7486.JPG,PlantVillage\Potato___Early_blight\5bdc7f1d-26cc-45b2-b77f-e98084418fd9___RS_Early.B 7486.JPG,Potato___Early_blight,Early Blight,256,256,1.0,65536,18.24,143.23,143.82,103.11,52.06,54.67,60.44,130.05,58.99,19.77,20.64,-40.41,Diseased,Small,Moderate,Green,130.05
5c3363d5-5873-40f5-b179-37ab6df0328c___RS_Early.B 8828.JPG,PlantVillage\Potato___Early_blight\5c3363d5-5873-40f5-b179-37ab6df0328c___RS_Early.B 8828.JPG,Potato___Early_blight,Early Blight,256,256,1.0,65536,19.29,129.67,134.19,107.61,47.46,45.11,54.38,123.82,50.5,8.77,15.55,-24.32,Diseased,Small,Moderate,Green,123.82
5c43b799-a722-4209-b571-2a7ca23de273___RS_Early.B 7321.JPG,PlantVillage\Potato___Early_blight\5c43b799-a722-4209-b571-2a7ca23de273___RS_Early.B 7321.JPG,Potato___Early_blight,Early Blight,256,256,1.0,65536,17.61,156.56,153.02,116.59,37.04,38.3,55.08,142.06,47.79,21.76,16.44,-38.2,Diseased,Small,Moderate,Red,142.06
5caecfc6-8e1d-401b-8014-763dec01cb98___RS_Early.B 8063.JPG,PlantVillage\Potato___Early_blight\5caecfc6-8e1d-401b-8014-763dec01cb98___RS_Early.B 8063.JPG,Potato___Early_blight,Early Blight,256,256,1.0,65536,20.15,126.53,129.59,105.76,51.79,52.01,60.16,120.63,55.8,8.86,13.44,-22.3,Diseased,Small,Moderate,Green,120.63
5cb0b99b-2e14-43b3-aa51-51a7ce668793___RS_Early.B 7455.JPG,PlantVillage\Potato___Early_blight\5cb0b99b-2e14-43b3-aa51-51a7ce668793___RS_Early.B 7455.JPG,Potato___Early_blight,Early Blight,256,256,1.0,65536,19.01,125.14,135.99,115.6,51.64,49.73,58.64,125.58,54.12,-0.66,15.62,-14.96,Diseased,Small,Moderate,Green,125.58
5cf3cf9d-0f81-4c75-b1d4-2defb49033c4___RS_Early.B 6806.JPG,PlantVillage\Potato___Early_blight\5cf3cf9d-0f81-4c75-b1d4-2defb49033c4___RS_Early.B 6806.JPG,Potato___Early_blight,Early Blight,256,256,1.0,65536,21.02,130.57,141.35,117.73,49.09,45.69,61.98,129.88,53.6,1.02,17.21,-18.23,Diseased,Small,Moderate,Green,129.88
5dbb2c15-fc42-4611-b590-9d92d4ce2a85___RS_Early.B 7312.JPG,PlantVillage\Potato___Early_blight\5dbb2c15-fc42-4611-b590-9d92d4ce2a85___RS_Early.B 7312.JPG,Potato___Early_blight,Early Blight,256,256,1.0,65536,18.25,139.92,144.36,124.99,41.3,40.43,51.8,136.42,45.57,5.25,11.9,-17.15,Diseased,Small,Moderate,Green,136.42
5dd2be45-9c02-4b82-a7be-ecbac29981a9___RS_Early.B 7947.JPG,PlantVillage\Potato___Early_blight\5dd2be45-9c02-4b82-a7be-ecbac29981a9___RS_Early.B 7947.JPG,Potato___Early_blight,Early Blight,256,256,1.0,65536,21.46,125.22,129.52,108.51,51.96,48.95,59.78,121.08,54.51,6.21,12.65,-18.86,Diseased,Small,Moderate,Green,121.08
5de34904-b1e6-48ef-9daf-73d80f5cc6c3___RS_Early.B 8345.JPG,PlantVillage\Potato___Early_blight\5de34904-b1e6-48ef-9daf-73d80f5cc6c3___RS_Early.B 8345.JPG,Potato___Early_blight,Early Blight,256,256,1.0,65536,20.28,130.0,135.57,114.44,53.59,50.65,57.36,126.67,54.67,4.99,13.35,-18.34,Diseased,Small,Moderate,Green,126.67
5deee0ba-6bbb-450e-a107-102063e2f93b___RS_Early.B 7429.JPG,PlantVillage\Potato___Early_blight\5deee0ba-6bbb-450e-a107-102063e2f93b___RS_Early.B 7429.JPG,Potato___Early_blight,Early Blight,256,256,1.0,65536,16.8,150.95,154.01,110.0,51.03,52.58,57.11,138.32,57.26,18.94,23.54,-42.48,Diseased,Small,Moderate,Green,138.32
5dfcdf05-e64e-4992-84b8-a9fc9c49ce3c___RS_Early.B 6711.JPG,PlantVillage\Potato___Early_blight\5dfcdf05-e64e-4992-84b8-a9fc9c49ce3c___RS_Early.B 6711.JPG,Potato___Early_blight,Early Blight,256,256,1.0,65536,19.22,158.17,152.59,119.75,55.01,54.91,55.44,143.5,57.67,21.99,13.63,-35.63,Diseased,Small,Moderate,Red,143.5
5f209b64-4a3c-4fd4-9151-83db4125e7fc___RS_Early.B 7284.JPG,PlantVillage\Potato___Early_blight\5f209b64-4a3c-4fd4-9151-83db4125e7fc___RS_Early.B 7284.JPG,Potato___Early_blight,Early Blight,256,256,1.0,65536,20.46,140.43,153.25,129.46,41.82,39.99,51.54,141.05,45.78,-0.92,18.3,-17.38,Diseased,Small,Moderate,Green,141.05
5fa695b2-89f6-4c5e-b62f-2be61e2ad23a___RS_Early.B 7232.JPG,PlantVillage\Potato___Early_blight\5fa695b2-89f6-4c5e-b62f-2be61e2ad23a___RS_Early.B 7232.JPG,Potato___Early_blight,Early Blight,256,256,1.0,65536,18.36,149.88,140.04,108.42,57.3,58.19,62.44,132.78,61.93,25.65,10.88,-36.54,Diseased,Small,Moderate,Red,132.78
5fbff81d-eeaf-430f-ba94-df6a92c7b8e2___RS_Early.B 6816.JPG,PlantVillage\Potato___Early_blight\5fbff81d-eeaf-430f-ba94-df6a92c7b8e2___RS_Early.B 6816.JPG,Potato___Early_blight,Early Blight,256,256,1.0,65536,20.1,132.4,138.5,122.97,50.52,49.3,60.49,131.29,54.05,1.66,10.82,-12.48,Diseased,Small,Moderate,Green,131.29
5fd6c76a-1e89-4991-9991-2b61670d5175___RS_Early.B 8208.JPG,PlantVillage\Potato___Early_blight\5fd6c76a-1e89-4991-9991-2b61670d5175___RS_Early.B 8208.JPG,Potato___Early_blight,Early Blight,256,256,1.0,65536,19.56,127.4,132.44,112.16,55.25,54.39,62.28,124.0,58.06,5.1,12.66,-17.76,Diseased,Small,Moderate,Green,124.0
60096f66-1bf2-4d8d-8137-ac2358ab71d0___RS_Early.B 6978.JPG,PlantVillage\Potato___Early_blight\60096f66-1bf2-4d8d-8137-ac2358ab71d0___RS_Early.B 6978.JPG,Potato___Early_blight,Early Blight,256,256,1.0,65536,20.6,149.93,145.77,116.02,46.76,49.43,62.17,137.24,55.31,19.04,12.8,-31.83,Diseased,Small,Moderate,Red,137.24
60418916-8278-448a-af45-21ee8ef60a95___RS_Early.B 7957.JPG,PlantVillage\Potato___Early_blight\60418916-8278-448a-af45-21ee8ef60a95___RS_Early.B 7957.JPG,Potato___Early_blight,Early Blight,256,256,1.0,65536,18.28,152.89,151.49,114.75,40.82,43.0,57.87,139.71,50.99,19.77,17.67,-37.44,Diseased,Small,Moderate,Red,139.71
606e216d-f0b8-4ef3-9bf1-2bee85a13361___RS_Early.B 7094.JPG,PlantVillage\Potato___Early_blight\606e216d-f0b8-4ef3-9bf1-2bee85a13361___RS_Early.B 7094.JPG,Potato___Early_blight,Early Blight,256,256,1.0,65536,18.52,139.84,150.22,132.44,49.6,46.97,58.2,140.83,52.33,-1.48,14.08,-12.59,Diseased,Small,Moderate,Green,140.83
610d8d2d-c28d-4d99-9f37-a6a79148b529___RS_Early.B 8023.JPG,PlantVillage\Potato___Early_blight\610d8d2d-c28d-4d99-9f37-a6a79148b529___RS_Early.B 8023.JPG,Potato___Early_blight,Early Blight,256,256,1.0,65536,22.03,136.41,129.32,101.13,52.34,55.6,60.12,122.29,58.14,21.18,10.55,-31.73,Diseased,Small,Moderate,Red,122.29
610fd102-fd1b-45c3-978b-68c65d432382___RS_Early.B 7819.JPG,PlantVillage\Potato___Early_blight\610fd102-fd1b-45c3-978b-68c65d432382___RS_Early.B 7819.JPG,Potato___Early_blight,Early Blight,256,256,1.0,65536,20.37,128.19,136.3,114.23,54.69,51.65,63.7,126.24,57.64,2.92,15.09,-18.01,Diseased,Small,Moderate,Green,126.24
6173dbe2-1379-4241-a43e-7cbad448b6cc___RS_Early.B 6993.JPG,PlantVillage\Potato___Early_blight\6173dbe2-1379-4241-a43e-7cbad448b6cc___RS_Early.B 6993.JPG,Potato___Early_blight,Early Blight,256,256,1.0,65536,17.0,144.29,150.63,110.9,37.64,39.31,54.07,135.27,47.6,13.53,23.04,-36.56,Diseased,Small,Moderate,Green,135.27
61a602c4-02e3-49e5-9858-5b1d4d4795f7___RS_Early.B 7875.JPG,PlantVillage\Potato___Early_blight\61a602c4-02e3-49e5-9858-5b1d4d4795f7___RS_Early.B 7875.JPG,Potato___Early_blight,Early Blight,256,256,1.0,65536,22.06,131.18,133.27,111.99,60.3,59.74,68.16,125.48,63.58,8.55,11.69,-20.23,Diseased,Small,Moderate,Green,125.48
61d53ca2-a8e2-4e5d-b8cd-3f9608b74fc1___RS_Early.B 6746.JPG,PlantVillage\Potato___Early_blight\61d53ca2-a8e2-4e5d-b8cd-3f9608b74fc1___RS_Early.B 6746.JPG,Potato___Early_blight,Early Blight,256,256,1.0,65536,23.19,130.7,144.09,117.61,54.5,54.3,66.02,130.8,59.52,-0.15,19.93,-19.78,Diseased,Small,Moderate,Green,130.8
61da9830-ebfd-483a-88dd-a66fcff4c457___RS_Early.B 7817.JPG,PlantVillage\Potato___Early_blight\61da9830-ebfd-483a-88dd-a66fcff4c457___RS_Early.B 7817.JPG,Potato___Early_blight,Early Blight,256,256,1.0,65536,19.77,140.62,147.52,125.63,50.15,46.2,60.3,137.92,53.34,4.04,14.39,-18.44,Diseased,Small,Moderate,Green,137.92
61f4f7c5-cebe-471a-9be9-b595255b7fb4___RS_Early.B 7029.JPG,PlantVillage\Potato___Early_blight\61f4f7c5-cebe-471a-9be9-b595255b7fb4___RS_Early.B 7029.JPG,Potato___Early_blight,Early Blight,256,256,1.0,65536,17.11,153.37,156.06,120.2,40.35,42.41,60.18,143.21,51.14,15.23,19.28,-34.51,Diseased,Small,Moderate,Green,143.21
62490062-4c67-4caf-bec5-df1342ec2987___RS_Early.B 7946.JPG,PlantVillage\Potato___Early_blight\62490062-4c67-4caf-bec5-df1342ec2987___RS_Early.B 7946.JPG,Potato___Early_blight,Early Blight,256,256,1.0,65536,19.89,131.64,137.29,112.54,52.1,48.2,61.08,127.16,55.09,6.73,15.19,-21.92,Diseased,Small,Moderate,Green,127.16
625f9c30-b56a-4e4e-9b34-aab8d2385d02___RS_Early.B 7226.JPG,PlantVillage\Potato___Early_blight\625f9c30-b56a-4e4e-9b34-aab8d2385d02___RS_Early.B 7226.JPG,Potato___Early_blight,Early Blight,256,256,1.0,65536,17.4,148.04,160.87,133.11,37.26,35.53,50.94,147.34,43.33,1.05,20.29,-21.34,Diseased,Small,Moderate,Green,147.34
6269c9ec-ef8a-49b5-ab1a-451565529c38___RS_Early.B 7166.JPG,PlantVillage\Potato___Early_blight\6269c9ec-ef8a-49b5-ab1a-451565529c38___RS_Early.B 7166.JPG,Potato___Early_blight,Early Blight,256,256,1.0,65536,18.83,135.24,138.7,124.04,45.45,42.77,57.43,132.66,49.37,3.87,9.06,-12.93,Diseased,Small,Moderate,Green,132.66
62e81304-8d1b-46ed-a79a-52cf53a63919___RS_Early.B 7363.JPG,PlantVillage\Potato___Early_blight\62e81304-8d1b-46ed-a79a-52cf53a63919___RS_Early.B 7363.JPG,Potato___Early_blight,Early Blight,256,256,1.0,65536,19.1,148.17,153.09,115.09,36.66,38.34,53.8,138.78,46.77,14.07,21.46,-35.53,Diseased,Small,Moderate,Green,138.78
6319585f-ed2f-4657-ae79-a23db65d0fce___RS_Early.B 7033.JPG,PlantVillage\Potato___Early_blight\6319585f-ed2f-4657-ae79-a23db65d0fce___RS_Early.B 7033.JPG,Potato___Early_blight,Early Blight,256,256,1.0,65536,18.08,143.67,145.52,114.22,50.3,52.54,61.61,134.47,56.87,13.8,16.58,-30.38,Diseased,Small,Moderate,Green,134.47
63b61694-16e9-4ef4-ad6f-5e27d2c9eed9___RS_Early.B 6871.JPG,PlantVillage\Potato___Early_blight\63b61694-16e9-4ef4-ad6f-5e27d2c9eed9___RS_Early.B 6871.JPG,Potato___Early_blight,Early Blight,256,256,1.0,65536,20.78,125.78,135.55,114.99,51.81,52.31,58.76,125.44,55.03,0.51,15.16,-15.67,Diseased,Small,Moderate,Green,125.44
63f59fdf-973f-4d9e-a1ac-4a21cdfb9393___RS_Early.B 8794.JPG,PlantVillage\Potato___Early_blight\63f59fdf-973f-4d9e-a1ac-4a21cdfb9393___RS_Early.B 8794.JPG,Potato___Early_blight,Early Blight,256,256,1.0,65536,19.02,155.46,145.76,107.43,47.38,48.29,53.09,136.22,53.81,28.87,14.31,-43.18,Diseased,Small,Moderate,Red,136.22
63f9b76b-c491-4ed3-923b-087967ea9268___RS_Early.B 7161.JPG,PlantVillage\Potato___Early_blight\63f9b76b-c491-4ed3-923b-087967ea9268___RS_Early.B 7161.JPG,Potato___Early_blight,Early Blight,256,256,1.0,65536,20.65,114.37,121.35,98.47,49.49,47.79,57.95,111.4,52.81,4.46,14.93,-19.39,Diseased,Small,Moderate,Green,111.4
64cab763-3fa2-483c-abc6-1d203f26f88e___RS_Early.B 6671.JPG,PlantVillage\Potato___Early_blight\64cab763-3fa2-483c-abc6-1d203f26f88e___RS_Early.B 6671.JPG,Potato___Early_blight,Early Blight,256,256,1.0,65536,21.84,129.02,140.36,115.05,54.86,54.29,67.56,128.14,60.12,1.32,18.32,-19.64,Diseased,Small,Moderate,Green,128.14
64ced002-f0b1-42b2-b448-b7b3655e38c1___RS_Early.B 9010.JPG,PlantVillage\Potato___Early_blight\64ced002-f0b1-42b2-b448-b7b3655e38c1___RS_Early.B 9010.JPG,Potato___Early_blight,Early Blight,256,256,1.0,65536,21.8,140.83,142.2,116.62,48.48,51.5,57.27,133.22,53.84,11.42,13.47,-24.89,Diseased,Small,Moderate,Green,133.22
64e41485-8bd1-4b5d-9482-023eb07d8a89___RS_Early.B 9078.JPG,PlantVillage\Potato___Early_blight\64e41485-8bd1-4b5d-9482-023eb07d8a89___RS_Early.B 9078.JPG,Potato___Early_blight,Early Blight,256,256,1.0,65536,20.81,140.9,144.99,119.96,48.43,49.7,58.31,135.28,53.46,8.43,14.56,-22.99,Diseased,Small,Moderate,Green,135.28
654aaf22-e23a-441d-ad57-914843a36c64___RS_Early.B 7924.JPG,PlantVillage\Potato___Early_blight\654aaf22-e23a-441d-ad57-914843a36c64___RS_Early.B 7924.JPG,Potato___Early_blight,Early Blight,256,256,1.0,65536,21.67,126.63,129.24,105.36,58.23,58.24,64.87,120.41,61.47,9.33,13.24,-22.57,Diseased,Small,Moderate,Green,120.41
655010d0-0bf7-4cba-8ebe-591a8bc5f552___RS_Early.B 7668.JPG,PlantVillage\Potato___Early_blight\655010d0-0bf7-4cba-8ebe-591a8bc5f552___RS_Early.B 7668.JPG,Potato___Early_blight,Early Blight,256,256,1.0,65536,18.44,142.64,151.05,127.78,49.83,45.07,62.79,140.49,53.96,3.23,15.84,-19.07,Diseased,Small,Moderate,Green,140.49
65b66b8f-2117-4876-85bd-23941349231f___RS_Early.B 7219.JPG,PlantVillage\Potato___Early_blight\65b66b8f-2117-4876-85bd-23941349231f___RS_Early.B 7219.JPG,Potato___Early_blight,Early Blight,256,256,1.0,65536,17.37,143.27,154.24,128.41,36.02,34.65,49.01,141.97,41.78,1.94,18.41,-20.35,Diseased,Small,Moderate,Green,141.97
65cac614-d354-44f4-870b-dbb4fe26e120___RS_Early.B 8193.JPG,PlantVillage\Potato___Early_blight\65cac614-d354-44f4-870b-dbb4fe26e120___RS_Early.B 8193.JPG,Potato___Early_blight,Early Blight,256,256,1.0,65536,16.82,114.8,124.23,103.13,45.65,42.88,54.88,114.05,48.85,1.12,15.27,-16.39,Diseased,Small,Moderate,Green,114.05
65f6e2f1-300b-42f0-bcc8-467753411947___RS_Early.B 7591.JPG,PlantVillage\Potato___Early_blight\65f6e2f1-300b-42f0-bcc8-467753411947___RS_Early.B 7591.JPG,Potato___Early_blight,Early Blight,256,256,1.0,65536,16.73,110.73,122.05,113.32,42.48,38.73,50.16,115.37,44.31,-6.95,10.02,-3.07,Diseased,Small,Moderate,Green,115.37
66642302-1334-4c23-8613-f98387352360___RS_Early.B 8766.JPG,PlantVillage\Potato___Early_blight\66642302-1334-4c23-8613-f98387352360___RS_Early.B 8766.JPG,Potato___Early_blight,Early Blight,256,256,1.0,65536,17.83,121.03,127.03,102.9,50.94,48.13,54.35,116.99,52.22,6.06,15.07,-21.13,Diseased,Small,Moderate,Green,116.99
66785df0-db24-4c3d-821b-8ab94e7e6a06___RS_Early.B 7086.JPG,PlantVillage\Potato___Early_blight\66785df0-db24-4c3d-821b-8ab94e7e6a06___RS_Early.B 7086.JPG,Potato___Early_blight,Early Blight,256,256,1.0,65536,16.76,148.88,156.55,123.85,40.07,40.19,54.14,143.09,47.39,8.68,20.18,-28.87,Diseased,Small,Moderate,Green,143.09
667c593c-acbf-468a-91a3-6fd8006c46c2___RS_Early.B 7830.JPG,PlantVillage\Potato___Early_blight\667c593c-acbf-468a-91a3-6fd8006c46c2___RS_Early.B 7830.JPG,Potato___Early_blight,Early Blight,256,256,1.0,65536,20.26,137.51,141.22,118.44,54.4,54.45,64.22,132.39,58.73,7.68,13.24,-20.92,Diseased,Small,Moderate,Green,132.39
66a98640-59d3-4c9b-9853-773c78ac6375___RS_Early.B 6784.JPG,PlantVillage\Potato___Early_blight\66a98640-59d3-4c9b-9853-773c78ac6375___RS_Early.B 6784.JPG,Potato___Early_blight,Early Blight,256,256,1.0,65536,20.81,138.22,136.54,109.16,51.53,52.8,58.75,127.97,56.06,15.38,12.85,-28.22,Diseased,Small,Moderate,Red,127.97
66b6c6d1-fe63-4c7e-8054-bdf6ff67ff57___RS_Early.B 7514.JPG,PlantVillage\Potato___Early_blight\66b6c6d1-fe63-4c7e-8054-bdf6ff67ff57___RS_Early.B 7514.JPG,Potato___Early_blight,Early Blight,256,256,1.0,65536,18.56,139.97,138.66,103.95,58.49,59.64,68.89,127.53,64.7,18.67,16.7,-35.36,Diseased,Small,Moderate,Red,127.53
66c5930d-2169-4ec1-9919-28088d5447f7___RS_Early.B 8822.JPG,PlantVillage\Potato___Early_blight\66c5930d-2169-4ec1-9919-28088d5447f7___RS_Early.B 8822.JPG,Potato___Early_blight,Early Blight,256,256,1.0,65536,20.51,126.25,132.24,107.61,46.84,43.08,53.89,122.03,49.28,6.33,15.31,-21.64,Diseased,Small,Moderate,Green,122.03
67468907-b28a-4740-a9f4-ce69b93878c9___RS_Early.B 7142.JPG,PlantVillage\Potato___Early_blight\67468907-b28a-4740-a9f4-ce69b93878c9___RS_Early.B 7142.JPG,Potato___Early_blight,Early Blight,256,256,1.0,65536,18.59,145.35,153.83,122.81,43.19,43.13,57.14,140.66,50.01,7.04,19.75,-26.78,Diseased,Small,Moderate,Green,140.66
677662b1-2c4e-4d93-b4fd-950815b9d2c8___RS_Early.B 8813.JPG,PlantVillage\Potato___Early_blight\677662b1-2c4e-4d93-b4fd-950815b9d2c8___RS_Early.B 8813.JPG,Potato___Early_blight,Early Blight,256,256,1.0,65536,19.29,136.09,141.91,114.53,45.68,42.05,52.91,130.84,48.55,7.87,16.6,-24.46,Diseased,Small,Moderate,Green,130.84
6799ab86-73ef-4825-b4cf-9ae616c40ce9___RS_Early.B 7410.JPG,PlantVillage\Potato___Early_blight\6799ab86-73ef-4825-b4cf-9ae616c40ce9___RS_Early.B 7410.JPG,Potato___Early_blight,Early Blight,256,256,1.0,65536,19.63,120.07,130.09,110.98,48.16,44.61,55.01,120.38,50.06,-0.47,14.56,-14.09,Diseased,Small,Moderate,Green,120.38
67f2bf79-1d71-4748-bcd6-a65006f12981___RS_Early.B 7289.JPG,PlantVillage\Potato___Early_blight\67f2bf79-1d71-4748-bcd6-a65006f12981___RS_Early.B 7289.JPG,Potato___Early_blight,Early Blight,256,256,1.0,65536,21.0,121.33,129.86,106.87,51.28,49.83,59.73,119.36,54.62,2.97,15.76,-18.72,Diseased,Small,Moderate,Green,119.35
68662e76-300e-49f6-8467-27dd63aa18ed___RS_Early.B 7163.JPG,PlantVillage\Potato___Early_blight\68662e76-300e-49f6-8467-27dd63aa18ed___RS_Early.B 7163.JPG,Potato___Early_blight,Early Blight,256,256,1.0,65536,19.69,134.23,139.45,119.99,43.49,42.21,53.76,131.22,47.49,4.51,12.34,-16.85,Diseased,Small,Moderate,Green,131.22
686938d8-5fcc-4482-850f-0e8720206046___RS_Early.B 7769.JPG,PlantVillage\Potato___Early_blight\686938d8-5fcc-4482-850f-0e8720206046___RS_Early.B 7769.JPG,Potato___Early_blight,Early Blight,256,256,1.0,65536,18.88,155.66,151.88,116.65,46.09,48.81,61.19,141.4,55.3,21.39,15.73,-37.12,Diseased,Small,Moderate,Red,141.4
68a9df4a-f803-4cf1-bfce-1a637a2befcc___RS_Early.B 7654.JPG,PlantVillage\Potato___Early_blight\68a9df4a-f803-4cf1-bfce-1a637a2befcc___RS_Early.B 7654.JPG,Potato___Early_blight,Early Blight,256,256,1.0,65536,19.91,127.29,132.31,107.45,51.9,52.43,60.21,122.35,56.02,7.41,14.94,-22.35,Diseased,Small,Moderate,Green,122.35
68f056c9-4989-4809-b597-3739ff66afc3___RS_Early.B 8748.JPG,PlantVillage\Potato___Early_blight\68f056c9-4989-4809-b597-3739ff66afc3___RS_Early.B 8748.JPG,Potato___Early_blight,Early Blight,256,256,1.0,65536,16.79,115.99,120.74,103.36,47.07,47.24,59.7,113.36,52.19,3.94,11.07,-15.01,Diseased,Small,Moderate,Green,113.36
691161ad-7897-4654-a7bc-14d8b5839621___RS_Early.B 6976.JPG,PlantVillage\Potato___Early_blight\691161ad-7897-4654-a7bc-14d8b5839621___RS_Early.B 6976.JPG,Potato___Early_blight,Early Blight,256,256,1.0,65536,19.43,136.51,132.18,103.53,63.92,65.95,70.27,124.07,68.35,18.65,12.16,-30.81,Diseased,Small,Moderate,Red,124.07
69a20537-e5fd-4f1e-8800-ef9aa4fa4766___RS_Early.B 8111.JPG,PlantVillage\Potato___Early_blight\69a20537-e5fd-4f1e-8800-ef9aa4fa4766___RS_Early.B 8111.JPG,Potato___Early_blight,Early Blight,256,256,1.0,65536,20.74,152.26,140.55,103.27,49.29,52.08,58.55,132.03,57.38,30.35,12.78,-43.13,Diseased,Small,Moderate,Red,132.03
69ee53e1-a9b6-4e97-bc5f-f91617bc87ab___RS_Early.B 7987.JPG,PlantVillage\Potato___Early_blight\69ee53e1-a9b6-4e97-bc5f-f91617bc87ab___RS_Early.B 7987.JPG,Potato___Early_blight,Early Blight,256,256,1.0,65536,21.69,130.74,130.07,108.99,47.92,47.27,57.63,123.27,52.14,11.2,10.21,-21.42,Diseased,Small,Moderate,Red,123.27
6a183fd9-9409-47ea-a634-dafa4ae329a8___RS_Early.B 8890.JPG,PlantVillage\Potato___Early_blight\6a183fd9-9409-47ea-a634-dafa4ae329a8___RS_Early.B 8890.JPG,Potato___Early_blight,Early Blight,256,256,1.0,65536,17.11,134.37,133.18,103.87,52.74,50.41,61.62,123.8,56.91,15.84,14.07,-29.91,Diseased,Small,Moderate,Red,123.81
6a74ff09-be5a-4412-a192-2370a37c0751___RS_Early.B 8584.JPG,PlantVillage\Potato___Early_blight\6a74ff09-be5a-4412-a192-2370a37c0751___RS_Early.B 8584.JPG,Potato___Early_blight,Early Blight,256,256,1.0,65536,18.6,125.39,132.2,102.34,53.94,50.96,61.08,119.97,56.94,8.12,18.34,-26.45,Diseased,Small,Moderate,Green,119.98
6a903f3e-0c90-4b97-aad7-bdb1d07cb11e___RS_Early.B 6765.JPG,PlantVillage\Potato___Early_blight\6a903f3e-0c90-4b97-aad7-bdb1d07cb11e___RS_Early.B 6765.JPG,Potato___Early_blight,Early Blight,256,256,1.0,65536,18.89,139.52,145.71,122.66,55.5,56.9,66.51,135.96,60.62,5.34,14.62,-19.96,Diseased,Small,Moderate,Green,135.96
6a90d533-28ad-4e1b-935b-8d2dfa804c87___RS_Early.B 8213.JPG,PlantVillage\Potato___Early_blight\6a90d533-28ad-4e1b-935b-8d2dfa804c87___RS_Early.B 8213.JPG,Potato___Early_blight,Early Blight,256,256,1.0,65536,19.02,145.63,143.61,111.61,52.95,53.18,62.5,133.62,58.5,18.02,14.99,-33.01,Diseased,Small,Moderate,Red,133.62
6ad3d424-3e81-4b18-a029-4a20884c4ada___RS_Early.B 8380.JPG,PlantVillage\Potato___Early_blight\6ad3d424-3e81-4b18-a029-4a20884c4ada___RS_Early.B 8380.JPG,Potato___Early_blight,Early Blight,256,256,1.0,65536,20.05,119.74,123.64,103.62,48.61,47.23,52.27,115.66,50.17,6.11,11.96,-18.07,Diseased,Small,Moderate,Green,115.67
6b8024be-e45f-459f-9817-8d6fb0dda89a___RS_Early.B 6904.JPG,PlantVillage\Potato___Early_blight\6b8024be-e45f-459f-9817-8d6fb0dda89a___RS_Early.B 6904.JPG,Potato___Early_blight,Early Blight,256,256,1.0,65536,20.47,128.57,138.49,105.42,51.36,53.86,58.38,124.16,56.34,6.62,21.5,-28.11,Diseased,Small,Moderate,Green,124.16
6bb48ab5-6f0d-4bd8-a3c0-bf2b6d5ed936___RS_Early.B 7281.JPG,PlantVillage\Potato___Early_blight\6bb48ab5-6f0d-4bd8-a3c0-bf2b6d5ed936___RS_Early.B 7281.JPG,Potato___Early_blight,Early Blight,256,256,1.0,65536,19.48,143.22,156.09,133.42,39.8,38.5,48.5,144.24,43.5,-1.54,17.77,-16.23,Diseased,Small,Moderate,Green,144.24
6bca5c10-8985-404c-96c3-3f77c2a77d10___RS_Early.B 7527.JPG,PlantVillage\Potato___Early_blight\6bca5c10-8985-404c-96c3-3f77c2a77d10___RS_Early.B 7527.JPG,Potato___Early_blight,Early Blight,256,256,1.0,65536,17.16,158.03,150.13,116.63,59.88,62.13,68.22,141.6,65.99,24.65,12.8,-37.46,Diseased,Small,Moderate,Red,141.6
6bd7d398-9cce-4282-a853-9625a641ebd6___RS_Early.B 8416.JPG,PlantVillage\Potato___Early_blight\6bd7d398-9cce-4282-a853-9625a641ebd6___RS_Early.B 8416.JPG,Potato___Early_blight,Early Blight,256,256,1.0,65536,18.26,126.51,128.17,97.74,44.18,41.49,52.63,117.47,48.4,13.56,16.04,-29.6,Diseased,Small,Moderate,Green,117.47
6c5385cd-d362-4810-b4e8-58ab768c706c___RS_Early.B 8323.JPG,PlantVillage\Potato___Early_blight\6c5385cd-d362-4810-b4e8-58ab768c706c___RS_Early.B 8323.JPG,Potato___Early_blight,Early Blight,256,256,1.0,65536,19.98,145.96,137.77,114.06,49.89,53.33,63.74,132.6,57.58,20.05,7.76,-27.81,Diseased,Small,Moderate,Red,132.6
6cd05602-f131-47a3-a7ef-f328a13e4f1e___RS_Early.B 7079.JPG,PlantVillage\Potato___Early_blight\6cd05602-f131-47a3-a7ef-f328a13e4f1e___RS_Early.B 7079.JPG,Potato___Early_blight,Early Blight,256,256,1.0,65536,18.16,158.51,163.22,130.6,38.95,39.91,55.61,150.78,47.69,11.6,18.66,-30.26,Diseased,Small,Bright,Green,150.78
6cd8e267-d5ae-4baa-a872-4c0fc5a37d67___RS_Early.B 8184.JPG,PlantVillage\Potato___Early_blight\6cd8e267-d5ae-4baa-a872-4c0fc5a37d67___RS_Early.B 8184.JPG,Potato___Early_blight,Early Blight,256,256,1.0,65536,19.14,146.42,147.94,122.36,54.28,54.04,64.05,138.91,58.83,11.27,13.55,-24.82,Diseased,Small,Moderate,Green,138.91
6cec2d2b-7b6a-4044-9899-92d4f9332cd6___RS_Early.B 9131.JPG,PlantVillage\Potato___Early_blight\6cec2d2b-7b6a-4044-9899-92d4f9332cd6___RS_Early.B 9131.JPG,Potato___Early_blight,Early Blight,256,256,1.0,65536,20.8,149.49,143.29,115.31,51.77,55.03,65.31,136.03,59.54,20.19,10.9,-31.08,Diseased,Small,Moderate,Red,136.03
6d1cebfa-ad84-484e-9f30-f8fffb289072___RS_Early.B 7703.JPG,PlantVillage\Potato___Early_blight\6d1cebfa-ad84-484e-9f30-f8fffb289072___RS_Early.B 7703.JPG,Potato___Early_blight,Early Blight,256,256,1.0,65536,18.7,147.01,151.36,131.28,43.5,42.43,54.98,143.22,48.09,5.69,12.22,-17.91,Diseased,Small,Moderate,Green,143.22
6dfdd5be-0999-4a5c-a35d-c760043fec23___RS_Early.B 8701.JPG,PlantVillage\Potato___Early_blight\6dfdd5be-0999-4a5c-a35d-c760043fec23___RS_Early.B 8701.JPG,Potato___Early_blight,Early Blight,256,256,1.0,65536,18.65,115.01,123.77,98.98,46.96,45.15,51.31,112.59,48.96,3.64,16.78,-20.41,Diseased,Small,Moderate,Green,112.59
6edb7358-f41f-4fd2-8371-12700bdbc94c___RS_Early.B 6801.JPG,PlantVillage\Potato___Early_blight\6edb7358-f41f-4fd2-8371-12700bdbc94c___RS_Early.B 6801.JPG,Potato___Early_blight,Early Blight,256,256,1.0,65536,20.4,119.75,127.94,111.73,55.8,54.22,64.34,119.81,58.66,-0.08,12.2,-12.11,Diseased,Small,Moderate,Green,119.81
6eebb348-cafa-4863-937c-3b249f71df0a___RS_Early.B 9230.JPG,PlantVillage\Potato___Early_blight\6eebb348-cafa-4863-937c-3b249f71df0a___RS_Early.B 9230.JPG,Potato___Early_blight,Early Blight,256,256,1.0,65536,21.22,141.3,141.21,116.55,44.4,45.04,58.32,133.02,51.02,12.42,12.29,-24.71,Diseased,Small,Moderate,Red,133.02
6f37a2b1-e63c-4d82-aec2-9ff036473867___RS_Early.B 7585.JPG,PlantVillage\Potato___Early_blight\6f37a2b1-e63c-4d82-aec2-9ff036473867___RS_Early.B 7585.JPG,Potato___Early_blight,Early Blight,256,256,1.0,65536,20.05,118.63,126.07,107.62,51.32,48.22,59.1,117.44,53.62,1.79,12.94,-14.73,Diseased,Small,Moderate,Green,117.44
6f75cbf6-25c5-4b56-911d-c8a6ffa242d4___RS_Early.B 7914.JPG,PlantVillage\Potato___Early_blight\6f75cbf6-25c5-4b56-911d-c8a6ffa242d4___RS_Early.B 7914.JPG,Potato___Early_blight,Early Blight,256,256,1.0,65536,20.88,131.98,134.49,112.71,54.39,52.8,64.17,126.39,58.16,8.38,12.14,-20.52,Diseased,Small,Moderate,Green,126.39
6f8dfa1b-8c6f-4be6-93ff-e9180dde7357___RS_Early.B 6914.JPG,PlantVillage\Potato___Early_blight\6f8dfa1b-8c6f-4be6-93ff-e9180dde7357___RS_Early.B 6914.JPG,Potato___Early_blight,Early Blight,256,256,1.0,65536,19.9,148.66,143.98,104.36,47.99,49.64,58.79,132.33,56.0,24.49,17.47,-41.96,Diseased,Small,Moderate,Red,132.33
6fc04d72-747b-4a96-912a-db0bd967ece0___RS_Early.B 8002.JPG,PlantVillage\Potato___Early_blight\6fc04d72-747b-4a96-912a-db0bd967ece0___RS_Early.B 8002.JPG,Potato___Early_blight,Early Blight,256,256,1.0,65536,18.53,131.7,131.96,110.96,48.94,49.74,56.98,124.87,52.94,10.24,10.63,-20.87,Diseased,Small,Moderate,Green,124.87
6fcaba16-dfce-431a-b268-e0826a101553___RS_Early.B 6695.JPG,PlantVillage\Potato___Early_blight\6fcaba16-dfce-431a-b268-e0826a101553___RS_Early.B 6695.JPG,Potato___Early_blight,Early Blight,256,256,1.0,65536,19.93,159.87,155.17,112.31,55.9,55.58,55.04,142.45,59.49,26.13,19.08,-45.21,Diseased,Small,Moderate,Red,142.45
6fdee580-fa84-4ea7-b54a-048919765284___RS_Early.B 8187.JPG,PlantVillage\Potato___Early_blight\6fdee580-fa84-4ea7-b54a-048919765284___RS_Early.B 8187.JPG,Potato___Early_blight,Early Blight,256,256,1.0,65536,17.84,126.35,132.51,111.55,53.43,53.34,63.23,123.47,57.53,4.32,13.56,-17.88,Diseased,Small,Moderate,Green,123.47
70a2aa43-f50f-448b-bd98-9315f27cf456___RS_Early.B 7927.JPG,PlantVillage\Potato___Early_blight\70a2aa43-f50f-448b-bd98-9315f27cf456___RS_Early.B 7927.JPG,Potato___Early_blight,Early Blight,256,256,1.0,65536,20.39,153.91,155.16,135.12,39.07,37.83,54.36,148.07,45.33,8.77,10.64,-19.41,Diseased,Small,Moderate,Green,148.06
70b89c8b-2850-4ec8-8da1-a4b9de5351c7___RS_Early.B 6889.JPG,PlantVillage\Potato___Early_blight\70b89c8b-2850-4ec8-8da1-a4b9de5351c7___RS_Early.B 6889.JPG,Potato___Early_blight,Early Blight,256,256,1.0,65536,20.65,133.56,145.54,124.97,50.34,49.17,58.31,134.69,53.44,-1.69,16.28,-14.58,Diseased,Small,Moderate,Green,134.69
70da76f2-b067-40f0-82d2-16b2dec3e189___RS_Early.B 8358.JPG,PlantVillage\Potato___Early_blight\70da76f2-b067-40f0-82d2-16b2dec3e189___RS_Early.B 8358.JPG,Potato___Early_blight,Early Blight,256,256,1.0,65536,18.26,129.79,135.48,98.56,45.95,43.94,54.31,121.28,50.93,12.77,21.3,-34.07,Diseased,Small,Moderate,Green,121.28
719dcce1-73f0-42c8-9941-44eb2b237544___RS_Early.B 8059.JPG,PlantVillage\Potato___Early_blight\719dcce1-73f0-42c8-9941-44eb2b237544___RS_Early.B 8059.JPG,Potato___Early_blight,Early Blight,256,256,1.0,65536,19.1,115.76,126.53,101.89,47.91,42.43,55.75,114.72,50.03,1.55,17.7,-19.25,Diseased,Small,Moderate,Green,114.73
71ab124e-93ba-4d4e-ae53-68ac12fcb858___RS_Early.B 8129.JPG,PlantVillage\Potato___Early_blight\71ab124e-93ba-4d4e-ae53-68ac12fcb858___RS_Early.B 8129.JPG,Potato___Early_blight,Early Blight,256,256,1.0,65536,18.65,157.13,164.42,130.55,42.79,43.4,54.2,150.7,49.28,9.65,20.57,-30.23,Diseased,Small,Bright,Green,150.7
72013507-bfce-4b7a-b56e-f66a94cb4558___RS_Early.B 7930.JPG,PlantVillage\Potato___Early_blight\72013507-bfce-4b7a-b56e-f66a94cb4558___RS_Early.B 7930.JPG,Potato___Early_blight,Early Blight,256,256,1.0,65536,21.08,132.9,136.1,106.08,52.72,52.88,61.22,125.03,57.35,11.81,16.61,-28.41,Diseased,Small,Moderate,Green,125.03
7227b3db-c212-4370-8b42-443eea1577aa___RS_Early.B 7306.JPG,PlantVillage\Potato___Early_blight\7227b3db-c212-4370-8b42-443eea1577aa___RS_Early.B 7306.JPG,Potato___Early_blight,Early Blight,256,256,1.0,65536,17.61,157.01,161.61,129.16,35.69,35.6,55.23,149.26,45.49,11.63,18.52,-30.15,Diseased,Small,Moderate,Green,149.26
722bc78a-a1e0-481b-b5a3-cb3357f2f350___RS_Early.B 6803.JPG,PlantVillage\Potato___Early_blight\722bc78a-a1e0-481b-b5a3-cb3357f2f350___RS_Early.B 6803.JPG,Potato___Early_blight,Early Blight,256,256,1.0,65536,18.47,125.24,133.9,118.07,56.89,54.94,67.16,125.74,60.25,-0.75,12.25,-11.5,Diseased,Small,Moderate,Green,125.74
7248171d-98a5-4bf0-9a8d-5c5a8820eba9___RS_Early.B 6680.JPG,PlantVillage\Potato___Early_blight\7248171d-98a5-4bf0-9a8d-5c5a8820eba9___RS_Early.B 6680.JPG,Potato___Early_blight,Early Blight,256,256,1.0,65536,18.37,152.86,151.17,114.93,50.05,50.51,51.93,139.65,53.76,19.81,17.28,-37.09,Diseased,Small,Moderate,Red,139.65
72c4221d-f82b-48fc-a91e-8aa46f5cb0cc___RS_Early.B 8399.JPG,PlantVillage\Potato___Early_blight\72c4221d-f82b-48fc-a91e-8aa46f5cb0cc___RS_Early.B 8399.JPG,Potato___Early_blight,Early Blight,256,256,1.0,65536,18.85,113.24,117.21,93.07,45.92,42.5,51.29,107.84,47.89,8.1,14.05,-22.16,Diseased,Small,Moderate,Green,107.84
72f7fa2c-974f-42af-99c3-fd4739d64050___RS_Early.B 8772.JPG,PlantVillage\Potato___Early_blight\72f7fa2c-974f-42af-99c3-fd4739d64050___RS_Early.B 8772.JPG,Potato___Early_blight,Early Blight,256,256,1.0,65536,18.67,120.38,124.65,110.07,46.78,43.67,48.16,118.36,46.64,3.02,9.43,-12.45,Diseased,Small,Moderate,Green,118.37
72f9e596-8d1e-4ffd-923d-55645d6adca1___RS_Early.B 7704.JPG,PlantVillage\Potato___Early_blight\72f9e596-8d1e-4ffd-923d-55645d6adca1___RS_Early.B 7704.JPG,Potato___Early_blight,Early Blight,256,256,1.0,65536,18.65,146.41,150.66,133.44,43.89,42.68,55.23,143.51,48.16,4.36,10.74,-15.09,Diseased,Small,Moderate,Green,143.5
73273541-2855-4516-92c3-658703bd2d18___RS_Early.B 6814.JPG,PlantVillage\Potato___Early_blight\73273541-2855-4516-92c3-658703bd2d18___RS_Early.B 6814.JPG,Potato___Early_blight,Early Blight,256,256,1.0,65536,18.79,140.44,138.24,102.57,62.68,64.28,66.57,127.08,66.82,20.03,16.73,-36.77,Diseased,Small,Moderate,Red,127.08
737c2343-228f-4155-b984-13ae0da44745___RS_Early.B 6828.JPG,PlantVillage\Potato___Early_blight\737c2343-228f-4155-b984-13ae0da44745___RS_Early.B 6828.JPG,Potato___Early_blight,Early Blight,256,256,1.0,65536,22.8,121.4,132.61,109.86,39.2,37.63,49.31,121.29,43.37,0.16,16.98,-17.14,Diseased,Small,Moderate,Green,121.29
73845010-b5b2-4604-8055-388c4222592a___RS_Early.B 6767.JPG,PlantVillage\Potato___Early_blight\73845010-b5b2-4604-8055-388c4222592a___RS_Early.B 6767.JPG,Potato___Early_blight,Early Blight,256,256,1.0,65536,19.21,149.11,150.23,118.3,51.19,54.05,60.9,139.21,57.47,14.84,16.53,-31.37,Diseased,Small,Moderate,Green,139.21
73cf20a6-b2c4-4302-a664-c43dccb78cfb___RS_Early.B 6930.JPG,PlantVillage\Potato___Early_blight\73cf20a6-b2c4-4302-a664-c43dccb78cfb___RS_Early.B 6930.JPG,Potato___Early_blight,Early Blight,256,256,1.0,65536,19.3,136.51,151.12,128.26,48.07,45.25,55.96,138.63,50.85,-3.19,18.74,-15.55,Diseased,Small,Moderate,Green,138.63
73d47ccd-4f15-4d93-90d1-5c35dbedd91e___RS_Early.B 7567.JPG,PlantVillage\Potato___Early_blight\73d47ccd-4f15-4d93-90d1-5c35dbedd91e___RS_Early.B 7567.JPG,Potato___Early_blight,Early Blight,256,256,1.0,65536,17.02,151.59,151.99,111.47,49.07,50.97,59.76,138.35,56.75,19.87,20.46,-40.32,Diseased,Small,Moderate,Green,138.35
74316ef6-7cce-4ed9-8fbf-9bf42d14657c___RS_Early.B 7352.JPG,PlantVillage\Potato___Early_blight\74316ef6-7cce-4ed9-8fbf-9bf42d14657c___RS_Early.B 7352.JPG,Potato___Early_blight,Early Blight,256,256,1.0,65536,17.64,145.99,155.15,138.76,42.27,38.42,51.49,146.63,44.9,-0.97,12.78,-11.81,Diseased,Small,Moderate,Green,146.63
7456db33-766c-4a68-b924-ddf69d579981___RS_Early.B 6723.JPG,PlantVillage\Potato___Early_blight\7456db33-766c-4a68-b924-ddf69d579981___RS_Early.B 6723.JPG,Potato___Early_blight,Early Blight,256,256,1.0,65536,19.19,149.39,155.13,130.51,45.95,48.32,51.54,145.01,49.78,6.57,15.18,-21.75,Diseased,Small,Moderate,Green,145.01
7486e823-64f7-4e43-ab51-26261b077fc2___RS_Early.B 6785.JPG,PlantVillage\Potato___Early_blight\7486e823-64f7-4e43-ab51-26261b077fc2___RS_Early.B 6785.JPG,Potato___Early_blight,Early Blight,256,256,1.0,65536,21.71,146.44,144.48,116.69,51.65,52.8,62.22,135.87,57.39,15.86,12.92,-28.78,Diseased,Small,Moderate,Red,135.87
74bedc99-e24e-43de-a17c-003822c8af41___RS_Early.B 8725.JPG,PlantVillage\Potato___Early_blight\74bedc99-e24e-43de-a17c-003822c8af41___RS_Early.B 8725.JPG,Potato___Early_blight,Early Blight,256,256,1.0,65536,18.51,97.42,117.7,112.99,42.11,38.0,48.76,109.37,44.04,-17.92,12.5,5.42,Diseased,Small,Moderate,Green,109.37
757b3cbf-a694-4e76-939c-5a93d3c932ab___RS_Early.B 8169.JPG,PlantVillage\Potato___Early_blight\757b3cbf-a694-4e76-939c-5a93d3c932ab___RS_Early.B 8169.JPG,Potato___Early_blight,Early Blight,256,256,1.0,65536,20.49,135.05,139.28,114.53,49.46,49.2,59.35,129.62,53.98,8.14,14.49,-22.64,Diseased,Small,Moderate,Green,129.62
7584a5b8-b701-4255-9dde-a60b6442cc37___RS_Early.B 9154.JPG,PlantVillage\Potato___Early_blight\7584a5b8-b701-4255-9dde-a60b6442cc37___RS_Early.B 9154.JPG,Potato___Early_blight,Early Blight,256,256,1.0,65536,19.48,113.87,122.87,100.26,47.71,48.05,54.05,112.33,50.88,2.3,15.8,-18.1,Diseased,Small,Moderate,Green,112.33
758b39d7-12bc-401f-b280-2c8435a02f43___RS_Early.B 6839.JPG,PlantVillage\Potato___Early_blight\758b39d7-12bc-401f-b280-2c8435a02f43___RS_Early.B 6839.JPG,Potato___Early_blight,Early Blight,256,256,1.0,65536,21.06,123.03,136.37,111.14,45.04,42.08,55.54,123.51,49.0,-0.73,19.28,-18.55,Diseased,Small,Moderate,Green,123.51
769b00f1-f5cf-4dee-a2c6-6e97414450f6___RS_Early.B 9149.JPG,PlantVillage\Potato___Early_blight\769b00f1-f5cf-4dee-a2c6-6e97414450f6___RS_Early.B 9149.JPG,Potato___Early_blight,Early Blight,256,256,1.0,65536,20.75,135.12,123.09,101.89,50.09,52.29,58.03,120.04,55.31,22.63,4.59,-27.22,Diseased,Small,Moderate,Red,120.03
77725a5a-c0b8-4b7c-bc42-ac99f51428c1___RS_Early.B 7401.JPG,PlantVillage\Potato___Early_blight\77725a5a-c0b8-4b7c-bc42-ac99f51428c1___RS_Early.B 7401.JPG,Potato___Early_blight,Early Blight,256,256,1.0,65536,19.54,138.85,147.33,116.04,40.25,39.05,57.15,134.07,48.08,7.16,19.89,-27.05,Diseased,Small,Moderate,Green,134.07
7795f733-eeb0-4353-bdb8-b2f4d8d622d4___RS_Early.B 6960.JPG,PlantVillage\Potato___Early_blight\7795f733-eeb0-4353-bdb8-b2f4d8d622d4___RS_Early.B 6960.JPG,Potato___Early_blight,Early Blight,256,256,1.0,65536,18.3,131.28,138.64,114.07,50.16,51.99,56.51,128.0,53.95,4.93,15.96,-20.89,Diseased,Small,Moderate,Green,128.0
779e2b0a-0922-41bc-9393-da3750494671___RS_Early.B 8382.JPG,PlantVillage\Potato___Early_blight\779e2b0a-0922-41bc-9393-da3750494671___RS_Early.B 8382.JPG,Potato___Early_blight,Early Blight,256,256,1.0,65536,17.79,142.84,148.35,123.05,46.96,44.14,51.99,138.08,49.03,7.14,15.4,-22.54,Diseased,Small,Moderate,Green,138.08
77b04047-8450-47d1-82f1-48f09f83387c___RS_Early.B 7042.JPG,PlantVillage\Potato___Early_blight\77b04047-8450-47d1-82f1-48f09f83387c___RS_Early.B 7042.JPG,Potato___Early_blight,Early Blight,256,256,1.0,65536,17.76,143.7,152.54,129.4,45.59,41.64,57.7,141.88,49.71,2.73,15.99,-18.72,Diseased,Small,Moderate,Green,141.88
77c86eac-945e-4942-8eab-1269373d645a___RS_Early.B 7755.JPG,PlantVillage\Potato___Early_blight\77c86eac-945e-4942-8eab-1269373d645a___RS_Early.B 7755.JPG,Potato___Early_blight,Early Blight,256,256,1.0,65536,18.61,131.7,137.24,122.66,47.35,44.03,53.66,130.53,48.88,1.76,10.06,-11.82,Diseased,Small,Moderate,Green,130.53
78071f69-3d02-4576-bd46-28732dd528aa___RS_Early.B 9228.JPG,PlantVillage\Potato___Early_blight\78071f69-3d02-4576-bd46-28732dd528aa___RS_Early.B 9228.JPG,Potato___Early_blight,Early Blight,256,256,1.0,65536,21.5,143.86,144.0,121.77,52.48,54.5,67.35,136.54,59.41,10.97,11.19,-22.16,Diseased,Small,Moderate,Green,136.54
78313ae7-3589-4d23-a5b6-0457e500bd1a___RS_Early.B 6768.JPG,PlantVillage\Potato___Early_blight\78313ae7-3589-4d23-a5b6-0457e500bd1a___RS_Early.B 6768.JPG,Potato___Early_blight,Early Blight,256,256,1.0,65536,20.15,134.89,136.32,112.24,51.06,52.72,63.66,127.82,57.17,10.61,12.76,-23.37,Diseased,Small,Moderate,Green,127.82
7855ccc3-28ac-4269-a8ce-618df8a27573___RS_Early.B 7834.JPG,PlantVillage\Potato___Early_blight\7855ccc3-28ac-4269-a8ce-618df8a27573___RS_Early.B 7834.JPG,Potato___Early_blight,Early Blight,256,256,1.0,65536,19.99,135.72,140.18,117.72,53.79,54.54,61.25,131.21,57.45,6.77,13.46,-20.23,Diseased,Small,Moderate,Green,131.21
78ca2c95-f7b7-43b8-a91f-9ca12ac814e8___RS_Early.B 7137.JPG,PlantVillage\Potato___Early_blight\78ca2c95-f7b7-43b8-a91f-9ca12ac814e8___RS_Early.B 7137.JPG,Potato___Early_blight,Early Blight,256,256,1.0,65536,18.99,135.49,138.48,123.88,51.07,49.82,63.27,132.61,55.41,4.31,8.79,-13.1,Diseased,Small,Moderate,Green,132.62
7a04081f-dd48-4a84-b7c1-611a50ae7886___RS_Early.B 8019.JPG,PlantVillage\Potato___Early_blight\7a04081f-dd48-4a84-b7c1-611a50ae7886___RS_Early.B 8019.JPG,Potato___Early_blight,Early Blight,256,256,1.0,65536,19.77,144.95,137.12,112.28,46.07,48.76,60.42,131.45,53.95,20.25,8.5,-28.76,Diseased,Small,Moderate,Red,131.45
7a3630ed-a43c-4957-a604-1de05e8e7f32___RS_Early.B 6795.JPG,PlantVillage\Potato___Early_blight\7a3630ed-a43c-4957-a604-1de05e8e7f32___RS_Early.B 6795.JPG,Potato___Early_blight,Early Blight,256,256,1.0,65536,19.66,135.29,138.93,111.99,58.36,61.09,63.17,128.74,62.06,9.83,15.28,-25.12,Diseased,Small,Moderate,Green,128.74
7a7ff9ee-1d6f-4ca8-a393-9c56ca74d7bb___RS_Early.B 8158.JPG,PlantVillage\Potato___Early_blight\7a7ff9ee-1d6f-4ca8-a393-9c56ca74d7bb___RS_Early.B 8158.JPG,Potato___Early_blight,Early Blight,256,256,1.0,65536,18.74,147.04,154.28,123.73,47.78,46.28,59.17,141.68,53.02,8.03,18.89,-26.92,Diseased,Small,Moderate,Green,141.68
7a84da2c-6c10-483f-9994-69aeedc21a57___RS_Early.B 7534.JPG,PlantVillage\Potato___Early_blight\7a84da2c-6c10-483f-9994-69aeedc21a57___RS_Early.B 7534.JPG,Potato___Early_blight,Early Blight,256,256,1.0,65536,19.29,157.17,149.81,110.83,58.18,60.62,64.87,139.27,64.57,26.85,15.81,-42.65,Diseased,Small,Moderate,Red,139.27
7a8f295d-dc08-4a25-ba7a-28995729b6b6___RS_Early.B 8243.JPG,PlantVillage\Potato___Early_blight\7a8f295d-dc08-4a25-ba7a-28995729b6b6___RS_Early.B 8243.JPG,Potato___Early_blight,Early Blight,256,256,1.0,65536,22.62,142.76,146.09,123.13,46.11,45.11,59.1,137.33,51.52,8.15,13.15,-21.29,Diseased,Small,Moderate,Green,137.33
7ace85c1-a488-4df2-8162-b73c17032099___RS_Early.B 7541.JPG,PlantVillage\Potato___Early_blight\7ace85c1-a488-4df2-8162-b73c17032099___RS_Early.B 7541.JPG,Potato___Early_blight,Early Blight,256,256,1.0,65536,17.7,130.95,141.63,111.36,43.62,42.47,57.1,127.98,49.79,4.46,20.47,-24.93,Diseased,Small,Moderate,Green,127.98
7b95c3ad-d550-4cc8-96e0-549ec04c7dea___RS_Early.B 7342.JPG,PlantVillage\Potato___Early_blight\7b95c3ad-d550-4cc8-96e0-549ec04c7dea___RS_Early.B 7342.JPG,Potato___Early_blight,Early Blight,256,256,1.0,65536,16.48,147.45,161.66,130.57,37.86,33.79,51.02,146.56,43.45,1.33,22.65,-23.98,Diseased,Small,Moderate,Green,146.56
7ba072ea-9bb3-4b5e-8fff-82758ff3f722___RS_Early.B 8262.JPG,PlantVillage\Potato___Early_blight\7ba072ea-9bb3-4b5e-8fff-82758ff3f722___RS_Early.B 8262.JPG,Potato___Early_blight,Early Blight,256,256,1.0,65536,20.02,123.58,118.12,103.31,61.23,62.85,68.35,115.01,64.78,12.87,4.67,-17.54,Diseased,Small,Moderate,Red,115.0
7c0e4eed-d8e2-410f-a7bf-9f5a1c4a566d___RS_Early.B 8042.JPG,PlantVillage\Potato___Early_blight\7c0e4eed-d8e2-410f-a7bf-9f5a1c4a566d___RS_Early.B 8042.JPG,Potato___Early_blight,Early Blight,256,256,1.0,65536,20.85,138.21,140.89,116.47,43.95,42.46,55.07,131.86,48.74,9.54,13.55,-23.08,Diseased,Small,Moderate,Green,131.86
7c9b2deb-6f9f-4671-bdcd-56481d8f0a35___RS_Early.B 8608.JPG,PlantVillage\Potato___Early_blight\7c9b2deb-6f9f-4671-bdcd-56481d8f0a35___RS_Early.B 8608.JPG,Potato___Early_blight,Early Blight,256,256,1.0,65536,17.67,105.53,106.75,89.63,51.12,48.91,51.21,100.64,51.02,7.34,9.17,-16.52,Diseased,Small,Moderate,Green,100.64
7cc0cb45-7fae-4d55-8dce-aa5e4484b7d9___RS_Early.B 7088.JPG,PlantVillage\Potato___Early_blight\7cc0cb45-7fae-4d55-8dce-aa5e4484b7d9___RS_Early.B 7088.JPG,Potato___Early_blight,Early Blight,256,256,1.0,65536,16.27,133.2,141.25,105.07,44.86,48.0,51.8,126.51,50.74,10.04,22.12,-32.16,Diseased,Small,Moderate,Green,126.51
7d056cd3-76d1-49f5-8491-a25e4fc4f852___RS_Early.B 8414.JPG,PlantVillage\Potato___Early_blight\7d056cd3-76d1-49f5-8491-a25e4fc4f852___RS_Early.B 8414.JPG,Potato___Early_blight,Early Blight,256,256,1.0,65536,15.94,149.18,151.58,121.04,42.35,37.33,56.76,140.6,48.25,12.86,16.47,-29.33,Diseased,Small,Moderate,Green,140.6
7d90df0a-da17-4641-9006-75aa7de6ed5e___RS_Early.B 8702.JPG,PlantVillage\Potato___Early_blight\7d90df0a-da17-4641-9006-75aa7de6ed5e___RS_Early.B 8702.JPG,Potato___Early_blight,Early Blight,256,256,1.0,65536,22.45,128.31,138.52,109.12,49.1,44.97,56.11,125.32,51.73,4.49,19.81,-24.3,Diseased,Small,Moderate,Green,125.32
7d92aa59-82fc-4c93-9d0e-728c0a944055___RS_Early.B 6965.JPG,PlantVillage\Potato___Early_blight\7d92aa59-82fc-4c93-9d0e-728c0a944055___RS_Early.B 6965.JPG,Potato___Early_blight,Early Blight,256,256,1.0,65536,19.78,146.5,154.12,129.76,49.6,48.3,64.73,143.46,55.66,4.56,15.99,-20.55,Diseased,Small,Moderate,Green,143.46
7dc2fac8-c581-4b69-9f54-dbe7d838956c___RS_Early.B 6677.JPG,PlantVillage\Potato___Early_blight\7dc2fac8-c581-4b69-9f54-dbe7d838956c___RS_Early.B 6677.JPG,Potato___Early_blight,Early Blight,256,256,1.0,65536,18.54,156.96,156.15,128.59,47.76,48.44,52.7,147.23,51.4,14.58,13.38,-27.96,Diseased,Small,Moderate,Red,147.23
7ea05f87-83d3-405e-84ee-f637426f4bab___RS_Early.B 6715.JPG,PlantVillage\Potato___Early_blight\7ea05f87-83d3-405e-84ee-f637426f4bab___RS_Early.B 6715.JPG,Potato___Early_blight,Early Blight,256,256,1.0,65536,20.33,162.83,157.22,116.82,51.34,51.62,54.44,145.62,56.35,25.81,17.39,-43.2,Diseased,Small,Moderate,Red,145.62
7f0c3ad4-67f7-4a6e-81da-5cdbe1c5ff8b___RS_Early.B 8453.JPG,PlantVillage\Potato___Early_blight\7f0c3ad4-67f7-4a6e-81da-5cdbe1c5ff8b___RS_Early.B 8453.JPG,Potato___Early_blight,Early Blight,256,256,1.0,65536,17.72,134.02,136.93,115.11,46.51,43.11,52.77,128.69,48.61,8.0,12.37,-20.37,Diseased,Small,Moderate,Green,128.69
7fb3dc5c-f90b-46fe-8eb6-2d21038976ff___RS_Early.B 7256.JPG,PlantVillage\Potato___Early_blight\7fb3dc5c-f90b-46fe-8eb6-2d21038976ff___RS_Early.B 7256.JPG,Potato___Early_blight,Early Blight,256,256,1.0,65536,18.26,153.81,156.87,125.35,45.23,47.37,58.45,145.34,52.63,12.7,17.29,-29.99,Diseased,Small,Moderate,Green,145.34
8002c1e4-0066-4764-9ed5-52d8334cd5c6___RS_Early.B 7855.JPG,PlantVillage\Potato___Early_blight\8002c1e4-0066-4764-9ed5-52d8334cd5c6___RS_Early.B 7855.JPG,Potato___Early_blight,Early Blight,256,256,1.0,65536,21.89,134.42,137.57,115.64,55.78,55.3,62.78,129.21,58.86,7.81,12.54,-20.35,Diseased,Small,Moderate,Green,129.21
8081f3a1-d992-43bf-afa4-402ed06a83b1___RS_Early.B 6860.JPG,PlantVillage\Potato___Early_blight\8081f3a1-d992-43bf-afa4-402ed06a83b1___RS_Early.B 6860.JPG,Potato___Early_blight,Early Blight,256,256,1.0,65536,22.19,133.41,144.49,124.98,49.92,48.09,61.02,134.29,53.91,-1.33,15.29,-13.97,Diseased,Small,Moderate,Green,134.29
811eba3a-112e-43dd-8b22-57f3cde4c504___RS_Early.B 7983.JPG,PlantVillage\Potato___Early_blight\811eba3a-112e-43dd-8b22-57f3cde4c504___RS_Early.B 7983.JPG,Potato___Early_blight,Early Blight,256,256,1.0,65536,20.1,115.37,126.08,100.92,56.48,54.72,61.68,114.12,58.61,1.87,17.93,-19.8,Diseased,Small,Moderate,Green,114.12
81bc4d94-be1f-4127-8203-da3ae29aa3d5___RS_Early.B 7305.JPG,PlantVillage\Potato___Early_blight\81bc4d94-be1f-4127-8203-da3ae29aa3d5___RS_Early.B 7305.JPG,Potato___Early_blight,Early Blight,256,256,1.0,65536,19.71,149.89,155.39,121.96,41.43,42.29,55.79,142.41,49.19,11.22,19.46,-30.68,Diseased,Small,Moderate,Green,142.41
82048f32-5a2c-491c-8771-109a1024fd5a___RS_Early.B 8199.JPG,PlantVillage\Potato___Early_blight\82048f32-5a2c-491c-8771-109a1024fd5a___RS_Early.B 8199.JPG,Potato___Early_blight,Early Blight,256,256,1.0,65536,20.88,127.64,136.66,109.65,50.76,48.31,58.58,124.65,53.91,4.48,18.01,-22.49,Diseased,Small,Moderate,Green,124.65
82611670-959a-401b-8ed0-4b4fdad5679e___RS_Early.B 8003.JPG,PlantVillage\Potato___Early_blight\82611670-959a-401b-8ed0-4b4fdad5679e___RS_Early.B 8003.JPG,Potato___Early_blight,Early Blight,256,256,1.0,65536,21.67,134.32,133.76,108.45,50.25,51.74,58.81,125.51,55.07,13.22,12.37,-25.58,Diseased,Small,Moderate,Red,125.51
82654962-5b0d-44ed-9ca4-84be55ba23a6___RS_Early.B 6877.JPG,PlantVillage\Potato___Early_blight\82654962-5b0d-44ed-9ca4-84be55ba23a6___RS_Early.B 6877.JPG,Potato___Early_blight,Early Blight,256,256,1.0,65536,21.31,121.48,132.11,106.73,57.8,55.96,68.64,120.11,61.94,2.05,18.01,-20.06,Diseased,Small,Moderate,Green,120.11
82927769-4d4a-4f19-a806-a02f435ad17d___RS_Early.B 7886.JPG,PlantVillage\Potato___Early_blight\82927769-4d4a-4f19-a806-a02f435ad17d___RS_Early.B 7886.JPG,Potato___Early_blight,Early Blight,256,256,1.0,65536,21.97,136.58,145.97,128.35,56.27,52.69,62.31,136.96,57.68,-0.58,13.5,-12.92,Diseased,Small,Moderate,Green,136.97
82a783e4-ba41-42af-96a8-ebc67abe905d___RS_Early.B 7439.JPG,PlantVillage\Potato___Early_blight\82a783e4-ba41-42af-96a8-ebc67abe905d___RS_Early.B 7439.JPG,Potato___Early_blight,Early Blight,256,256,1.0,65536,18.1,147.08,152.49,116.46,45.68,46.78,56.55,138.68,52.37,12.6,20.72,-33.32,Diseased,Small,Moderate,Green,138.68
82cdc0bb-ac22-429d-ad70-2ec0d771dd39___RS_Early.B 7405.JPG,PlantVillage\Potato___Early_blight\82cdc0bb-ac22-429d-ad70-2ec0d771dd39___RS_Early.B 7405.JPG,Potato___Early_blight,Early Blight,256,256,1.0,65536,20.2,155.56,164.83,131.57,51.38,51.02,63.97,150.66,57.52,7.36,21.27,-28.62,Diseased,Small,Bright,Green,150.65
833c373e-d3fc-4d1e-86e7-8bd11d41a33e___RS_Early.B 7509.JPG,PlantVillage\Potato___Early_blight\833c373e-d3fc-4d1e-86e7-8bd11d41a33e___RS_Early.B 7509.JPG,Potato___Early_blight,Early Blight,256,256,1.0,65536,19.21,155.46,155.82,112.33,49.79,50.69,60.11,141.2,57.48,21.39,21.92,-43.31,Diseased,Small,Moderate,Green,141.2
835e6cde-b1e2-48e6-b616-e0a4ca05b127___RS_Early.B 7143.JPG,PlantVillage\Potato___Early_blight\835e6cde-b1e2-48e6-b616-e0a4ca05b127___RS_Early.B 7143.JPG,Potato___Early_blight,Early Blight,256,256,1.0,65536,18.79,131.96,142.23,108.08,47.58,48.82,59.08,127.42,54.01,6.8,22.21,-29.02,Diseased,Small,Moderate,Green,127.42
838c8a0a-d112-4940-9a5d-221b4e9cc4c8___RS_Early.B 6967.JPG,PlantVillage\Potato___Early_blight\838c8a0a-d112-4940-9a5d-221b4e9cc4c8___RS_Early.B 6967.JPG,Potato___Early_blight,Early Blight,256,256,1.0,65536,20.41,133.51,132.56,99.87,53.7,55.68,66.16,121.98,60.81,17.3,15.87,-33.16,Diseased,Small,Moderate,Red,121.98
839a8aeb-9bcc-4fd9-b196-639d6f681426___RS_Early.B 7068.JPG,PlantVillage\Potato___Early_blight\839a8aeb-9bcc-4fd9-b196-639d6f681426___RS_Early.B 7068.JPG,Potato___Early_blight,Early Blight,256,256,1.0,65536,20.4,129.7,141.06,125.67,50.38,46.35,58.4,132.14,52.36,-3.66,13.37,-9.71,Diseased,Small,Moderate,Green,132.14
83b7d891-0fe8-47b8-b6e1-693493a2988a___RS_Early.B 8707.JPG,PlantVillage\Potato___Early_blight\83b7d891-0fe8-47b8-b6e1-693493a2988a___RS_Early.B 8707.JPG,Potato___Early_blight,Early Blight,256,256,1.0,65536,18.76,120.75,131.44,105.5,46.44,44.78,50.41,119.23,48.45,2.28,18.32,-20.59,Diseased,Small,Moderate,Green,119.23
83e334ee-bd8c-4aa5-bb8e-bc64d99bd5e2___RS_Early.B 7329.JPG,PlantVillage\Potato___Early_blight\83e334ee-bd8c-4aa5-bb8e-bc64d99bd5e2___RS_Early.B 7329.JPG,Potato___Early_blight,Early Blight,256,256,1.0,65536,18.51,139.42,147.94,134.29,43.37,41.83,52.19,140.55,46.37,-1.7,11.09,-9.38,Diseased,Small,Moderate,Green,140.55
83f244c6-e33e-4fbb-a9ef-3996cd25a547___RS_Early.B 8700.JPG,PlantVillage\Potato___Early_blight\83f244c6-e33e-4fbb-a9ef-3996cd25a547___RS_Early.B 8700.JPG,Potato___Early_blight,Early Blight,256,256,1.0,65536,19.85,143.73,154.53,121.36,46.43,43.84,54.89,139.87,50.54,5.78,21.99,-27.77,Diseased,Small,Moderate,Green,139.87
8435fd63-0136-44f9-8dd4-6ca27bcddd97___RS_Early.B 7017.JPG,PlantVillage\Potato___Early_blight\8435fd63-0136-44f9-8dd4-6ca27bcddd97___RS_Early.B 7017.JPG,Potato___Early_blight,Early Blight,256,256,1.0,65536,19.07,132.19,137.06,95.88,50.48,52.89,60.33,121.71,57.73,15.72,23.03,-38.74,Diseased,Small,Moderate,Green,121.71
84546db4-ea7c-4357-bf3d-6afcae9a05bf___RS_Early.B 7637.JPG,PlantVillage\Potato___Early_blight\84546db4-ea7c-4357-bf3d-6afcae9a05bf___RS_Early.B 7637.JPG,Potato___Early_blight,Early Blight,256,256,1.0,65536,22.02,127.07,135.95,116.1,47.79,44.67,55.86,126.37,50.32,1.05,14.36,-15.41,Diseased,Small,Moderate,Green,126.37
848336c4-eaad-47e7-8458-5e80d5520d05___RS_Early.B 7729.JPG,PlantVillage\Potato___Early_blight\848336c4-eaad-47e7-8458-5e80d5520d05___RS_Early.B 7729.JPG,Potato___Early_blight,Early Blight,256,256,1.0,65536,18.94,140.68,146.58,125.52,49.45,47.86,59.61,137.59,53.31,4.62,13.48,-18.1,Diseased,Small,Moderate,Green,137.59
8493b49f-1b73-4d5c-b6f9-ae9a41091643___RS_Early.B 6720.JPG,PlantVillage\Potato___Early_blight\8493b49f-1b73-4d5c-b6f9-ae9a41091643___RS_Early.B 6720.JPG,Potato___Early_blight,Early Blight,256,256,1.0,65536,19.01,163.99,170.91,142.09,38.97,39.79,51.3,159.0,45.41,7.49,17.87,-25.36,Diseased,Small,Bright,Green,159.0
849daa7e-b5ea-4445-93f9-b21d43c1bd44___RS_Early.B 7193.JPG,PlantVillage\Potato___Early_blight\849daa7e-b5ea-4445-93f9-b21d43c1bd44___RS_Early.B 7193.JPG,Potato___Early_blight,Early Blight,256,256,1.0,65536,20.17,129.14,139.24,115.36,49.22,48.44,56.67,127.91,52.5,1.84,16.99,-18.83,Diseased,Small,Moderate,Green,127.91
84a61cf3-fdc2-42bd-82d8-8dcf20e9d374___RS_Early.B 8130.JPG,PlantVillage\Potato___Early_blight\84a61cf3-fdc2-42bd-82d8-8dcf20e9d374___RS_Early.B 8130.JPG,Potato___Early_blight,Early Blight,256,256,1.0,65536,17.75,139.7,147.18,111.69,48.79,50.45,56.14,132.86,54.09,10.27,21.48,-31.75,Diseased,Small,Moderate,Green,132.86
853f6d7a-836c-4829-ba2c-2eeada2089cc___RS_Early.B 7208.JPG,PlantVillage\Potato___Early_blight\853f6d7a-836c-4829-ba2c-2eeada2089cc___RS_Early.B 7208.JPG,Potato___Early_blight,Early Blight,256,256,1.0,65536,20.41,123.53,135.61,116.91,46.54,45.78,55.48,125.35,50.06,-2.73,15.39,-12.66,Diseased,Small,Moderate,Green,125.35
85531704-18a5-4f98-8c1d-25709ecf77f8___RS_Early.B 8214.JPG,PlantVillage\Potato___Early_blight\85531704-18a5-4f98-8c1d-25709ecf77f8___RS_Early.B 8214.JPG,Potato___Early_blight,Early Blight,256,256,1.0,65536,18.69,147.42,145.12,111.94,49.84,49.99,60.76,134.83,56.17,18.89,15.44,-34.33,Diseased,Small,Moderate,Red,134.83
85626b40-beca-4bc0-90ed-fc6090c6b18e___RS_Early.B 8598.JPG,PlantVillage\Potato___Early_blight\85626b40-beca-4bc0-90ed-fc6090c6b18e___RS_Early.B 8598.JPG,Potato___Early_blight,Early Blight,256,256,1.0,65536,19.48,130.01,135.02,109.31,51.27,46.17,55.64,124.78,52.37,7.84,15.37,-23.21,Diseased,Small,Moderate,Green,124.78
85a38441-6df7-4401-9905-fba74ebfa717___RS_Early.B 8230.JPG,PlantVillage\Potato___Early_blight\85a38441-6df7-4401-9905-fba74ebfa717___RS_Early.B 8230.JPG,Potato___Early_blight,Early Blight,256,256,1.0,65536,18.82,141.62,144.17,115.01,45.37,45.06,57.02,133.6,51.19,12.03,15.86,-27.88,Diseased,Small,Moderate,Green,133.6
85a9856f-d5ae-4740-a038-517489a25ff5___RS_Early.B 8635.JPG,PlantVillage\Potato___Early_blight\85a9856f-d5ae-4740-a038-517489a25ff5___RS_Early.B 8635.JPG,Potato___Early_blight,Early Blight,256,256,1.0,65536,17.9,133.39,140.1,107.37,48.71,43.97,59.64,126.95,53.11,9.66,19.72,-29.38,Diseased,Small,Moderate,Green,126.95
8636092c-9357-4b4c-9d2d-c45c3dcf9253___RS_Early.B 7981.JPG,PlantVillage\Potato___Early_blight\8636092c-9357-4b4c-9d2d-c45c3dcf9253___RS_Early.B 7981.JPG,Potato___Early_blight,Early Blight,256,256,1.0,65536,21.06,127.19,136.64,112.53,49.68,44.9,58.66,125.46,52.35,2.6,16.78,-19.38,Diseased,Small,Moderate,Green,125.45
86562214-f8b9-4105-9513-4847520aff9a___RS_Early.B 7515.JPG,PlantVillage\Potato___Early_blight\86562214-f8b9-4105-9513-4847520aff9a___RS_Early.B 7515.JPG,Potato___Early_blight,Early Blight,256,256,1.0,65536,20.99,141.8,140.21,102.54,46.85,47.49,57.4,128.18,53.95,20.42,18.04,-38.46,Diseased,Small,Moderate,Red,128.18
86a65e8c-c7cf-45f7-8619-422eb6f1a40d___RS_Early.B 7745.JPG,PlantVillage\Potato___Early_blight\86a65e8c-c7cf-45f7-8619-422eb6f1a40d___RS_Early.B 7745.JPG,Potato___Early_blight,Early Blight,256,256,1.0,65536,20.8,119.88,128.22,109.79,53.96,50.74,59.39,119.3,55.32,0.88,13.38,-14.25,Diseased,Small,Moderate,Green,119.3
86e98583-f506-4cb7-ba11-eea466662ec7___RS_Early.B 7335.JPG,PlantVillage\Potato___Early_blight\86e98583-f506-4cb7-ba11-eea466662ec7___RS_Early.B 7335.JPG,Potato___Early_blight,Early Blight,256,256,1.0,65536,17.98,137.31,148.09,123.74,41.57,35.76,53.68,136.38,45.41,1.4,17.56,-18.96,Diseased,Small,Moderate,Green,136.38
8784362f-5fc6-4ad9-b11d-d06b272cefb5___RS_Early.B 6907.JPG,PlantVillage\Potato___Early_blight\8784362f-5fc6-4ad9-b11d-d06b272cefb5___RS_Early.B 6907.JPG,Potato___Early_blight,Early Blight,256,256,1.0,65536,20.96,137.99,147.56,111.66,47.43,48.96,59.74,132.4,54.49,8.38,22.73,-31.11,Diseased,Small,Moderate,Green,132.4
879d0dfe-d17d-486a-992c-d80089133c50___RS_Early.B 7428.JPG,PlantVillage\Potato___Early_blight\879d0dfe-d17d-486a-992c-d80089133c50___RS_Early.B 7428.JPG,Potato___Early_blight,Early Blight,256,256,1.0,65536,17.21,150.96,152.73,119.5,53.04,54.17,63.89,141.07,59.24,14.85,17.49,-32.34,Diseased,Small,Moderate,Green,141.06
87c0254c-c987-4c54-adda-45c5e7346170___RS_Early.B 8848.JPG,PlantVillage\Potato___Early_blight\87c0254c-c987-4c54-adda-45c5e7346170___RS_Early.B 8848.JPG,Potato___Early_blight,Early Blight,256,256,1.0,65536,19.54,127.42,131.97,100.69,49.68,49.1,56.86,120.03,53.8,11.09,17.91,-29.0,Diseased,Small,Moderate,Green,120.03
887347a3-ee1c-4141-a423-ffe050dd246e___RS_Early.B 7851.JPG,PlantVillage\Potato___Early_blight\887347a3-ee1c-4141-a423-ffe050dd246e___RS_Early.B 7851.JPG,Potato___Early_blight,Early Blight,256,256,1.0,65536,19.74,126.15,129.91,109.73,55.3,54.7,62.65,121.93,58.33,6.33,11.97,-18.3,Diseased,Small,Moderate,Green,121.93
88c63d75-4423-4233-9097-728af8a52033___RS_Early.B 6862.JPG,PlantVillage\Potato___Early_blight\88c63d75-4423-4233-9097-728af8a52033___RS_Early.B 6862.JPG,Potato___Early_blight,Early Blight,256,256,1.0,65536,22.9,136.47,147.25,126.12,45.13,43.98,54.93,136.61,49.03,-0.21,15.96,-15.74,Diseased,Small,Moderate,Green,136.61
88e29276-8c4f-4d15-b3d4-d1db0a05cac1___RS_Early.B 6973.JPG,PlantVillage\Potato___Early_blight\88e29276-8c4f-4d15-b3d4-d1db0a05cac1___RS_Early.B 6973.JPG,Potato___Early_blight,Early Blight,256,256,1.0,65536,20.32,156.3,152.28,123.35,53.91,56.16,64.64,143.97,60.24,18.49,12.46,-30.94,Diseased,Small,Moderate,Red,143.98
89273b26-09d5-4bf7-a6a5-22c47a613b93___RS_Early.B 7383.JPG,PlantVillage\Potato___Early_blight\89273b26-09d5-4bf7-a6a5-22c47a613b93___RS_Early.B 7383.JPG,Potato___Early_blight,Early Blight,256,256,1.0,65536,21.22,147.87,159.66,138.81,52.01,47.75,60.3,148.78,54.28,-1.36,16.32,-14.96,Diseased,Small,Moderate,Green,148.78
8994b76b-6e1e-42d3-b07c-99abca3fa35b___RS_Early.B 7762.JPG,PlantVillage\Potato___Early_blight\8994b76b-6e1e-42d3-b07c-99abca3fa35b___RS_Early.B 7762.JPG,Potato___Early_blight,Early Blight,256,256,1.0,65536,20.03,129.98,136.2,122.51,51.48,50.08,58.08,129.57,53.62,0.62,9.96,-10.58,Diseased,Small,Moderate,Green,129.56
89b2e456-737b-4020-b788-c3f6a4927e69___RS_Early.B 7371.JPG,PlantVillage\Potato___Early_blight\89b2e456-737b-4020-b788-c3f6a4927e69___RS_Early.B 7371.JPG,Potato___Early_blight,Early Blight,256,256,1.0,65536,19.43,160.42,163.67,126.91,50.14,51.75,59.16,150.33,56.33,15.13,20.0,-35.14,Diseased,Small,Bright,Green,150.33
89d4dba2-3d9c-46fe-bac3-6be833b01351___RS_Early.B 6749.JPG,PlantVillage\Potato___Early_blight\89d4dba2-3d9c-46fe-bac3-6be833b01351___RS_Early.B 6749.JPG,Potato___Early_blight,Early Blight,256,256,1.0,65536,22.31,129.77,141.95,114.85,57.99,59.32,65.12,128.85,61.89,1.37,19.64,-21.01,Diseased,Small,Moderate,Green,128.86
8a9f0340-d5d1-479b-9dc5-d8df11685951___RS_Early.B 7024.JPG,PlantVillage\Potato___Early_blight\8a9f0340-d5d1-479b-9dc5-d8df11685951___RS_Early.B 7024.JPG,Potato___Early_blight,Early Blight,256,256,1.0,65536,19.94,129.66,136.35,119.09,55.84,53.91,66.33,128.37,59.38,1.94,11.98,-13.92,Diseased,Small,Moderate,Green,128.37
8ace7694-6cdd-495e-a987-f9c0ee82bcab___RS_Early.B 9016.JPG,PlantVillage\Potato___Early_blight\8ace7694-6cdd-495e-a987-f9c0ee82bcab___RS_Early.B 9016.JPG,Potato___Early_blight,Early Blight,256,256,1.0,65536,20.11,154.88,153.24,122.38,35.2,37.96,48.4,143.5,43.56,17.07,14.61,-31.68,Diseased,Small,Moderate,Red,143.5
8b20db6d-9c57-46d7-b40d-c6a809b49e07___RS_Early.B 9127.JPG,PlantVillage\Potato___Early_blight\8b20db6d-9c57-46d7-b40d-c6a809b49e07___RS_Early.B 9127.JPG,Potato___Early_blight,Early Blight,256,256,1.0,65536,20.07,133.99,128.38,101.25,55.13,56.37,55.88,121.21,57.6,19.17,10.76,-29.93,Diseased,Small,Moderate,Red,121.21
8b5e48c6-7fac-4c87-bae4-6dd4ca5d110d___RS_Early.B 8905.JPG,PlantVillage\Potato___Early_blight\8b5e48c6-7fac-4c87-bae4-6dd4ca5d110d___RS_Early.B 8905.JPG,Potato___Early_blight,Early Blight,256,256,1.0,65536,20.55,139.71,146.9,116.72,48.18,48.73,56.72,134.44,52.95,7.9,18.68,-26.58,Diseased,Small,Moderate,Green,134.44
8bcbd0ab-e530-4b6c-83a2-e0c649abbdaf___RS_Early.B 6676.JPG,PlantVillage\Potato___Early_blight\8bcbd0ab-e530-4b6c-83a2-e0c649abbdaf___RS_Early.B 6676.JPG,Potato___Early_blight,Early Blight,256,256,1.0,65536,20.29,122.94,136.01,105.58,57.5,55.86,67.26,121.51,61.69,2.14,21.75,-23.9,Diseased,Small,Moderate,Green,121.51
8be5bc25-febc-4bde-bd2b-01a54d3c6e3c___RS_Early.B 8760.JPG,PlantVillage\Potato___Early_blight\8be5bc25-febc-4bde-bd2b-01a54d3c6e3c___RS_Early.B 8760.JPG,Potato___Early_blight,Early Blight,256,256,1.0,65536,17.02,130.11,129.65,102.86,50.52,48.28,58.93,120.88,54.29,13.85,13.17,-27.02,Diseased,Small,Moderate,Red,120.87
8c01f338-2648-4bcf-99cb-853978b39014___RS_Early.B 6742.JPG,PlantVillage\Potato___Early_blight\8c01f338-2648-4bcf-99cb-853978b39014___RS_Early.B 6742.JPG,Potato___Early_blight,Early Blight,256,256,1.0,65536,23.03,142.82,150.04,130.0,56.43,55.79,68.0,140.95,60.9,2.8,13.63,-16.43,Diseased,Small,Moderate,Green,140.95
8c1f94fb-d8e0-4607-a967-b71408dfd1ab___RS_Early.B 8723.JPG,PlantVillage\Potato___Early_blight\8c1f94fb-d8e0-4607-a967-b71408dfd1ab___RS_Early.B 8723.JPG,Potato___Early_blight,Early Blight,256,256,1.0,65536,14.96,102.28,120.66,123.78,41.33,38.1,46.07,115.57,43.02,-19.94,7.63,12.31,Diseased,Small,Moderate,Blue,115.57
8c3d0f9e-3a77-4ec2-a9ad-d996caa2c562___RS_Early.B 6887.JPG,PlantVillage\Potato___Early_blight\8c3d0f9e-3a77-4ec2-a9ad-d996caa2c562___RS_Early.B 6887.JPG,Potato___Early_blight,Early Blight,256,256,1.0,65536,21.87,132.14,145.52,124.11,48.64,48.84,56.19,133.93,52.1,-2.67,17.4,-14.72,Diseased,Small,Moderate,Green,133.92
8ce2ee77-109f-4a08-bee9-2877c2201056___RS_Early.B 6834.JPG,PlantVillage\Potato___Early_blight\8ce2ee77-109f-4a08-bee9-2877c2201056___RS_Early.B 6834.JPG,Potato___Early_blight,Early Blight,256,256,1.0,65536,22.65,136.22,146.42,128.48,48.55,46.94,58.98,137.04,52.28,-1.23,14.07,-12.84,Diseased,Small,Moderate,Green,137.04
8d015dcf-e4da-41b7-9d81-8d160000accf___RS_Early.B 7264.JPG,PlantVillage\Potato___Early_blight\8d015dcf-e4da-41b7-9d81-8d160000accf___RS_Early.B 7264.JPG,Potato___Early_blight,Early Blight,256,256,1.0,65536,17.03,148.73,147.46,113.77,40.75,43.49,51.88,136.66,48.41,18.11,16.21,-34.33,Diseased,Small,Moderate,Red,136.65
8d8382dc-c4aa-4118-8aae-d0c372dce562___RS_Early.B 7336.JPG,PlantVillage\Potato___Early_blight\8d8382dc-c4aa-4118-8aae-d0c372dce562___RS_Early.B 7336.JPG,Potato___Early_blight,Early Blight,256,256,1.0,65536,17.88,122.52,133.06,109.75,46.87,43.25,57.0,121.77,50.29,1.11,16.92,-18.04,Diseased,Small,Moderate,Green,121.78
8da2d8a3-159e-48eb-9ae6-fd82bdb22d5d___RS_Early.B 6923.JPG,PlantVillage\Potato___Early_blight\8da2d8a3-159e-48eb-9ae6-fd82bdb22d5d___RS_Early.B 6923.JPG,Potato___Early_blight,Early Blight,256,256,1.0,65536,19.87,146.64,150.56,115.2,48.49,50.54,60.25,137.47,55.64,13.76,19.64,-33.41,Diseased,Small,Moderate,Green,137.47
8df7a062-73d6-468e-8354-baa641dd69b3___RS_Early.B 7072.JPG,PlantVillage\Potato___Early_blight\8df7a062-73d6-468e-8354-baa641dd69b3___RS_Early.B 7072.JPG,Potato___Early_blight,Early Blight,256,256,1.0,65536,19.98,127.1,134.47,107.3,51.94,55.42,59.72,122.96,56.95,6.21,17.27,-23.48,Diseased,Small,Moderate,Green,122.96
8e05b766-d0a9-4621-9bb4-d16bef411dda___RS_Early.B 7238.JPG,PlantVillage\Potato___Early_blight\8e05b766-d0a9-4621-9bb4-d16bef411dda___RS_Early.B 7238.JPG,Potato___Early_blight,Early Blight,256,256,1.0,65536,17.99,154.94,162.13,131.8,48.41,50.28,57.0,149.62,53.61,7.97,18.76,-26.74,Diseased,Small,Moderate,Green,149.62
8e384f1d-1a56-4fcc-8e06-a65ee86270a8___RS_Early.B 7278.JPG,PlantVillage\Potato___Early_blight\8e384f1d-1a56-4fcc-8e06-a65ee86270a8___RS_Early.B 7278.JPG,Potato___Early_blight,Early Blight,256,256,1.0,65536,18.88,143.71,153.91,134.81,40.47,38.14,49.82,144.15,43.81,-0.65,14.65,-14.0,Diseased,Small,Moderate,Green,144.14
8e8ec280-1469-4286-ac93-0d88f393d21c___RS_Early.B 7891.JPG,PlantVillage\Potato___Early_blight\8e8ec280-1469-4286-ac93-0d88f393d21c___RS_Early.B 7891.JPG,Potato___Early_blight,Early Blight,256,256,1.0,65536,21.65,137.81,147.17,129.74,51.04,47.95,58.69,138.24,53.23,-0.65,13.4,-12.74,Diseased,Small,Moderate,Green,138.24
8e99bd85-9c90-4d29-ba2c-2110f46cef07___RS_Early.B 8570.JPG,PlantVillage\Potato___Early_blight\8e99bd85-9c90-4d29-ba2c-2110f46cef07___RS_Early.B 8570.JPG,Potato___Early_blight,Early Blight,256,256,1.0,65536,18.29,138.41,140.68,117.48,42.61,38.27,50.96,132.19,45.47,9.33,12.74,-22.06,Diseased,Small,Moderate,Green,132.19
8ee79bf1-78d0-4c93-b42c-301d54e64f41___RS_Early.B 8388.JPG,PlantVillage\Potato___Early_blight\8ee79bf1-78d0-4c93-b42c-301d54e64f41___RS_Early.B 8388.JPG,Potato___Early_blight,Early Blight,256,256,1.0,65536,18.0,129.8,133.95,114.27,51.13,50.28,54.25,126.01,52.6,5.69,11.92,-17.6,Diseased,Small,Moderate,Green,126.01
8f0e2872-e5c6-43b2-97f9-269da00cd400___RS_Early.B 8089.JPG,PlantVillage\Potato___Early_blight\8f0e2872-e5c6-43b2-97f9-269da00cd400___RS_Early.B 8089.JPG,Potato___Early_blight,Early Blight,256,256,1.0,65536,20.1,144.52,137.93,109.39,53.48,57.72,61.48,130.61,59.63,20.86,10.97,-31.84,Diseased,Small,Moderate,Red,130.61
8f0e6484-7d27-4ee1-849a-316c6195b139___RS_Early.B 6840.JPG,PlantVillage\Potato___Early_blight\8f0e6484-7d27-4ee1-849a-316c6195b139___RS_Early.B 6840.JPG,Potato___Early_blight,Early Blight,256,256,1.0,65536,22.66,128.78,139.31,118.65,49.52,46.85,61.08,128.91,53.51,-0.2,15.59,-15.4,Diseased,Small,Moderate,Green,128.91
8f3f9eed-1a3d-4f0f-adcc-0fe3a832d95f___RS_Early.B 8518.JPG,PlantVillage\Potato___Early_blight\8f3f9eed-1a3d-4f0f-adcc-0fe3a832d95f___RS_Early.B 8518.JPG,Potato___Early_blight,Early Blight,256,256,1.0,65536,16.75,106.63,125.04,117.61,40.54,33.91,48.84,116.43,42.23,-14.69,12.91,1.78,Diseased,Small,Moderate,Green,116.43
8f6d9148-ae73-42cc-be78-baca869d1543___RS_Early.B 6805.JPG,PlantVillage\Potato___Early_blight\8f6d9148-ae73-42cc-be78-baca869d1543___RS_Early.B 6805.JPG,Potato___Early_blight,Early Blight,256,256,1.0,65536,20.56,131.89,142.49,119.77,48.89,46.33,60.03,131.39,52.91,0.76,16.65,-17.42,Diseased,Small,Moderate,Green,131.38
8f78af6a-aec1-4e63-a27b-bada4a56d636___RS_Early.B 7643.JPG,PlantVillage\Potato___Early_blight\8f78af6a-aec1-4e63-a27b-bada4a56d636___RS_Early.B 7643.JPG,Potato___Early_blight,Early Blight,256,256,1.0,65536,20.3,139.42,145.01,131.0,53.31,49.19,62.05,138.48,55.41,1.42,9.8,-11.21,Diseased,Small,Moderate,Green,138.48
8f9aef15-0a7e-4b1f-883f-30b8cbc72fe4___RS_Early.B 7898.JPG,PlantVillage\Potato___Early_blight\8f9aef15-0a7e-4b1f-883f-30b8cbc72fe4___RS_Early.B 7898.JPG,Potato___Early_blight,Early Blight,256,256,1.0,65536,19.8,139.4,143.74,121.9,49.39,46.92,60.63,135.01,53.49,6.58,13.09,-19.67,Diseased,Small,Moderate,Green,135.01
8fcea4b7-97df-428e-a0ac-635108307e88___RS_Early.B 9229.JPG,PlantVillage\Potato___Early_blight\8fcea4b7-97df-428e-a0ac-635108307e88___RS_Early.B 9229.JPG,Potato___Early_blight,Early Blight,256,256,1.0,65536,19.68,144.4,143.79,124.58,46.95,47.24,60.99,137.59,52.95,10.22,9.3,-19.52,Diseased,Small,Moderate,Red,137.59
8ff3274d-02b2-4859-9415-982aa4ec7d8c___RS_Early.B 7465.JPG,PlantVillage\Potato___Early_blight\8ff3274d-02b2-4859-9415-982aa4ec7d8c___RS_Early.B 7465.JPG,Potato___Early_blight,Early Blight,256,256,1.0,65536,22.36,147.18,147.16,119.28,45.47,47.57,56.37,137.87,51.73,13.96,13.94,-27.89,Diseased,Small,Moderate,Red,137.87
900514b4-8768-4370-bc53-998e390644db___RS_Early.B 7788.JPG,PlantVillage\Potato___Early_blight\900514b4-8768-4370-bc53-998e390644db___RS_Early.B 7788.JPG,Potato___Early_blight,Early Blight,256,256,1.0,65536,21.71,131.29,139.02,120.56,46.4,41.57,54.57,130.29,48.41,1.51,13.09,-14.6,Diseased,Small,Moderate,Green,130.29
902d81fd-7e78-44b6-b71b-efa61e018c65___RS_Early.B 8100.JPG,PlantVillage\Potato___Early_blight\902d81fd-7e78-44b6-b71b-efa61e018c65___RS_Early.B 8100.JPG,Potato___Early_blight,Early Blight,256,256,1.0,65536,18.01,139.92,142.61,115.17,52.36,53.24,59.63,132.57,56.54,11.03,15.07,-26.1,Diseased,Small,Moderate,Green,132.57
904770c5-2c05-43a1-a4d7-bccb5eafe1b7___RS_Early.B 7129.JPG,PlantVillage\Potato___Early_blight\904770c5-2c05-43a1-a4d7-bccb5eafe1b7___RS_Early.B 7129.JPG,Potato___Early_blight,Early Blight,256,256,1.0,65536,19.6,128.24,134.23,112.72,45.71,43.4,59.13,125.06,50.71,4.77,13.75,-18.52,Diseased,Small,Moderate,Green,125.06
904dba96-8ff1-45e2-af16-9c9cc5865c32___RS_Early.B 7349.JPG,PlantVillage\Potato___Early_blight\904dba96-8ff1-45e2-af16-9c9cc5865c32___RS_Early.B 7349.JPG,Potato___Early_blight,Early Blight,256,256,1.0,65536,17.63,138.25,147.25,131.03,40.36,35.48,48.68,138.84,42.38,-0.89,12.61,-11.73,Diseased,Small,Moderate,Green,138.84
906218cf-65e8-4713-841f-01707a9dd20c___RS_Early.B 7270.JPG,PlantVillage\Potato___Early_blight\906218cf-65e8-4713-841f-01707a9dd20c___RS_Early.B 7270.JPG,Potato___Early_blight,Early Blight,256,256,1.0,65536,18.7,152.83,151.31,122.77,48.4,50.11,59.88,142.3,54.81,15.79,13.51,-29.3,Diseased,Small,Moderate,Red,142.3
906bb6f0-e61b-42f2-83a9-22593dadcedc___RS_Early.B 8564.JPG,PlantVillage\Potato___Early_blight\906bb6f0-e61b-42f2-83a9-22593dadcedc___RS_Early.B 8564.JPG,Potato___Early_blight,Early Blight,256,256,1.0,65536,18.73,139.3,138.69,112.26,47.2,45.18,57.38,130.08,51.76,13.82,12.91,-26.74,Diseased,Small,Moderate,Red,130.08
907f26c5-5996-41b3-877b-7de6122699a9___RS_Early.B 7758.JPG,PlantVillage\Potato___Early_blight\907f26c5-5996-41b3-877b-7de6122699a9___RS_Early.B 7758.JPG,Potato___Early_blight,Early Blight,256,256,1.0,65536,19.7,134.69,140.65,129.35,53.67,49.83,60.43,134.9,55.01,-0.31,8.63,-8.32,Diseased,Small,Moderate,Green,134.9
90d47c2a-c84e-498c-b30d-f368e75611a7___RS_Early.B 7778.JPG,PlantVillage\Potato___Early_blight\90d47c2a-c84e-498c-b30d-f368e75611a7___RS_Early.B 7778.JPG,Potato___Early_blight,Early Blight,256,256,1.0,65536,20.99,131.97,129.51,110.46,56.52,58.8,64.11,123.98,60.66,11.99,8.3,-20.29,Diseased,Small,Moderate,Red,123.98
90efe2c3-3e9b-4c76-9ab9-b74b2b2ecf36___RS_Early.B 7582.JPG,PlantVillage\Potato___Early_blight\90efe2c3-3e9b-4c76-9ab9-b74b2b2ecf36___RS_Early.B 7582.JPG,Potato___Early_blight,Early Blight,256,256,1.0,65536,18.94,140.46,135.14,90.32,51.48,53.69,53.26,121.97,57.41,27.73,19.75,-47.48,Diseased,Small,Moderate,Red,121.97
91008080-0b15-41f0-ab72-5b6a3582239d___RS_Early.B 6954.JPG,PlantVillage\Potato___Early_blight\91008080-0b15-41f0-ab72-5b6a3582239d___RS_Early.B 6954.JPG,Potato___Early_blight,Early Blight,256,256,1.0,65536,20.28,145.15,140.48,107.77,48.84,50.35,59.13,131.13,55.52,21.02,14.02,-35.04,Diseased,Small,Moderate,Red,131.13
911b9166-40ba-4dc8-974e-c916e6866142___RS_Early.B 9089.JPG,PlantVillage\Potato___Early_blight\911b9166-40ba-4dc8-974e-c916e6866142___RS_Early.B 9089.JPG,Potato___Early_blight,Early Blight,256,256,1.0,65536,20.68,146.77,140.52,113.29,48.27,52.22,61.07,133.53,56.04,19.86,10.49,-30.35,Diseased,Small,Moderate,Red,133.53
9125d133-5b86-4363-8fbe-79c813ac8795___RS_Early.B 6748.JPG,PlantVillage\Potato___Early_blight\9125d133-5b86-4363-8fbe-79c813ac8795___RS_Early.B 6748.JPG,Potato___Early_blight,Early Blight,256,256,1.0,65536,22.25,128.93,141.31,116.58,56.01,58.0,63.65,128.94,60.16,-0.01,18.55,-18.53,Diseased,Small,Moderate,Green,128.94
9141a8b4-6144-446d-b71d-925bcd432840___RS_Early.B 8648.JPG,PlantVillage\Potato___Early_blight\9141a8b4-6144-446d-b71d-925bcd432840___RS_Early.B 8648.JPG,Potato___Early_blight,Early Blight,256,256,1.0,65536,17.5,163.28,169.79,137.62,46.52,41.43,56.21,156.9,50.39,9.58,19.34,-28.91,Diseased,Small,Bright,Green,156.9
91721448-8786-49f6-a66d-d410fe714676___RS_Early.B 7725.JPG,PlantVillage\Potato___Early_blight\91721448-8786-49f6-a66d-d410fe714676___RS_Early.B 7725.JPG,Potato___Early_blight,Early Blight,256,256,1.0,65536,18.04,142.76,148.67,127.88,51.96,50.65,61.49,139.77,55.6,4.48,13.35,-17.83,Diseased,Small,Moderate,Green,139.77
91a21acf-c95a-4ffc-90f2-8c64456f4032___RS_Early.B 7139.JPG,PlantVillage\Potato___Early_blight\91a21acf-c95a-4ffc-90f2-8c64456f4032___RS_Early.B 7139.JPG,Potato___Early_blight,Early Blight,256,256,1.0,65536,19.49,135.92,144.95,111.09,44.06,43.97,58.98,130.65,51.54,7.9,21.44,-29.34,Diseased,Small,Moderate,Green,130.65
91d11576-f040-43ab-8e08-e7ef4926707a___RS_Early.B 8054.JPG,PlantVillage\Potato___Early_blight\91d11576-f040-43ab-8e08-e7ef4926707a___RS_Early.B 8054.JPG,Potato___Early_blight,Early Blight,256,256,1.0,65536,17.11,128.97,139.31,116.21,50.34,46.59,57.69,128.16,52.6,1.21,16.72,-17.93,Diseased,Small,Moderate,Green,128.16
92757a8e-b68a-45b3-9d70-0281c8ea90ca___RS_Early.B 7199.JPG,PlantVillage\Potato___Early_blight\92757a8e-b68a-45b3-9d70-0281c8ea90ca___RS_Early.B 7199.JPG,Potato___Early_blight,Early Blight,256,256,1.0,65536,19.07,129.84,134.56,109.29,41.03,41.04,52.32,124.56,46.42,7.92,14.99,-22.91,Diseased,Small,Moderate,Green,124.56
92a30efc-6b2f-4e17-8688-e477e5d39bd9___RS_Early.B 7343.JPG,PlantVillage\Potato___Early_blight\92a30efc-6b2f-4e17-8688-e477e5d39bd9___RS_Early.B 7343.JPG,Potato___Early_blight,Early Blight,256,256,1.0,65536,18.37,147.95,159.25,135.9,39.47,36.33,50.99,147.7,43.78,0.37,17.33,-17.7,Diseased,Small,Moderate,Green,147.7
93701beb-c734-41ea-a5ef-9e5ca4728dfc___RS_Early.B 6885.JPG,PlantVillage\Potato___Early_blight\93701beb-c734-41ea-a5ef-9e5ca4728dfc___RS_Early.B 6885.JPG,Potato___Early_blight,Early Blight,256,256,1.0,65536,20.98,131.4,144.94,123.36,46.35,43.99,53.8,133.23,49.04,-2.75,17.56,-14.81,Diseased,Small,Moderate,Green,133.23
93992994-fcb0-4d3e-b528-e6fd9fd1b317___RS_Early.B 6686.JPG,PlantVillage\Potato___Early_blight\93992994-fcb0-4d3e-b528-e6fd9fd1b317___RS_Early.B 6686.JPG,Potato___Early_blight,Early Blight,256,256,1.0,65536,21.42,157.81,153.29,115.86,45.69,46.59,53.21,142.32,52.12,23.23,16.46,-39.69,Diseased,Small,Moderate,Red,142.32
93c3dfcc-de7c-4ae9-9d18-4042f53e3d1f___RS_Early.B 7872.JPG,PlantVillage\Potato___Early_blight\93c3dfcc-de7c-4ae9-9d18-4042f53e3d1f___RS_Early.B 7872.JPG,Potato___Early_blight,Early Blight,256,256,1.0,65536,20.36,134.51,136.74,114.05,49.71,48.44,60.45,128.43,54.11,9.11,12.46,-21.58,Diseased,Small,Moderate,Green,128.43
93c6b48d-cde9-4e8b-bbfb-1a9c06234419___RS_Early.B 7000.JPG,PlantVillage\Potato___Early_blight\93c6b48d-cde9-4e8b-bbfb-1a9c06234419___RS_Early.B 7000.JPG,Potato___Early_blight,Early Blight,256,256,1.0,65536,19.31,127.73,134.85,114.7,44.56,42.59,55.59,125.76,48.65,2.95,13.64,-16.59,Diseased,Small,Moderate,Green,125.76
93eaec77-3e91-415a-a029-c054a42c18aa___RS_Early.B 8296.JPG,PlantVillage\Potato___Early_blight\93eaec77-3e91-415a-a029-c054a42c18aa___RS_Early.B 8296.JPG,Potato___Early_blight,Early Blight,256,256,1.0,65536,14.79,113.01,126.35,114.67,36.83,30.71,43.78,118.01,37.96,-7.5,12.52,-5.01,Diseased,Small,Moderate,Green,118.01
945f4d4b-5e0a-4cc0-8b7c-d82854730b9d___RS_Early.B 7836.JPG,PlantVillage\Potato___Early_blight\945f4d4b-5e0a-4cc0-8b7c-d82854730b9d___RS_Early.B 7836.JPG,Potato___Early_blight,Early Blight,256,256,1.0,65536,19.08,136.23,139.49,119.4,55.65,55.54,63.77,131.71,59.11,6.79,11.68,-18.46,Diseased,Small,Moderate,Green,131.71
94eb2aa6-7f9e-4a5a-b519-2106984e9a7d___RS_Early.B 8770.JPG,PlantVillage\Potato___Early_blight\94eb2aa6-7f9e-4a5a-b519-2106984e9a7d___RS_Early.B 8770.JPG,Potato___Early_blight,Early Blight,256,256,1.0,65536,16.85,133.87,138.37,121.86,48.82,44.9,50.69,131.37,48.7,3.75,10.51,-14.26,Diseased,Small,Moderate,Green,131.37
9541d815-f209-4f13-892e-ca4e97ae5d8e___RS_Early.B 8981.JPG,PlantVillage\Potato___Early_blight\9541d815-f209-4f13-892e-ca4e97ae5d8e___RS_Early.B 8981.JPG,Potato___Early_blight,Early Blight,256,256,1.0,65536,20.86,138.98,142.76,113.78,52.65,53.67,58.2,131.84,56.38,10.71,16.38,-27.08,Diseased,Small,Moderate,Green,131.84
95a4df95-bec8-4c93-bb07-48b0118f99be___RS_Early.B 7740.JPG,PlantVillage\Potato___Early_blight\95a4df95-bec8-4c93-bb07-48b0118f99be___RS_Early.B 7740.JPG,Potato___Early_blight,Early Blight,256,256,1.0,65536,19.86,127.53,134.5,111.62,61.39,60.35,69.45,124.55,64.57,4.47,14.92,-19.39,Diseased,Small,Moderate,Green,124.55
95cd8c85-b3b1-4d90-828d-1c93ea98977a___RS_Early.B 9109.JPG,PlantVillage\Potato___Early_blight\95cd8c85-b3b1-4d90-828d-1c93ea98977a___RS_Early.B 9109.JPG,Potato___Early_blight,Early Blight,256,256,1.0,65536,19.3,133.95,143.48,122.86,45.71,44.2,53.63,133.43,48.76,0.77,15.08,-15.85,Diseased,Small,Moderate,Green,133.43
95d42b98-1945-4cb3-ab27-0dbd56def41b___RS_Early.B 8866.JPG,PlantVillage\Potato___Early_blight\95d42b98-1945-4cb3-ab27-0dbd56def41b___RS_Early.B 8866.JPG,Potato___Early_blight,Early Blight,256,256,1.0,65536,17.81,138.06,134.04,111.06,50.27,48.7,61.59,127.72,55.12,15.51,9.48,-24.98,Diseased,Small,Moderate,Red,127.72
95fba7f6-23a4-4c3c-a2b9-335c5b4c3810___RS_Early.B 7743.JPG,PlantVillage\Potato___Early_blight\95fba7f6-23a4-4c3c-a2b9-335c5b4c3810___RS_Early.B 7743.JPG,Potato___Early_blight,Early Blight,256,256,1.0,65536,17.28,138.18,147.6,128.9,52.96,49.17,59.41,138.22,54.55,-0.07,14.06,-13.99,Diseased,Small,Moderate,Green,138.23
96ab8c2b-9067-4af7-821c-b14a3c7e618f___RS_Early.B 8816.JPG,PlantVillage\Potato___Early_blight\96ab8c2b-9067-4af7-821c-b14a3c7e618f___RS_Early.B 8816.JPG,Potato___Early_blight,Early Blight,256,256,1.0,65536,17.26,121.22,127.36,102.28,55.0,51.86,60.87,116.95,57.04,6.4,15.61,-22.0,Diseased,Small,Moderate,Green,116.95
97c1fe0d-72f6-421d-bb82-542f0766176c___RS_Early.B 7448.JPG,PlantVillage\Potato___Early_blight\97c1fe0d-72f6-421d-bb82-542f0766176c___RS_Early.B 7448.JPG,Potato___Early_blight,Early Blight,256,256,1.0,65536,17.08,146.67,155.65,138.58,47.47,43.03,55.37,146.97,49.38,-0.45,13.03,-12.58,Diseased,Small,Moderate,Green,146.97
983cf28c-872f-423a-a774-41ed2939f249___RS_Early.B 7660.JPG,PlantVillage\Potato___Early_blight\983cf28c-872f-423a-a774-41ed2939f249___RS_Early.B 7660.JPG,Potato___Early_blight,Early Blight,256,256,1.0,65536,18.56,143.67,151.59,131.95,50.91,49.37,58.66,142.4,53.74,1.9,13.78,-15.69,Diseased,Small,Moderate,Green,142.4
9846eead-9fc1-4c35-8b63-1adfbdf0b118___RS_Early.B 8325.JPG,PlantVillage\Potato___Early_blight\9846eead-9fc1-4c35-8b63-1adfbdf0b118___RS_Early.B 8325.JPG,Potato___Early_blight,Early Blight,256,256,1.0,65536,21.25,144.55,136.08,111.99,50.19,54.18,63.87,130.87,58.04,20.52,7.81,-28.32,Diseased,Small,Moderate,Red,130.87
985f3b47-d5ee-45d4-a020-f43ca80fb59e___RS_Early.B 9211.JPG,PlantVillage\Potato___Early_blight\985f3b47-d5ee-45d4-a020-f43ca80fb59e___RS_Early.B 9211.JPG,Potato___Early_blight,Early Blight,256,256,1.0,65536,19.31,148.97,144.72,109.77,47.14,47.78,56.7,134.48,53.69,21.73,15.35,-37.08,Diseased,Small,Moderate,Red,134.49
98d40b59-5c50-45b6-9b8b-268c40547334___RS_Early.B 8031.JPG,PlantVillage\Potato___Early_blight\98d40b59-5c50-45b6-9b8b-268c40547334___RS_Early.B 8031.JPG,Potato___Early_blight,Early Blight,256,256,1.0,65536,20.44,130.33,133.0,108.71,50.72,50.27,57.56,124.02,54.06,9.48,13.48,-22.96,Diseased,Small,Moderate,Green,124.01
98de061b-990e-4395-a50a-975c0fab5a4a___RS_Early.B 7394.JPG,PlantVillage\Potato___Early_blight\98de061b-990e-4395-a50a-975c0fab5a4a___RS_Early.B 7394.JPG,Potato___Early_blight,Early Blight,256,256,1.0,65536,18.78,160.26,168.08,142.97,36.63,36.38,49.39,157.1,42.56,4.74,16.46,-21.2,Diseased,Small,Bright,Green,157.1
98efaa2d-7587-48e8-8c19-4f7483e395cb___RS_Early.B 6982.JPG,PlantVillage\Potato___Early_blight\98efaa2d-7587-48e8-8c19-4f7483e395cb___RS_Early.B 6982.JPG,Potato___Early_blight,Early Blight,256,256,1.0,65536,19.32,139.79,145.64,114.51,44.84,45.16,60.98,133.31,52.65,9.72,18.49,-28.21,Diseased,Small,Moderate,Green,133.31
992a06a6-1aeb-4876-b33e-4267aa1a0c43___RS_Early.B 7618.JPG,PlantVillage\Potato___Early_blight\992a06a6-1aeb-4876-b33e-4267aa1a0c43___RS_Early.B 7618.JPG,Potato___Early_blight,Early Blight,256,256,1.0,65536,22.48,159.98,170.64,151.02,47.32,41.52,55.57,160.55,49.14,-0.85,15.14,-14.29,Diseased,Small,Bright,Green,160.55
993bc916-4517-45cf-a5bd-90ee95dd35fd___RS_Early.B 8452.JPG,PlantVillage\Potato___Early_blight\993bc916-4517-45cf-a5bd-90ee95dd35fd___RS_Early.B 8452.JPG,Potato___Early_blight,Early Blight,256,256,1.0,65536,18.53,151.54,156.28,128.72,44.12,38.15,55.96,145.52,48.2,9.04,16.15,-25.19,Diseased,Small,Moderate,Green,145.51
996c0f04-a33a-4620-8971-469e009abae7___RS_Early.B 8869.JPG,PlantVillage\Potato___Early_blight\996c0f04-a33a-4620-8971-469e009abae7___RS_Early.B 8869.JPG,Potato___Early_blight,Early Blight,256,256,1.0,65536,18.32,128.77,125.29,98.87,49.96,48.66,59.12,117.64,54.45,16.69,11.47,-28.16,Diseased,Small,Moderate,Red,117.64
99821810-926a-4ac4-9bc7-cbae991f7e68___RS_Early.B 7626.JPG,PlantVillage\Potato___Early_blight\99821810-926a-4ac4-9bc7-cbae991f7e68___RS_Early.B 7626.JPG,Potato___Early_blight,Early Blight,256,256,1.0,65536,22.01,160.44,160.4,128.6,54.13,56.76,65.85,149.81,61.0,15.94,15.89,-31.83,Diseased,Small,Moderate,Red,149.81
99d75573-472e-4f57-ab82-b49b78853d03___RS_Early.B 7847.JPG,PlantVillage\Potato___Early_blight\99d75573-472e-4f57-ab82-b49b78853d03___RS_Early.B 7847.JPG,Potato___Early_blight,Early Blight,256,256,1.0,65536,21.51,114.16,117.3,96.6,49.47,49.05,57.43,109.35,52.92,7.2,11.93,-19.13,Diseased,Small,Moderate,Green,109.35
99fedd87-d173-4b2f-8bb1-26465641af4d___RS_Early.B 7372.JPG,PlantVillage\Potato___Early_blight\99fedd87-d173-4b2f-8bb1-26465641af4d___RS_Early.B 7372.JPG,Potato___Early_blight,Early Blight,256,256,1.0,65536,20.28,154.37,157.51,122.19,48.78,49.99,58.04,144.69,54.81,14.51,19.23,-33.75,Diseased,Small,Moderate,Green,144.69
9a157bfb-073a-46b2-95c6-16792e30e03f___RS_Early.B 7409.JPG,PlantVillage\Potato___Early_blight\9a157bfb-073a-46b2-95c6-16792e30e03f___RS_Early.B 7409.JPG,Potato___Early_blight,Early Blight,256,256,1.0,65536,18.54,147.42,156.47,139.25,47.72,42.23,56.59,147.72,49.7,-0.44,13.14,-12.7,Diseased,Small,Moderate,Green,147.71
9b5f25b9-9f30-478a-9710-fc79dafaf62e___RS_Early.B 6739.JPG,PlantVillage\Potato___Early_blight\9b5f25b9-9f30-478a-9710-fc79dafaf62e___RS_Early.B 6739.JPG,Potato___Early_blight,Early Blight,256,256,1.0,65536,21.4,132.11,141.91,114.03,53.87,55.87,62.63,129.35,58.73,4.15,18.83,-22.98,Diseased,Small,Moderate,Green,129.35
9badd590-45ed-4636-9590-b12342ea8a84___RS_Early.B 6944.JPG,PlantVillage\Potato___Early_blight\9badd590-45ed-4636-9590-b12342ea8a84___RS_Early.B 6944.JPG,Potato___Early_blight,Early Blight,256,256,1.0,65536,20.84,127.76,134.53,114.29,53.97,53.45,62.2,125.53,57.3,3.35,13.51,-16.85,Diseased,Small,Moderate,Green,125.53
9bc2ecbb-4a3c-43be-80ce-c6ac77e4b498___RS_Early.B 7145.JPG,PlantVillage\Potato___Early_blight\9bc2ecbb-4a3c-43be-80ce-c6ac77e4b498___RS_Early.B 7145.JPG,Potato___Early_blight,Early Blight,256,256,1.0,65536,19.38,137.06,142.5,116.07,43.92,42.74,57.82,131.87,49.96,7.78,15.93,-23.71,Diseased,Small,Moderate,Green,131.88
9bef32f0-dc02-4223-a378-6a41c6bfc7a9___RS_Early.B 8444.JPG,PlantVillage\Potato___Early_blight\9bef32f0-dc02-4223-a378-6a41c6bfc7a9___RS_Early.B 8444.JPG,Potato___Early_blight,Early Blight,256,256,1.0,65536,17.41,134.2,141.9,105.55,49.58,47.72,55.42,127.22,53.35,10.48,22.03,-32.5,Diseased,Small,Moderate,Green,127.22
9c77f930-5d28-4b1f-8274-30c2c2dc82fb___RS_Early.B 8347.JPG,PlantVillage\Potato___Early_blight\9c77f930-5d28-4b1f-8274-30c2c2dc82fb___RS_Early.B 8347.JPG,Potato___Early_blight,Early Blight,256,256,1.0,65536,20.06,128.62,135.81,111.81,49.15,45.79,53.86,125.41,50.72,4.82,15.59,-20.41,Diseased,Small,Moderate,Green,125.41
9ca7d203-7b7c-4f5c-911f-fc225f3c5b77___RS_Early.B 7557.JPG,PlantVillage\Potato___Early_blight\9ca7d203-7b7c-4f5c-911f-fc225f3c5b77___RS_Early.B 7557.JPG,Potato___Early_blight,Early Blight,256,256,1.0,65536,18.37,111.31,123.4,109.94,43.34,37.65,50.83,114.88,44.68,-5.35,12.77,-7.42,Diseased,Small,Moderate,Green,114.88
9cb0c796-fde2-406b-87fe-3926b722f8f7___RS_Early.B 8300.JPG,PlantVillage\Potato___Early_blight\9cb0c796-fde2-406b-87fe-3926b722f8f7___RS_Early.B 8300.JPG,Potato___Early_blight,Early Blight,256,256,1.0,65536,18.65,140.46,148.41,124.85,44.64,37.77,54.2,137.91,47.06,3.84,15.75,-19.59,Diseased,Small,Moderate,Green,137.91
9cba8b9a-68a7-483a-bc77-6bacbbe7fc46___RS_Early.B 7588.JPG,PlantVillage\Potato___Early_blight\9cba8b9a-68a7-483a-bc77-6bacbbe7fc46___RS_Early.B 7588.JPG,Potato___Early_blight,Early Blight,256,256,1.0,65536,17.47,116.62,130.76,126.09,41.59,39.61,50.54,124.49,44.56,-11.81,9.41,2.4,Diseased,Small,Moderate,Green,124.49
9cd81447-0701-4969-86aa-5f20269923c5___RS_Early.B 8790.JPG,PlantVillage\Potato___Early_blight\9cd81447-0701-4969-86aa-5f20269923c5___RS_Early.B 8790.JPG,Potato___Early_blight,Early Blight,256,256,1.0,65536,19.53,127.61,130.0,111.91,46.68,41.92,51.25,123.17,47.46,6.65,10.24,-16.9,Diseased,Small,Moderate,Green,123.17
9ce9c6dc-b20c-47f8-91e0-31886945c4bb___RS_Early.B 8094.JPG,PlantVillage\Potato___Early_blight\9ce9c6dc-b20c-47f8-91e0-31886945c4bb___RS_Early.B 8094.JPG,Potato___Early_blight,Early Blight,256,256,1.0,65536,19.49,139.47,142.95,117.83,50.18,50.43,62.82,133.42,55.91,9.08,14.3,-23.38,Diseased,Small,Moderate,Green,133.42
9d0c69df-f5dc-4118-a654-ab40d100b9b6___RS_Early.B 8870.JPG,PlantVillage\Potato___Early_blight\9d0c69df-f5dc-4118-a654-ab40d100b9b6___RS_Early.B 8870.JPG,Potato___Early_blight,Early Blight,256,256,1.0,65536,17.54,141.76,137.03,115.1,48.46,47.26,57.88,131.3,52.72,15.69,8.6,-24.29,Diseased,Small,Moderate,Red,131.3
9d2f37ae-aa02-4b04-b0cb-9fe125cfdbe2___RS_Early.B 7691.JPG,PlantVillage\Potato___Early_blight\9d2f37ae-aa02-4b04-b0cb-9fe125cfdbe2___RS_Early.B 7691.JPG,Potato___Early_blight,Early Blight,256,256,1.0,65536,19.19,140.3,143.87,131.53,46.13,45.27,55.93,138.57,49.62,2.6,7.95,-10.55,Diseased,Small,Moderate,Green,138.57
9db872fc-f367-4dfa-b1f7-23490bb4552b___RS_Early.B 8842.JPG,PlantVillage\Potato___Early_blight\9db872fc-f367-4dfa-b1f7-23490bb4552b___RS_Early.B 8842.JPG,Potato___Early_blight,Early Blight,256,256,1.0,65536,21.22,133.28,136.21,100.16,48.68,48.22,57.6,123.22,54.2,15.09,19.49,-34.59,Diseased,Small,Moderate,Green,123.22
9e092cd4-dcd4-4f9b-a901-48ac13a6deb0___RS_Early.B 8343.JPG,PlantVillage\Potato___Early_blight\9e092cd4-dcd4-4f9b-a901-48ac13a6deb0___RS_Early.B 8343.JPG,Potato___Early_blight,Early Blight,256,256,1.0,65536,19.28,118.4,124.26,101.83,51.31,48.36,56.11,114.83,52.88,5.36,14.15,-19.5,Diseased,Small,Moderate,Green,114.83
9e506566-6697-4444-a2f3-a3931d34bbf3___RS_Early.B 6899.JPG,PlantVillage\Potato___Early_blight\9e506566-6697-4444-a2f3-a3931d34bbf3___RS_Early.B 6899.JPG,Potato___Early_blight,Early Blight,256,256,1.0,65536,17.58,131.88,143.37,107.79,46.9,46.6,60.55,127.68,53.84,6.3,23.54,-29.83,Diseased,Small,Moderate,Green,127.68
9eb646d2-e908-43d1-8dd5-0d6b8dcb21eb___RS_Early.B 7569.JPG,PlantVillage\Potato___Early_blight\9eb646d2-e908-43d1-8dd5-0d6b8dcb21eb___RS_Early.B 7569.JPG,Potato___Early_blight,Early Blight,256,256,1.0,65536,20.83,142.85,143.23,91.17,42.92,46.49,53.07,125.75,53.58,25.65,26.23,-51.87,Diseased,Small,Moderate,Green,125.75
9ebf9d7d-0cfe-44f5-9126-89c70d38321a___RS_Early.B 8986.JPG,PlantVillage\Potato___Early_blight\9ebf9d7d-0cfe-44f5-9126-89c70d38321a___RS_Early.B 8986.JPG,Potato___Early_blight,Early Blight,256,256,1.0,65536,18.82,164.9,169.68,142.29,48.94,51.08,58.59,158.96,54.36,8.92,16.09,-25.0,Diseased,Small,Bright,Green,158.96
9fa151cd-43d7-42e1-9235-72f58c584a4b___RS_Early.B 8581.JPG,PlantVillage\Potato___Early_blight\9fa151cd-43d7-42e1-9235-72f58c584a4b___RS_Early.B 8581.JPG,Potato___Early_blight,Early Blight,256,256,1.0,65536,17.27,118.89,123.85,98.2,52.79,47.99,58.77,113.65,54.51,7.86,15.3,-23.17,Diseased,Small,Moderate,Green,113.65
a01521f0-27be-4688-9d28-07d09ef80920___RS_Early.B 7119.JPG,PlantVillage\Potato___Early_blight\a01521f0-27be-4688-9d28-07d09ef80920___RS_Early.B 7119.JPG,Potato___Early_blight,Early Blight,256,256,1.0,65536,19.0,144.3,151.49,119.69,50.64,51.26,65.59,138.49,57.88,8.71,19.49,-28.2,Diseased,Small,Moderate,Green,138.49
a02f78b3-da52-400a-ab11-7184df9ea485___RS_Early.B 8403.JPG,PlantVillage\Potato___Early_blight\a02f78b3-da52-400a-ab11-7184df9ea485___RS_Early.B 8403.JPG,Potato___Early_blight,Early Blight,256,256,1.0,65536,17.63,118.02,124.2,94.98,53.4,52.58,56.25,112.4,55.54,8.43,17.7,-26.13,Diseased,Small,Moderate,Green,112.4
a08eec21-8500-4ac5-92a9-d9b14067f01c___RS_Early.B 8985.JPG,PlantVillage\Potato___Early_blight\a08eec21-8500-4ac5-92a9-d9b14067f01c___RS_Early.B 8985.JPG,Potato___Early_blight,Early Blight,256,256,1.0,65536,18.65,132.92,140.78,109.4,44.65,46.34,51.0,127.7,49.25,7.83,19.61,-27.45,Diseased,Small,Moderate,Green,127.7
a0d8a499-e9e4-4c88-829c-7c2270073735___RS_Early.B 8525.JPG,PlantVillage\Potato___Early_blight\a0d8a499-e9e4-4c88-829c-7c2270073735___RS_Early.B 8525.JPG,Potato___Early_blight,Early Blight,256,256,1.0,65536,16.65,135.21,148.21,133.15,46.12,38.76,50.07,138.86,45.71,-5.47,14.03,-8.56,Diseased,Small,Moderate,Green,138.86
a10b278a-fcce-4cf4-aada-254e89050be5___RS_Early.B 7524.JPG,PlantVillage\Potato___Early_blight\a10b278a-fcce-4cf4-aada-254e89050be5___RS_Early.B 7524.JPG,Potato___Early_blight,Early Blight,256,256,1.0,65536,19.52,134.18,142.18,120.1,47.17,47.44,54.74,132.15,50.73,3.04,15.04,-18.08,Diseased,Small,Moderate,Green,132.15
a1dd3cdf-0ff5-49f6-b66e-9b3632a07019___RS_Early.B 7833.JPG,PlantVillage\Potato___Early_blight\a1dd3cdf-0ff5-49f6-b66e-9b3632a07019___RS_Early.B 7833.JPG,Potato___Early_blight,Early Blight,256,256,1.0,65536,19.62,140.12,144.22,121.51,51.03,50.86,59.63,135.28,54.89,7.25,13.41,-20.66,Diseased,Small,Moderate,Green,135.28
a29559c6-1d80-4486-a3c9-26986d6e28e0___RS_Early.B 6890.JPG,PlantVillage\Potato___Early_blight\a29559c6-1d80-4486-a3c9-26986d6e28e0___RS_Early.B 6890.JPG,Potato___Early_blight,Early Blight,256,256,1.0,65536,20.51,129.97,143.28,122.9,50.7,50.41,59.37,132.05,54.31,-3.12,16.85,-13.72,Diseased,Small,Moderate,Green,132.05
a29ed5b2-153c-4f0e-a633-f698c9ff51d2___RS_Early.B 8840.JPG,PlantVillage\Potato___Early_blight\a29ed5b2-153c-4f0e-a633-f698c9ff51d2___RS_Early.B 8840.JPG,Potato___Early_blight,Early Blight,256,256,1.0,65536,20.12,142.19,145.32,107.38,46.57,46.17,53.0,131.63,51.63,15.84,20.54,-36.37,Diseased,Small,Moderate,Green,131.63
a2fe15c2-1900-4fbd-9e69-771b1693cc68___RS_Early.B 7398.JPG,PlantVillage\Potato___Early_blight\a2fe15c2-1900-4fbd-9e69-771b1693cc68___RS_Early.B 7398.JPG,Potato___Early_blight,Early Blight,256,256,1.0,65536,20.63,159.18,169.65,137.36,42.4,41.15,54.25,155.4,48.23,5.67,21.38,-27.05,Diseased,Small,Bright,Green,155.4
a38df468-bb4a-4bb3-9ee9-a2dffae718e9___RS_Early.B 8690.JPG,PlantVillage\Potato___Early_blight\a38df468-bb4a-4bb3-9ee9-a2dffae718e9___RS_Early.B 8690.JPG,Potato___Early_blight,Early Blight,256,256,1.0,65536,20.1,135.02,122.5,93.71,45.75,47.26,53.3,117.08,51.85,26.91,8.14,-35.05,Diseased,Small,Moderate,Red,117.08
a3ed964c-36f1-403c-8146-b2a3b79a352d___RS_Early.B 8310.JPG,PlantVillage\Potato___Early_blight\a3ed964c-36f1-403c-8146-b2a3b79a352d___RS_Early.B 8310.JPG,Potato___Early_blight,Early Blight,256,256,1.0,65536,17.58,145.85,149.38,115.89,45.38,42.6,63.85,137.04,53.63,13.22,18.51,-31.72,Diseased,Small,Moderate,Green,137.04
a3fe02f0-6d49-4e9a-ba9a-ac26e8b65ca9___RS_Early.B 7560.JPG,PlantVillage\Potato___Early_blight\a3fe02f0-6d49-4e9a-ba9a-ac26e8b65ca9___RS_Early.B 7560.JPG,Potato___Early_blight,Early Blight,256,256,1.0,65536,18.04,106.82,118.67,103.96,40.26,35.83,50.53,109.82,43.13,-4.5,13.28,-8.79,Diseased,Small,Moderate,Green,109.82
a4168403-2458-4f28-84f7-949050905878___RS_Early.B 8450.JPG,PlantVillage\Potato___Early_blight\a4168403-2458-4f28-84f7-949050905878___RS_Early.B 8450.JPG,Potato___Early_blight,Early Blight,256,256,1.0,65536,19.01,138.11,143.62,112.52,40.54,36.84,52.54,131.42,45.87,10.04,18.3,-28.35,Diseased,Small,Moderate,Green,131.42
a41c6816-0755-4e55-b589-42b665a97a02___RS_Early.B 7064.JPG,PlantVillage\Potato___Early_blight\a41c6816-0755-4e55-b589-42b665a97a02___RS_Early.B 7064.JPG,Potato___Early_blight,Early Blight,256,256,1.0,65536,18.4,126.44,137.36,123.19,48.86,44.46,55.78,129.0,50.28,-3.84,12.55,-8.71,Diseased,Small,Moderate,Green,129.0
a4ac4e39-1342-4b1d-806a-98789876a701___RS_Early.B 8953.JPG,PlantVillage\Potato___Early_blight\a4ac4e39-1342-4b1d-806a-98789876a701___RS_Early.B 8953.JPG,Potato___Early_blight,Early Blight,256,256,1.0,65536,20.97,142.92,148.7,114.54,51.21,50.96,60.25,135.38,56.32,11.3,19.97,-31.26,Diseased,Small,Moderate,Green,135.39
a4cc86e3-ac4d-4b72-89a2-6cf106831908___RS_Early.B 7346.JPG,PlantVillage\Potato___Early_blight\a4cc86e3-ac4d-4b72-89a2-6cf106831908___RS_Early.B 7346.JPG,Potato___Early_blight,Early Blight,256,256,1.0,65536,16.85,137.22,149.62,124.93,36.56,33.72,47.42,137.26,40.94,-0.05,18.55,-18.49,Diseased,Small,Moderate,Green,137.26
a50c5f93-a5db-4eaf-9d82-2e420d2351e7___RS_Early.B 7060.JPG,PlantVillage\Potato___Early_blight\a50c5f93-a5db-4eaf-9d82-2e420d2351e7___RS_Early.B 7060.JPG,Potato___Early_blight,Early Blight,256,256,1.0,65536,17.33,141.4,153.79,110.64,43.31,43.39,57.77,135.27,51.91,9.19,27.77,-36.95,Diseased,Small,Moderate,Green,135.28
a5b278e7-448e-40ae-80c2-d286f2681d10___RS_Early.B 7900.JPG,PlantVillage\Potato___Early_blight\a5b278e7-448e-40ae-80c2-d286f2681d10___RS_Early.B 7900.JPG,Potato___Early_blight,Early Blight,256,256,1.0,65536,20.31,133.13,137.17,116.6,54.45,53.29,62.43,128.96,57.56,6.25,12.3,-18.55,Diseased,Small,Moderate,Green,128.97
a5e73fd4-6d3e-4037-b440-f4e5234e4459___RS_Early.B 7645.JPG,PlantVillage\Potato___Early_blight\a5e73fd4-6d3e-4037-b440-f4e5234e4459___RS_Early.B 7645.JPG,Potato___Early_blight,Early Blight,256,256,1.0,65536,21.6,129.95,134.62,121.89,56.55,52.41,64.52,128.82,58.28,1.69,8.7,-10.39,Diseased,Small,Moderate,Green,128.82
a60106e3-e037-495f-8b5a-080adcb9bdd9___RS_Early.B 8561.JPG,PlantVillage\Potato___Early_blight\a60106e3-e037-495f-8b5a-080adcb9bdd9___RS_Early.B 8561.JPG,Potato___Early_blight,Early Blight,256,256,1.0,65536,18.06,144.58,145.03,114.8,41.48,37.54,56.12,134.8,47.89,14.66,15.34,-30.01,Diseased,Small,Moderate,Green,134.8
a601dd4d-4e81-4327-9e4e-fd19262a1306___RS_Early.B 8265.JPG,PlantVillage\Potato___Early_blight\a601dd4d-4e81-4327-9e4e-fd19262a1306___RS_Early.B 8265.JPG,Potato___Early_blight,Early Blight,256,256,1.0,65536,20.01,150.4,147.94,119.08,45.37,45.13,58.71,139.14,52.12,16.89,13.21,-30.09,Diseased,Small,Moderate,Red,139.14
a6995958-6344-4d37-9b99-d3bc3d40ab67___RS_Early.B 7210.JPG,PlantVillage\Potato___Early_blight\a6995958-6344-4d37-9b99-d3bc3d40ab67___RS_Early.B 7210.JPG,Potato___Early_blight,Early Blight,256,256,1.0,65536,19.26,136.74,146.82,133.29,42.23,40.01,51.71,138.95,45.3,-3.31,11.81,-8.5,Diseased,Small,Moderate,Green,138.95
a6dbc59a-ca8a-40e0-a896-3e2270d771bb___RS_Early.B 7195.JPG,PlantVillage\Potato___Early_blight\a6dbc59a-ca8a-40e0-a896-3e2270d771bb___RS_Early.B 7195.JPG,Potato___Early_blight,Early Blight,256,256,1.0,65536,18.77,132.68,142.31,119.03,45.61,42.61,54.67,131.34,48.85,2.01,16.46,-18.47,Diseased,Small,Moderate,Green,131.34
a6fef9f4-0006-4faa-95ab-3aadde49b229___RS_Early.B 8783.JPG,PlantVillage\Potato___Early_blight\a6fef9f4-0006-4faa-95ab-3aadde49b229___RS_Early.B 8783.JPG,Potato___Early_blight,Early Blight,256,256,1.0,65536,20.26,123.23,127.86,105.43,46.96,42.93,52.8,118.84,48.7,6.58,13.53,-20.11,Diseased,Small,Moderate,Green,118.84
a801f66c-b8bc-42e5-ad5b-99f68d219fa9___RS_Early.B 8552.JPG,PlantVillage\Potato___Early_blight\a801f66c-b8bc-42e5-ad5b-99f68d219fa9___RS_Early.B 8552.JPG,Potato___Early_blight,Early Blight,256,256,1.0,65536,19.28,127.49,134.98,112.86,57.04,51.78,62.58,125.11,58.03,3.57,14.8,-18.37,Diseased,Small,Moderate,Green,125.11
a85029ca-881b-45a8-bb64-d8c77492a49d___RS_Early.B 8833.JPG,PlantVillage\Potato___Early_blight\a85029ca-881b-45a8-bb64-d8c77492a49d___RS_Early.B 8833.JPG,Potato___Early_blight,Early Blight,256,256,1.0,65536,19.11,136.87,135.55,105.09,46.37,46.5,53.28,125.84,50.98,16.55,14.57,-31.12,Diseased,Small,Moderate,Red,125.84
a8933319-d98e-4e71-a2ac-e22f7e1bca08___RS_Early.B 7499.JPG,PlantVillage\Potato___Early_blight\a8933319-d98e-4e71-a2ac-e22f7e1bca08___RS_Early.B 7499.JPG,Potato___Early_blight,Early Blight,256,256,1.0,65536,17.83,133.63,141.75,120.4,59.56,58.72,69.59,131.93,63.43,2.55,14.74,-17.29,Diseased,Small,Moderate,Green,131.93
a89d6e67-d60e-49b5-8b87-e137b6a5181c___RS_Early.B 7472.JPG,PlantVillage\Potato___Early_blight\a89d6e67-d60e-49b5-8b87-e137b6a5181c___RS_Early.B 7472.JPG,Potato___Early_blight,Early Blight,256,256,1.0,65536,17.89,145.87,143.28,101.0,45.98,48.12,53.15,130.05,53.3,23.73,19.85,-43.58,Diseased,Small,Moderate,Red,130.05
a938ba0c-780a-41e0-b26c-3c6b87047ac6___RS_Early.B 6878.JPG,PlantVillage\Potato___Early_blight\a938ba0c-780a-41e0-b26c-3c6b87047ac6___RS_Early.B 6878.JPG,Potato___Early_blight,Early Blight,256,256,1.0,65536,21.53,127.31,137.49,112.67,52.73,51.06,63.71,125.82,57.03,2.23,17.5,-19.73,Diseased,Small,Moderate,Green,125.82
a9659799-4093-4d84-855e-2f4382729c01___RS_Early.B 8784.JPG,PlantVillage\Potato___Early_blight\a9659799-4093-4d84-855e-2f4382729c01___RS_Early.B 8784.JPG,Potato___Early_blight,Early Blight,256,256,1.0,65536,19.6,133.0,136.9,117.78,46.86,41.68,53.78,129.23,48.41,5.66,11.51,-17.17,Diseased,Small,Moderate,Green,129.23
aa0ad1ba-f08a-4376-82a1-fec51fbf6810___RS_Early.B 7478.JPG,PlantVillage\Potato___Early_blight\aa0ad1ba-f08a-4376-82a1-fec51fbf6810___RS_Early.B 7478.JPG,Potato___Early_blight,Early Blight,256,256,1.0,65536,21.09,134.4,141.4,118.83,55.3,54.87,63.27,131.54,58.71,4.28,14.79,-19.07,Diseased,Small,Moderate,Green,131.54
aa342b8f-88f5-4d9d-9740-4b1b4147c590___RS_Early.B 7939.JPG,PlantVillage\Potato___Early_blight\aa342b8f-88f5-4d9d-9740-4b1b4147c590___RS_Early.B 7939.JPG,Potato___Early_blight,Early Blight,256,256,1.0,65536,20.7,127.27,128.37,108.91,59.54,58.59,65.71,121.51,62.01,8.63,10.28,-18.9,Diseased,Small,Moderate,Green,121.52
aa687aac-2f1a-44d8-89aa-3f7d413b4763___RS_Early.B 8055.JPG,PlantVillage\Potato___Early_blight\aa687aac-2f1a-44d8-89aa-3f7d413b4763___RS_Early.B 8055.JPG,Potato___Early_blight,Early Blight,256,256,1.0,65536,18.96,135.4,146.32,119.88,48.91,43.27,57.79,133.87,51.5,2.3,18.68,-20.98,Diseased,Small,Moderate,Green,133.87
aa7e5986-6fa1-4b25-9861-cbae56886280___RS_Early.B 8545.JPG,PlantVillage\Potato___Early_blight\aa7e5986-6fa1-4b25-9861-cbae56886280___RS_Early.B 8545.JPG,Potato___Early_blight,Early Blight,256,256,1.0,65536,20.1,123.2,131.63,108.61,55.0,50.91,61.14,121.15,56.64,3.08,15.73,-18.81,Diseased,Small,Moderate,Green,121.15
aaa394b2-f7d5-41a5-97eb-acc4068ef72d___RS_Early.B 9155.JPG,PlantVillage\Potato___Early_blight\aaa394b2-f7d5-41a5-97eb-acc4068ef72d___RS_Early.B 9155.JPG,Potato___Early_blight,Early Blight,256,256,1.0,65536,19.5,137.51,146.16,124.43,50.52,51.67,58.6,136.03,54.45,2.22,15.19,-17.41,Diseased,Small,Moderate,Green,136.03
ab0878eb-0310-4788-b2d7-14102cdd241e___RS_Early.B 7026.JPG,PlantVillage\Potato___Early_blight\ab0878eb-0310-4788-b2d7-14102cdd241e___RS_Early.B 7026.JPG,Potato___Early_blight,Early Blight,256,256,1.0,65536,20.4,133.81,141.73,120.22,49.13,47.9,59.61,131.92,53.22,2.84,14.71,-17.55,Diseased,Small,Moderate,Green,131.92
ab23a940-3124-4101-b562-08ca34a8334b___RS_Early.B 7790.JPG,PlantVillage\Potato___Early_blight\ab23a940-3124-4101-b562-08ca34a8334b___RS_Early.B 7790.JPG,Potato___Early_blight,Early Blight,256,256,1.0,65536,19.78,130.36,138.78,118.52,45.83,40.93,53.38,129.22,47.72,1.71,14.34,-16.05,Diseased,Small,Moderate,Green,129.22
ab808dff-e0fc-42d0-ad9a-c4cb7f69e59b___RS_Early.B 9210.JPG,PlantVillage\Potato___Early_blight\ab808dff-e0fc-42d0-ad9a-c4cb7f69e59b___RS_Early.B 9210.JPG,Potato___Early_blight,Early Blight,256,256,1.0,65536,19.38,135.44,131.6,93.17,50.89,52.43,52.96,120.07,55.49,23.06,17.29,-40.35,Diseased,Small,Moderate,Red,120.07
abb9a8c4-5d0f-443a-b7c9-780036ffe76c___RS_Early.B 7380.JPG,PlantVillage\Potato___Early_blight\abb9a8c4-5d0f-443a-b7c9-780036ffe76c___RS_Early.B 7380.JPG,Potato___Early_blight,Early Blight,256,256,1.0,65536,20.73,111.69,122.36,104.13,50.1,47.11,56.81,112.72,52.04,-1.56,14.46,-12.9,Diseased,Small,Moderate,Green,112.73
abfaeb8b-fe1e-48e6-ab8f-c9a72680420d___RS_Early.B 7427.JPG,PlantVillage\Potato___Early_blight\abfaeb8b-fe1e-48e6-ab8f-c9a72680420d___RS_Early.B 7427.JPG,Potato___Early_blight,Early Blight,256,256,1.0,65536,18.93,142.36,145.69,105.47,49.83,51.32,58.67,131.17,56.44,16.78,21.77,-38.56,Diseased,Small,Moderate,Green,131.17
ac40d7e9-e650-40f1-b894-22f495febefd___RS_Early.B 7276.JPG,PlantVillage\Potato___Early_blight\ac40d7e9-e650-40f1-b894-22f495febefd___RS_Early.B 7276.JPG,Potato___Early_blight,Early Blight,256,256,1.0,65536,19.85,131.86,143.1,122.81,46.55,45.24,55.27,132.59,49.92,-1.09,15.77,-14.67,Diseased,Small,Moderate,Green,132.59
ac6c3aea-ad58-4b46-b0d2-195dba86e0f6___RS_Early.B 7926.JPG,PlantVillage\Potato___Early_blight\ac6c3aea-ad58-4b46-b0d2-195dba86e0f6___RS_Early.B 7926.JPG,Potato___Early_blight,Early Blight,256,256,1.0,65536,18.67,132.69,135.28,113.99,57.41,55.67,65.66,127.32,60.49,8.06,11.94,-20.0,Diseased,Small,Moderate,Green,127.32
acb59a95-cbe4-4602-9b8a-9adbf12899af___RS_Early.B 6754.JPG,PlantVillage\Potato___Early_blight\acb59a95-cbe4-4602-9b8a-9adbf12899af___RS_Early.B 6754.JPG,Potato___Early_blight,Early Blight,256,256,1.0,65536,23.1,123.13,135.78,103.91,50.25,52.31,58.84,120.94,55.49,3.29,22.27,-25.55,Diseased,Small,Moderate,Green,120.94
acb84d77-5b1c-4beb-be27-99fee467bf1f___RS_Early.B 7577.JPG,PlantVillage\Potato___Early_blight\acb84d77-5b1c-4beb-be27-99fee467bf1f___RS_Early.B 7577.JPG,Potato___Early_blight,Early Blight,256,256,1.0,65536,19.62,156.82,152.47,111.83,37.45,39.76,55.59,140.38,49.34,24.67,18.14,-42.81,Diseased,Small,Moderate,Red,140.37
acff9d5e-4b38-4817-a239-93c115a0b3ff___RS_Early.B 8993.JPG,PlantVillage\Potato___Early_blight\acff9d5e-4b38-4817-a239-93c115a0b3ff___RS_Early.B 8993.JPG,Potato___Early_blight,Early Blight,256,256,1.0,65536,18.36,145.81,152.49,116.95,34.78,35.11,53.46,138.42,44.77,11.09,21.12,-32.2,Diseased,Small,Moderate,Green,138.42
ad8c76f3-16b3-4d7f-a9e9-cbec8c398d34___RS_Early.B 6694.JPG,PlantVillage\Potato___Early_blight\ad8c76f3-16b3-4d7f-a9e9-cbec8c398d34___RS_Early.B 6694.JPG,Potato___Early_blight,Early Blight,256,256,1.0,65536,20.73,154.14,150.05,111.73,48.36,47.89,48.04,138.64,51.75,23.25,17.11,-40.37,Diseased,Small,Moderate,Red,138.64
adc573cd-bbf3-4742-9bd5-1e3e6f27319a___RS_Early.B 8685.JPG,PlantVillage\Potato___Early_blight\adc573cd-bbf3-4742-9bd5-1e3e6f27319a___RS_Early.B 8685.JPG,Potato___Early_blight,Early Blight,256,256,1.0,65536,19.56,131.49,139.61,106.42,49.39,48.5,55.71,125.84,53.21,8.48,20.65,-29.13,Diseased,Small,Moderate,Green,125.84
ae25f262-234e-4ee1-96ad-3e47ddfbea9d___RS_Early.B 6670.JPG,PlantVillage\Potato___Early_blight\ae25f262-234e-4ee1-96ad-3e47ddfbea9d___RS_Early.B 6670.JPG,Potato___Early_blight,Early Blight,256,256,1.0,65536,19.04,136.65,148.13,125.27,53.61,55.66,59.05,136.68,56.92,-0.05,17.17,-17.12,Diseased,Small,Moderate,Green,136.68
ae38f458-d36e-43ce-95a5-45b775692d8d___RS_Early.B 8644.JPG,PlantVillage\Potato___Early_blight\ae38f458-d36e-43ce-95a5-45b775692d8d___RS_Early.B 8644.JPG,Potato___Early_blight,Early Blight,256,256,1.0,65536,19.72,136.87,145.73,113.12,45.31,41.78,53.07,131.9,48.93,7.44,20.73,-28.18,Diseased,Small,Moderate,Green,131.91
ae5a9be8-5bd6-4542-8766-6c7bb8c61ded___RS_Early.B 8182.JPG,PlantVillage\Potato___Early_blight\ae5a9be8-5bd6-4542-8766-6c7bb8c61ded___RS_Early.B 8182.JPG,Potato___Early_blight,Early Blight,256,256,1.0,65536,20.92,137.73,140.27,113.81,53.89,54.5,63.75,130.61,58.78,10.69,14.5,-25.19,Diseased,Small,Moderate,Green,130.6
aed93c24-f226-4dd4-b5fb-b1f2d1202c63___RS_Early.B 8363.JPG,PlantVillage\Potato___Early_blight\aed93c24-f226-4dd4-b5fb-b1f2d1202c63___RS_Early.B 8363.JPG,Potato___Early_blight,Early Blight,256,256,1.0,65536,20.1,119.37,123.82,103.86,53.73,51.11,56.63,115.68,54.55,5.53,12.21,-17.74,Diseased,Small,Moderate,Green,115.68
af0ee942-50f5-43a7-a9fe-486ba1f5f989___RS_Early.B 7700.JPG,PlantVillage\Potato___Early_blight\af0ee942-50f5-43a7-a9fe-486ba1f5f989___RS_Early.B 7700.JPG,Potato___Early_blight,Early Blight,256,256,1.0,65536,19.22,117.36,119.55,100.96,60.61,60.41,66.55,112.63,63.13,7.11,10.39,-17.49,Diseased,Small,Moderate,Green,112.62
af3bb3a3-e022-45f3-b209-6b3b53f13a47___RS_Early.B 7333.JPG,PlantVillage\Potato___Early_blight\af3bb3a3-e022-45f3-b209-6b3b53f13a47___RS_Early.B 7333.JPG,Potato___Early_blight,Early Blight,256,256,1.0,65536,20.6,136.06,146.63,126.64,47.52,45.05,57.5,136.44,50.97,-0.58,15.28,-14.7,Diseased,Small,Moderate,Green,136.44
af79e762-c2f7-4e37-926b-ce27dbc52fc4___RS_Early.B 6858.JPG,PlantVillage\Potato___Early_blight\af79e762-c2f7-4e37-926b-ce27dbc52fc4___RS_Early.B 6858.JPG,Potato___Early_blight,Early Blight,256,256,1.0,65536,22.27,132.47,145.94,124.47,50.18,47.16,58.81,134.29,53.03,-2.73,17.47,-14.74,Diseased,Small,Moderate,Green,134.29
b05850b8-bfb9-487d-b0ba-8f406eba933e___RS_Early.B 6936.JPG,PlantVillage\Potato___Early_blight\b05850b8-bfb9-487d-b0ba-8f406eba933e___RS_Early.B 6936.JPG,Potato___Early_blight,Early Blight,256,256,1.0,65536,22.71,133.51,143.46,126.48,44.92,40.25,55.02,134.48,47.65,-1.46,13.46,-12.0,Diseased,Small,Moderate,Green,134.48
b09e0cba-0564-4dde-a90d-3c0d90d6336e___RS_Early.B 7776.JPG,PlantVillage\Potato___Early_blight\b09e0cba-0564-4dde-a90d-3c0d90d6336e___RS_Early.B 7776.JPG,Potato___Early_blight,Early Blight,256,256,1.0,65536,18.49,145.15,142.01,132.51,43.46,44.26,57.29,139.89,49.05,7.9,3.17,-11.07,Diseased,Small,Moderate,Red,139.89
b14e0de2-ab48-45b5-9d4d-e45e7c88b68f___RS_Early.B 8554.JPG,PlantVillage\Potato___Early_blight\b14e0de2-ab48-45b5-9d4d-e45e7c88b68f___RS_Early.B 8554.JPG,Potato___Early_blight,Early Blight,256,256,1.0,65536,18.82,143.44,145.96,115.26,50.39,49.19,60.24,134.89,55.28,12.82,16.61,-29.44,Diseased,Small,Moderate,Green,134.89
b17bf28e-c272-4a24-9f45-7d3a343de49f___RS_Early.B 7620.JPG,PlantVillage\Potato___Early_blight\b17bf28e-c272-4a24-9f45-7d3a343de49f___RS_Early.B 7620.JPG,Potato___Early_blight,Early Blight,256,256,1.0,65536,20.88,131.06,132.22,102.96,46.51,47.3,58.91,122.08,52.98,13.47,15.21,-28.68,Diseased,Small,Moderate,Green,122.08
b1b3c9c7-a4b9-4048-be45-fa9c5e507c66___RS_Early.B 7466.JPG,PlantVillage\Potato___Early_blight\b1b3c9c7-a4b9-4048-be45-fa9c5e507c66___RS_Early.B 7466.JPG,Potato___Early_blight,Early Blight,256,256,1.0,65536,16.12,167.47,165.28,126.68,39.33,41.73,54.0,153.14,49.19,21.48,18.21,-39.69,Diseased,Small,Bright,Red,153.14
b1b55149-b5bc-460e-87af-a745fb01855d___RS_Early.B 7477.JPG,PlantVillage\Potato___Early_blight\b1b55149-b5bc-460e-87af-a745fb01855d___RS_Early.B 7477.JPG,Potato___Early_blight,Early Blight,256,256,1.0,65536,21.58,158.99,166.72,142.89,49.12,48.37,59.95,156.2,53.67,4.19,15.78,-19.97,Diseased,Small,Bright,Green,156.2
b21bc878-7b63-481e-a6d1-7e972627210e___RS_Early.B 7656.JPG,PlantVillage\Potato___Early_blight\b21bc878-7b63-481e-a6d1-7e972627210e___RS_Early.B 7656.JPG,Potato___Early_blight,Early Blight,256,256,1.0,65536,20.64,122.75,127.96,104.76,44.41,41.79,56.99,118.49,49.2,6.39,14.2,-20.6,Diseased,Small,Moderate,Green,118.49
b29e0fdf-c39f-4b3a-b12f-c693374f15cf___RS_Early.B 8820.JPG,PlantVillage\Potato___Early_blight\b29e0fdf-c39f-4b3a-b12f-c693374f15cf___RS_Early.B 8820.JPG,Potato___Early_blight,Early Blight,256,256,1.0,65536,19.3,132.84,137.73,114.82,47.48,41.94,53.52,128.46,48.88,6.57,13.89,-20.46,Diseased,Small,Moderate,Green,128.46
b2b7758e-f201-4d9c-bc27-d53bb09b2dac___RS_Early.B 7025.JPG,PlantVillage\Potato___Early_blight\b2b7758e-f201-4d9c-bc27-d53bb09b2dac___RS_Early.B 7025.JPG,Potato___Early_blight,Early Blight,256,256,1.0,65536,21.3,133.32,139.33,122.45,51.67,50.58,61.76,131.7,55.35,2.43,11.45,-13.88,Diseased,Small,Moderate,Green,131.7
b2e21749-afe2-4392-8d5d-23088d37873c___RS_Early.B 9028.JPG,PlantVillage\Potato___Early_blight\b2e21749-afe2-4392-8d5d-23088d37873c___RS_Early.B 9028.JPG,Potato___Early_blight,Early Blight,256,256,1.0,65536,20.09,158.41,157.61,114.1,36.48,39.43,45.88,143.38,45.74,22.55,21.36,-43.91,Diseased,Small,Moderate,Red,143.37
b2e6d502-8a02-4493-ae91-34bad50b6040___RS_Early.B 7537.JPG,PlantVillage\Potato___Early_blight\b2e6d502-8a02-4493-ae91-34bad50b6040___RS_Early.B 7537.JPG,Potato___Early_blight,Early Blight,256,256,1.0,65536,17.97,138.38,147.67,118.58,49.9,49.36,61.75,134.88,55.32,5.26,19.19,-24.45,Diseased,Small,Moderate,Green,134.88
b301c9cd-7624-4261-ab4f-962936ebb92a___RS_Early.B 7632.JPG,PlantVillage\Potato___Early_blight\b301c9cd-7624-4261-ab4f-962936ebb92a___RS_Early.B 7632.JPG,Potato___Early_blight,Early Blight,256,256,1.0,65536,18.05,134.2,143.65,122.97,48.04,44.28,56.53,133.61,50.59,0.88,15.07,-15.96,Diseased,Small,Moderate,Green,133.61
b328c22c-c9c6-41fd-9bac-daf2f26143b1___RS_Early.B 6854.JPG,PlantVillage\Potato___Early_blight\b328c22c-c9c6-41fd-9bac-daf2f26143b1___RS_Early.B 6854.JPG,Potato___Early_blight,Early Blight,256,256,1.0,65536,20.39,124.0,139.72,116.24,47.47,45.22,56.3,126.65,50.84,-3.98,19.6,-15.62,Diseased,Small,Moderate,Green,126.65
b35e4c48-e54e-4e42-a399-b236209314f4___RS_Early.B 8231.JPG,PlantVillage\Potato___Early_blight\b35e4c48-e54e-4e42-a399-b236209314f4___RS_Early.B 8231.JPG,Potato___Early_blight,Early Blight,256,256,1.0,65536,19.38,123.41,126.74,93.36,47.35,48.61,53.97,114.5,52.26,13.37,18.35,-31.72,Diseased,Small,Moderate,Green,114.5
b39bbf50-eae1-49ca-bd12-e776e3680d8b___RS_Early.B 6775.JPG,PlantVillage\Potato___Early_blight\b39bbf50-eae1-49ca-bd12-e776e3680d8b___RS_Early.B 6775.JPG,Potato___Early_blight,Early Blight,256,256,1.0,65536,17.64,140.16,138.35,113.27,56.64,58.19,66.68,130.59,61.89,14.35,11.64,-25.99,Diseased,Small,Moderate,Red,130.59
b3d44557-f696-4fc9-b144-dec4f4ba9452___RS_Early.B 9110.JPG,PlantVillage\Potato___Early_blight\b3d44557-f696-4fc9-b144-dec4f4ba9452___RS_Early.B 9110.JPG,Potato___Early_blight,Early Blight,256,256,1.0,65536,20.26,136.58,143.44,124.53,44.99,41.51,56.25,134.85,48.63,2.6,12.88,-15.48,Diseased,Small,Moderate,Green,134.85
b4021eae-d195-400a-b7b7-9888367f5f2f___RS_Early.B 7881.JPG,PlantVillage\Potato___Early_blight\b4021eae-d195-400a-b7b7-9888367f5f2f___RS_Early.B 7881.JPG,Potato___Early_blight,Early Blight,256,256,1.0,65536,20.98,117.68,120.17,97.95,56.07,56.81,65.58,111.93,60.47,8.62,12.36,-20.98,Diseased,Small,Moderate,Green,111.93
b472654c-a32f-4c8f-b424-da6e415febf9___RS_Early.B 8930.JPG,PlantVillage\Potato___Early_blight\b472654c-a32f-4c8f-b424-da6e415febf9___RS_Early.B 8930.JPG,Potato___Early_blight,Early Blight,256,256,1.0,65536,21.05,143.84,138.6,104.94,49.19,51.81,58.86,129.13,56.15,22.07,14.21,-36.28,Diseased,Small,Moderate,Red,129.13
b475147c-92bc-419a-b2c3-7d5aabbb79ec___RS_Early.B 7379.JPG,PlantVillage\Potato___Early_blight\b475147c-92bc-419a-b2c3-7d5aabbb79ec___RS_Early.B 7379.JPG,Potato___Early_blight,Early Blight,256,256,1.0,65536,19.08,130.46,141.48,123.33,49.42,44.69,56.83,131.75,51.11,-1.94,14.58,-12.64,Diseased,Small,Moderate,Green,131.76
b5127f55-debe-459a-98e5-4629750f9c38___RS_Early.B 7496.JPG,PlantVillage\Potato___Early_blight\b5127f55-debe-459a-98e5-4629750f9c38___RS_Early.B 7496.JPG,Potato___Early_blight,Early Blight,256,256,1.0,65536,16.24,135.45,140.19,127.07,62.25,61.46,69.24,134.24,64.64,1.82,8.92,-10.75,Diseased,Small,Moderate,Green,134.24
b512ab1a-0ea5-47d6-b998-7c9f32ed3329___RS_Early.B 7250.JPG,PlantVillage\Potato___Early_blight\b512ab1a-0ea5-47d6-b998-7c9f32ed3329___RS_Early.B 7250.JPG,Potato___Early_blight,Early Blight,256,256,1.0,65536,18.44,141.75,135.97,111.54,57.76,59.8,63.28,129.75,61.73,18.0,9.33,-27.33,Diseased,Small,Moderate,Red,129.75
b549ab3b-06f1-45ef-bf34-86071552d870___RS_Early.B 8576.JPG,PlantVillage\Potato___Early_blight\b549ab3b-06f1-45ef-bf34-86071552d870___RS_Early.B 8576.JPG,Potato___Early_blight,Early Blight,256,256,1.0,65536,19.46,133.97,137.67,109.49,45.77,43.4,54.72,127.04,49.81,10.39,15.94,-26.33,Diseased,Small,Moderate,Green,127.04
b54a2105-b9a4-4665-9e34-44df46d0be5a___RS_Early.B 8507.JPG,PlantVillage\Potato___Early_blight\b54a2105-b9a4-4665-9e34-44df46d0be5a___RS_Early.B 8507.JPG,Potato___Early_blight,Early Blight,256,256,1.0,65536,17.36,137.69,140.9,108.01,44.74,42.28,56.99,128.87,50.64,13.23,18.05,-31.28,Diseased,Small,Moderate,Green,128.87
b6220993-c51f-48fa-bee9-fb5cb89cc0c4___RS_Early.B 7467.JPG,PlantVillage\Potato___Early_blight\b6220993-c51f-48fa-bee9-fb5cb89cc0c4___RS_Early.B 7467.JPG,Potato___Early_blight,Early Blight,256,256,1.0,65536,17.07,157.62,155.08,116.67,41.39,43.75,53.74,143.12,50.23,21.75,17.93,-39.68,Diseased,Small,Moderate,Red,143.12
b692a411-91aa-4388-b641-a6c02286840c___RS_Early.B 7784.JPG,PlantVillage\Potato___Early_blight\b692a411-91aa-4388-b641-a6c02286840c___RS_Early.B 7784.JPG,Potato___Early_blight,Early Blight,256,256,1.0,65536,22.37,136.63,135.07,114.43,54.55,55.91,62.76,128.71,58.73,11.88,9.54,-21.42,Diseased,Small,Moderate,Red,128.71
b6b036b0-6869-48b8-b861-a6a85d1b2b97___RS_Early.B 6850.JPG,PlantVillage\Potato___Early_blight\b6b036b0-6869-48b8-b861-a6a85d1b2b97___RS_Early.B 6850.JPG,Potato___Early_blight,Early Blight,256,256,1.0,65536,22.66,123.17,135.16,117.47,52.59,49.95,61.1,125.26,55.25,-3.15,14.84,-11.69,Diseased,Small,Moderate,Green,125.27
b6b4aa28-edc4-4e9f-bc0d-bd4b0ec085a2___RS_Early.B 7559.JPG,PlantVillage\Potato___Early_blight\b6b4aa28-edc4-4e9f-bc0d-bd4b0ec085a2___RS_Early.B 7559.JPG,Potato___Early_blight,Early Blight,256,256,1.0,65536,17.59,126.18,138.66,123.5,44.32,38.7,54.88,129.45,46.92,-4.9,13.82,-8.92,Diseased,Small,Moderate,Green,129.45
b6c68639-ad01-41f9-a10c-4233423ea2b0___RS_Early.B 8573.JPG,PlantVillage\Potato___Early_blight\b6c68639-ad01-41f9-a10c-4233423ea2b0___RS_Early.B 8573.JPG,Potato___Early_blight,Early Blight,256,256,1.0,65536,18.65,110.7,112.71,90.67,42.57,39.43,47.67,104.69,44.48,9.02,12.02,-21.04,Diseased,Small,Moderate,Green,104.69
b7157976-61c2-4366-87c5-e3de23aa7c10___RS_Early.B 7227.JPG,PlantVillage\Potato___Early_blight\b7157976-61c2-4366-87c5-e3de23aa7c10___RS_Early.B 7227.JPG,Potato___Early_blight,Early Blight,256,256,1.0,65536,17.3,154.32,143.37,105.09,54.78,55.37,60.85,134.26,60.84,30.1,13.66,-43.75,Diseased,Small,Moderate,Red,134.26
b76550de-8e3a-46f1-b06f-6bd4ed3dc8a5___RS_Early.B 8456.JPG,PlantVillage\Potato___Early_blight\b76550de-8e3a-46f1-b06f-6bd4ed3dc8a5___RS_Early.B 8456.JPG,Potato___Early_blight,Early Blight,256,256,1.0,65536,18.98,136.68,139.58,116.62,44.55,43.1,52.13,130.96,47.86,8.59,12.92,-21.51,Diseased,Small,Moderate,Green,130.96
b7712e86-f508-4485-8a42-5dd447f3b510___RS_Early.B 7103.JPG,PlantVillage\Potato___Early_blight\b7712e86-f508-4485-8a42-5dd447f3b510___RS_Early.B 7103.JPG,Potato___Early_blight,Early Blight,256,256,1.0,65536,16.32,145.87,147.58,116.18,51.28,53.56,60.81,136.54,57.21,13.99,16.56,-30.55,Diseased,Small,Moderate,Green,136.54
b7883606-5157-4dc1-b965-fc10f8fe1796___RS_Early.B 7598.JPG,PlantVillage\Potato___Early_blight\b7883606-5157-4dc1-b965-fc10f8fe1796___RS_Early.B 7598.JPG,Potato___Early_blight,Early Blight,256,256,1.0,65536,16.94,97.79,115.53,107.37,37.32,33.22,46.39,106.9,40.02,-13.66,12.95,0.71,Diseased,Small,Moderate,Green,106.9
b805f812-ef18-47ed-9756-1f5a5dd05b5d___RS_Early.B 7746.JPG,PlantVillage\Potato___Early_blight\b805f812-ef18-47ed-9756-1f5a5dd05b5d___RS_Early.B 7746.JPG,Potato___Early_blight,Early Blight,256,256,1.0,65536,20.65,121.73,132.62,110.38,55.74,53.07,61.63,121.58,57.65,0.23,16.56,-16.79,Diseased,Small,Moderate,Green,121.58
b817817e-a6b1-4123-88e7-db98b453ce17___RS_Early.B 6880.JPG,PlantVillage\Potato___Early_blight\b817817e-a6b1-4123-88e7-db98b453ce17___RS_Early.B 6880.JPG,Potato___Early_blight,Early Blight,256,256,1.0,65536,21.12,131.39,145.43,119.87,46.4,42.92,56.24,132.23,49.95,-1.25,19.8,-18.54,Diseased,Small,Moderate,Green,132.23
b83aea19-9485-412f-808d-c0a590d75388___RS_Early.B 6951.JPG,PlantVillage\Potato___Early_blight\b83aea19-9485-412f-808d-c0a590d75388___RS_Early.B 6951.JPG,Potato___Early_blight,Early Blight,256,256,1.0,65536,19.56,114.58,124.34,109.25,45.58,41.43,55.45,116.06,48.25,-2.22,12.42,-10.21,Diseased,Small,Moderate,Green,116.06
b8578828-0e34-4511-9739-9ef0170774b2___RS_Early.B 7416.JPG,PlantVillage\Potato___Early_blight\b8578828-0e34-4511-9739-9ef0170774b2___RS_Early.B 7416.JPG,Potato___Early_blight,Early Blight,256,256,1.0,65536,17.62,158.64,161.09,126.7,37.7,38.38,49.61,148.81,45.06,14.75,18.42,-33.17,Diseased,Small,Moderate,Green,148.81
b8803558-9e0f-404e-80b3-c78d0bc7f6d0___RS_Early.B 7548.JPG,PlantVillage\Potato___Early_blight\b8803558-9e0f-404e-80b3-c78d0bc7f6d0___RS_Early.B 7548.JPG,Potato___Early_blight,Early Blight,256,256,1.0,65536,18.86,127.21,140.51,119.83,48.16,46.08,57.76,129.18,51.64,-2.96,16.98,-14.02,Diseased,Small,Moderate,Green,129.18
b8e08567-5193-41a4-b637-140b503830d9___RS_Early.B 9133.JPG,PlantVillage\Potato___Early_blight\b8e08567-5193-41a4-b637-140b503830d9___RS_Early.B 9133.JPG,Potato___Early_blight,Early Blight,256,256,1.0,65536,21.02,150.69,144.42,110.37,46.02,50.48,61.47,135.16,55.94,23.3,13.89,-37.19,Diseased,Small,Moderate,Red,135.16
b954c296-ae18-4efb-8a8c-450486faa919___RS_Early.B 6998.JPG,PlantVillage\Potato___Early_blight\b954c296-ae18-4efb-8a8c-450486faa919___RS_Early.B 6998.JPG,Potato___Early_blight,Early Blight,256,256,1.0,65536,21.42,143.9,150.01,106.81,44.81,46.87,56.24,133.57,53.11,15.5,24.66,-40.15,Diseased,Small,Moderate,Green,133.57
b95c05a8-2d70-4af5-a384-5b5b4450b7c6___RS_Early.B 7724.JPG,PlantVillage\Potato___Early_blight\b95c05a8-2d70-4af5-a384-5b5b4450b7c6___RS_Early.B 7724.JPG,Potato___Early_blight,Early Blight,256,256,1.0,65536,19.56,133.53,140.16,117.39,48.06,47.08,58.1,130.36,52.21,4.75,14.71,-19.45,Diseased,Small,Moderate,Green,130.36
b99ba68b-4608-4335-a292-b4249d83762d___RS_Early.B 9096.JPG,PlantVillage\Potato___Early_blight\b99ba68b-4608-4335-a292-b4249d83762d___RS_Early.B 9096.JPG,Potato___Early_blight,Early Blight,256,256,1.0,65536,20.54,136.66,130.34,111.67,52.27,54.33,63.76,126.22,57.99,15.65,6.17,-21.82,Diseased,Small,Moderate,Red,126.22
ba5dfd98-89d6-49d5-b398-beb05cb9d8ad___RS_Early.B 7824.JPG,PlantVillage\Potato___Early_blight\ba5dfd98-89d6-49d5-b398-beb05cb9d8ad___RS_Early.B 7824.JPG,Potato___Early_blight,Early Blight,256,256,1.0,65536,20.63,133.13,141.53,117.55,52.29,50.16,60.2,130.74,55.29,3.59,16.19,-19.78,Diseased,Small,Moderate,Green,130.74
ba96aab6-adb5-4021-b6ad-3305f50aec12___RS_Early.B 7317.JPG,PlantVillage\Potato___Early_blight\ba96aab6-adb5-4021-b6ad-3305f50aec12___RS_Early.B 7317.JPG,Potato___Early_blight,Early Blight,256,256,1.0,65536,15.71,144.79,158.79,135.19,46.5,48.05,56.24,146.25,51.37,-2.19,18.8,-16.6,Diseased,Small,Moderate,Green,146.26
bac19c19-ab8b-466a-a317-56c1f35fb082___RS_Early.B 7141.JPG,PlantVillage\Potato___Early_blight\bac19c19-ab8b-466a-a317-56c1f35fb082___RS_Early.B 7141.JPG,Potato___Early_blight,Early Blight,256,256,1.0,65536,17.26,159.45,167.45,136.94,37.08,37.53,52.49,154.61,44.86,7.26,19.25,-26.51,Diseased,Small,Bright,Green,154.61
bb07a1b7-b9ad-4016-a013-9ff0e4636d4a___RS_Early.B 7156.JPG,PlantVillage\Potato___Early_blight\bb07a1b7-b9ad-4016-a013-9ff0e4636d4a___RS_Early.B 7156.JPG,Potato___Early_blight,Early Blight,256,256,1.0,65536,17.64,143.25,141.51,120.05,46.17,47.43,58.89,134.94,52.23,12.47,9.86,-22.34,Diseased,Small,Moderate,Red,134.94
bb38077f-ee91-4c0b-af46-f90b21b9e9db___RS_Early.B 7121.JPG,PlantVillage\Potato___Early_blight\bb38077f-ee91-4c0b-af46-f90b21b9e9db___RS_Early.B 7121.JPG,Potato___Early_blight,Early Blight,256,256,1.0,65536,17.54,149.47,156.98,128.55,39.06,38.11,58.1,145.0,47.57,6.71,17.97,-24.67,Diseased,Small,Moderate,Green,145.0
bb3d6df0-683e-4f04-afaf-277a36edad6c___RS_Early.B 9070.JPG,PlantVillage\Potato___Early_blight\bb3d6df0-683e-4f04-afaf-277a36edad6c___RS_Early.B 9070.JPG,Potato___Early_blight,Early Blight,256,256,1.0,65536,21.94,143.65,147.92,118.02,47.07,48.91,55.51,136.53,52.32,10.68,17.09,-27.77,Diseased,Small,Moderate,Green,136.53
bb4e9c01-6166-424d-a379-9ef405fdd555___RS_Early.B 6843.JPG,PlantVillage\Potato___Early_blight\bb4e9c01-6166-424d-a379-9ef405fdd555___RS_Early.B 6843.JPG,Potato___Early_blight,Early Blight,256,256,1.0,65536,21.11,126.82,140.71,115.74,49.41,48.56,59.42,127.76,53.68,-1.41,19.43,-18.02,Diseased,Small,Moderate,Green,127.76
bb569e8c-4f57-481f-86d9-291ebd67336e___RS_Early.B 7543.JPG,PlantVillage\Potato___Early_blight\bb569e8c-4f57-481f-86d9-291ebd67336e___RS_Early.B 7543.JPG,Potato___Early_blight,Early Blight,256,256,1.0,65536,17.41,132.85,143.98,125.28,45.28,42.57,54.43,134.04,48.31,-1.77,14.91,-13.14,Diseased,Small,Moderate,Green,134.04
bc378ba0-533d-42db-a8b2-82decc73f4d5___RS_Early.B 9092.JPG,PlantVillage\Potato___Early_blight\bc378ba0-533d-42db-a8b2-82decc73f4d5___RS_Early.B 9092.JPG,Potato___Early_blight,Early Blight,256,256,1.0,65536,20.98,114.63,109.06,87.61,57.02,58.44,58.21,103.76,59.05,16.29,7.95,-24.24,Diseased,Small,Moderate,Red,103.77
bc7552e4-3901-41b8-8bef-727eeca4270e___RS_Early.B 7942.JPG,PlantVillage\Potato___Early_blight\bc7552e4-3901-41b8-8bef-727eeca4270e___RS_Early.B 7942.JPG,Potato___Early_blight,Early Blight,256,256,1.0,65536,21.45,142.3,143.41,121.94,54.13,53.88,64.34,135.88,58.49,9.63,11.29,-20.91,Diseased,Small,Moderate,Green,135.88
bc8a7fa5-1f77-4829-a1ee-0ccbeef289eb___RS_Early.B 7228.JPG,PlantVillage\Potato___Early_blight\bc8a7fa5-1f77-4829-a1ee-0ccbeef289eb___RS_Early.B 7228.JPG,Potato___Early_blight,Early Blight,256,256,1.0,65536,18.06,146.26,135.12,98.06,59.22,60.33,66.56,126.48,65.45,29.67,12.96,-42.62,Diseased,Small,Moderate,Red,126.48
bcc2199e-a6c6-4e0d-a7a7-f7c4b25f2c04___RS_Early.B 7007.JPG,PlantVillage\Potato___Early_blight\bcc2199e-a6c6-4e0d-a7a7-f7c4b25f2c04___RS_Early.B 7007.JPG,Potato___Early_blight,Early Blight,256,256,1.0,65536,18.79,135.8,141.96,125.65,51.5,50.27,61.25,134.47,54.98,2.0,11.23,-13.23,Diseased,Small,Moderate,Green,134.47
bcedd1ec-17b4-495b-b47f-5877ef836f88___RS_Early.B 7248.JPG,PlantVillage\Potato___Early_blight\bcedd1ec-17b4-495b-b47f-5877ef836f88___RS_Early.B 7248.JPG,Potato___Early_blight,Early Blight,256,256,1.0,65536,17.82,151.59,145.5,119.3,48.49,53.12,61.46,138.8,56.39,19.19,10.05,-29.24,Diseased,Small,Moderate,Red,138.8
bcf169b0-dea7-49eb-b976-4a2d1f36c574___RS_Early.B 7870.JPG,PlantVillage\Potato___Early_blight\bcf169b0-dea7-49eb-b976-4a2d1f36c574___RS_Early.B 7870.JPG,Potato___Early_blight,Early Blight,256,256,1.0,65536,19.8,132.52,134.62,109.56,53.23,53.88,64.08,125.57,58.39,10.43,13.58,-24.01,Diseased,Small,Moderate,Green,125.57
bd4c7de8-0616-45d4-a060-54b8329a9462___RS_Early.B 6902.JPG,PlantVillage\Potato___Early_blight\bd4c7de8-0616-45d4-a060-54b8329a9462___RS_Early.B 6902.JPG,Potato___Early_blight,Early Blight,256,256,1.0,65536,20.59,141.02,148.0,125.41,43.35,42.87,57.47,138.14,49.29,4.31,14.79,-19.1,Diseased,Small,Moderate,Green,138.14
bddc2487-ecc6-447e-902f-3560a62e5e83___RS_Early.B 7307.JPG,PlantVillage\Potato___Early_blight\bddc2487-ecc6-447e-902f-3560a62e5e83___RS_Early.B 7307.JPG,Potato___Early_blight,Early Blight,256,256,1.0,65536,18.24,138.82,146.39,117.34,37.83,37.72,48.65,134.18,43.49,6.95,18.32,-25.27,Diseased,Small,Moderate,Green,134.18
be5f03e6-810f-4f22-9e5a-37a66826f7e5___RS_Early.B 6807.JPG,PlantVillage\Potato___Early_blight\be5f03e6-810f-4f22-9e5a-37a66826f7e5___RS_Early.B 6807.JPG,Potato___Early_blight,Early Blight,256,256,1.0,65536,20.91,131.73,144.16,113.2,53.05,53.42,60.67,129.7,57.26,3.04,21.7,-24.74,Diseased,Small,Moderate,Green,129.7
be89d35f-e382-4b1c-95e8-af88d969d306___RS_Early.B 6758.JPG,PlantVillage\Potato___Early_blight\be89d35f-e382-4b1c-95e8-af88d969d306___RS_Early.B 6758.JPG,Potato___Early_blight,Early Blight,256,256,1.0,65536,20.86,121.75,132.06,108.26,56.06,58.19,61.54,120.69,59.44,1.59,17.06,-18.64,Diseased,Small,Moderate,Green,120.69
bea108c2-bdf1-484d-807c-fa9431f4dc95___RS_Early.B 7265.JPG,PlantVillage\Potato___Early_blight\bea108c2-bdf1-484d-807c-fa9431f4dc95___RS_Early.B 7265.JPG,Potato___Early_blight,Early Blight,256,256,1.0,65536,17.77,137.96,137.16,106.8,52.55,55.2,64.14,127.31,59.31,15.98,14.78,-30.77,Diseased,Small,Moderate,Red,127.31
beb20b26-07f9-4215-8264-dca1283514ac___RS_Early.B 7644.JPG,PlantVillage\Potato___Early_blight\beb20b26-07f9-4215-8264-dca1283514ac___RS_Early.B 7644.JPG,Potato___Early_blight,Early Blight,256,256,1.0,65536,21.05,125.0,131.5,115.57,58.77,56.16,66.17,124.02,60.87,1.46,11.22,-12.68,Diseased,Small,Moderate,Green,124.02
bf972aad-9f3f-40c8-9fc7-fdcf57a94c6f___RS_Early.B 7151.JPG,PlantVillage\Potato___Early_blight\bf972aad-9f3f-40c8-9fc7-fdcf57a94c6f___RS_Early.B 7151.JPG,Potato___Early_blight,Early Blight,256,256,1.0,65536,20.74,136.08,141.44,113.31,45.55,43.91,60.02,130.28,51.81,8.7,16.75,-25.45,Diseased,Small,Moderate,Green,130.28
c03a3f69-00b7-4aa5-a49f-794416af0598___RS_Early.B 8112.JPG,PlantVillage\Potato___Early_blight\c03a3f69-00b7-4aa5-a49f-794416af0598___RS_Early.B 8112.JPG,Potato___Early_blight,Early Blight,256,256,1.0,65536,19.94,144.01,132.62,101.93,50.97,53.46,60.45,126.19,57.9,26.73,9.65,-36.39,Diseased,Small,Moderate,Red,126.19
c09e4b05-b196-4955-abd4-6aed44c40132___RS_Early.B 6823.JPG,PlantVillage\Potato___Early_blight\c09e4b05-b196-4955-abd4-6aed44c40132___RS_Early.B 6823.JPG,Potato___Early_blight,Early Blight,256,256,1.0,65536,21.13,128.59,136.88,115.8,57.67,57.24,65.62,127.09,60.92,2.25,14.69,-16.94,Diseased,Small,Moderate,Green,127.09
c0d9fcd4-79cb-43e4-82bc-1e48e9e2a572___RS_Early.B 7279.JPG,PlantVillage\Potato___Early_blight\c0d9fcd4-79cb-43e4-82bc-1e48e9e2a572___RS_Early.B 7279.JPG,Potato___Early_blight,Early Blight,256,256,1.0,65536,19.33,139.56,151.33,130.26,40.43,38.64,50.17,140.38,44.22,-1.24,16.43,-15.19,Diseased,Small,Moderate,Green,140.38
c10de41b-4c38-41c4-b278-600071051453___RS_Early.B 8093.JPG,PlantVillage\Potato___Early_blight\c10de41b-4c38-41c4-b278-600071051453___RS_Early.B 8093.JPG,Potato___Early_blight,Early Blight,256,256,1.0,65536,21.4,124.97,127.6,102.19,47.78,48.26,58.33,118.26,52.93,10.08,14.02,-24.1,Diseased,Small,Moderate,Green,118.25
c10f959b-1f3d-4581-8299-640e87b1b653___RS_Early.B 7949.JPG,PlantVillage\Potato___Early_blight\c10f959b-1f3d-4581-8299-640e87b1b653___RS_Early.B 7949.JPG,Potato___Early_blight,Early Blight,256,256,1.0,65536,21.09,134.74,139.0,115.24,54.39,52.57,63.1,129.66,57.81,7.62,14.0,-21.63,Diseased,Small,Moderate,Green,129.66
c14e2b11-510b-4967-ac96-ae965972ad50___RS_Early.B 7327.JPG,PlantVillage\Potato___Early_blight\c14e2b11-510b-4967-ac96-ae965972ad50___RS_Early.B 7327.JPG,Potato___Early_blight,Early Blight,256,256,1.0,65536,18.58,157.59,153.48,123.28,39.68,41.71,57.57,144.78,49.43,19.21,13.04,-32.25,Diseased,Small,Moderate,Red,144.78
c17c36ed-c36f-42d4-812d-3b17158063d3___RS_Early.B 8398.JPG,PlantVillage\Potato___Early_blight\c17c36ed-c36f-42d4-812d-3b17158063d3___RS_Early.B 8398.JPG,Potato___Early_blight,Early Blight,256,256,1.0,65536,20.01,133.35,139.46,107.48,47.16,45.3,54.23,126.76,50.97,9.88,19.04,-28.93,Diseased,Small,Moderate,Green,126.76
c18f83e1-2144-440f-9603-74fe58c66073___RS_Early.B 7844.JPG,PlantVillage\Potato___Early_blight\c18f83e1-2144-440f-9603-74fe58c66073___RS_Early.B 7844.JPG,Potato___Early_blight,Early Blight,256,256,1.0,65536,18.98,139.03,143.62,121.96,52.01,49.83,60.45,134.87,55.08,6.24,13.12,-19.36,Diseased,Small,Moderate,Green,134.87
c28107c6-ea57-4044-bb6e-508d6d360cd7___RS_Early.B 7057.JPG,PlantVillage\Potato___Early_blight\c28107c6-ea57-4044-bb6e-508d6d360cd7___RS_Early.B 7057.JPG,Potato___Early_blight,Early Blight,256,256,1.0,65536,17.24,133.76,144.51,107.14,42.72,43.47,54.89,128.47,49.89,7.93,24.06,-31.99,Diseased,Small,Moderate,Green,128.47
c2cc82b8-9f74-4e40-9792-c121a89a84c0___RS_Early.B 8524.JPG,PlantVillage\Potato___Early_blight\c2cc82b8-9f74-4e40-9792-c121a89a84c0___RS_Early.B 8524.JPG,Potato___Early_blight,Early Blight,256,256,1.0,65536,17.44,122.24,138.42,125.37,44.97,37.57,50.79,128.68,45.32,-9.65,14.62,-4.96,Diseased,Small,Moderate,Green,128.68
c30ce1e1-5f05-4cb7-a95a-f22d3621c54f___RS_Early.B 6964.JPG,PlantVillage\Potato___Early_blight\c30ce1e1-5f05-4cb7-a95a-f22d3621c54f___RS_Early.B 6964.JPG,Potato___Early_blight,Early Blight,256,256,1.0,65536,21.93,113.91,122.47,94.28,49.26,50.39,59.23,110.22,54.44,5.53,18.38,-23.91,Diseased,Small,Moderate,Green,110.22
c3356ff5-91b3-4673-b1d2-d47195b162cd___RS_Early.B 8352.JPG,PlantVillage\Potato___Early_blight\c3356ff5-91b3-4673-b1d2-d47195b162cd___RS_Early.B 8352.JPG,Potato___Early_blight,Early Blight,256,256,1.0,65536,17.89,131.6,137.29,103.52,45.59,43.5,53.18,124.14,49.84,11.2,19.72,-30.92,Diseased,Small,Moderate,Green,124.14
c3bf3f15-b1ae-4e36-97a4-f341879db6ae___RS_Early.B 8263.JPG,PlantVillage\Potato___Early_blight\c3bf3f15-b1ae-4e36-97a4-f341879db6ae___RS_Early.B 8263.JPG,Potato___Early_blight,Early Blight,256,256,1.0,65536,21.56,131.79,127.27,112.88,59.61,61.51,67.56,123.98,63.5,11.72,4.93,-16.65,Diseased,Small,Moderate,Red,123.98
c3ce9bae-e62a-4dd9-afa0-f020c48b87cc___RS_Early.B 6704.JPG,PlantVillage\Potato___Early_blight\c3ce9bae-e62a-4dd9-afa0-f020c48b87cc___RS_Early.B 6704.JPG,Potato___Early_blight,Early Blight,256,256,1.0,65536,22.17,153.68,157.94,125.16,47.12,48.83,56.61,145.59,53.06,12.13,18.52,-30.65,Diseased,Small,Moderate,Green,145.59
c3d68a2f-0c7a-4060-bfc4-8baf01d3f2fe___RS_Early.B 8010.JPG,PlantVillage\Potato___Early_blight\c3d68a2f-0c7a-4060-bfc4-8baf01d3f2fe___RS_Early.B 8010.JPG,Potato___Early_blight,Early Blight,256,256,1.0,65536,22.83,145.59,145.0,113.84,49.86,51.79,60.03,134.81,56.07,16.17,15.28,-31.45,Diseased,Small,Moderate,Red,134.81
c419a9f0-5fb9-4db6-a229-5c08c36896fe___RS_Early.B 8585.JPG,PlantVillage\Potato___Early_blight\c419a9f0-5fb9-4db6-a229-5c08c36896fe___RS_Early.B 8585.JPG,Potato___Early_blight,Early Blight,256,256,1.0,65536,16.95,119.36,124.12,98.86,54.56,50.57,60.83,114.11,56.55,7.87,15.01,-22.88,Diseased,Small,Moderate,Green,114.11
c42b5e69-2673-42ef-8e14-a785fea3aad6___RS_Early.B 9107.JPG,PlantVillage\Potato___Early_blight\c42b5e69-2673-42ef-8e14-a785fea3aad6___RS_Early.B 9107.JPG,Potato___Early_blight,Early Blight,256,256,1.0,65536,19.18,132.39,140.21,118.1,43.53,39.43,54.17,130.23,47.03,3.24,14.96,-18.2,Diseased,Small,Moderate,Green,130.23
c42e79e4-76c0-406e-9779-6168330f4ca5___RS_Early.B 9008.JPG,PlantVillage\Potato___Early_blight\c42e79e4-76c0-406e-9779-6168330f4ca5___RS_Early.B 9008.JPG,Potato___Early_blight,Early Blight,256,256,1.0,65536,21.73,144.94,145.0,120.52,42.16,44.5,52.06,136.82,47.84,12.18,12.27,-24.45,Diseased,Small,Moderate,Green,136.82
c43a5fd7-c60c-4a04-9835-bd35b551ec44___RS_Early.B 6701.JPG,PlantVillage\Potato___Early_blight\c43a5fd7-c60c-4a04-9835-bd35b551ec44___RS_Early.B 6701.JPG,Potato___Early_blight,Early Blight,256,256,1.0,65536,21.92,147.56,151.27,119.58,42.55,43.34,56.54,139.47,49.95,12.14,17.7,-29.84,Diseased,Small,Moderate,Green,139.47
c47fa8ac-b2a5-4470-bda6-26dec4000409___RS_Early.B 7395.JPG,PlantVillage\Potato___Early_blight\c47fa8ac-b2a5-4470-bda6-26dec4000409___RS_Early.B 7395.JPG,Potato___Early_blight,Early Blight,256,256,1.0,65536,19.69,140.7,148.81,124.79,40.52,40.92,52.96,138.1,46.26,3.9,16.07,-19.97,Diseased,Small,Moderate,Green,138.1
c48693cf-14bb-48ec-96fe-240bd2269866___RS_Early.B 7609.JPG,PlantVillage\Potato___Early_blight\c48693cf-14bb-48ec-96fe-240bd2269866___RS_Early.B 7609.JPG,Potato___Early_blight,Early Blight,256,256,1.0,65536,14.54,126.17,127.17,109.15,43.64,45.59,58.83,120.83,50.49,8.01,9.51,-17.51,Diseased,Small,Moderate,Green,120.83
c4b16bb7-f358-4010-a04c-10206bad02e9___RS_Early.B 8391.JPG,PlantVillage\Potato___Early_blight\c4b16bb7-f358-4010-a04c-10206bad02e9___RS_Early.B 8391.JPG,Potato___Early_blight,Early Blight,256,256,1.0,65536,19.4,138.32,142.42,120.38,45.76,42.03,52.67,133.71,47.99,6.92,13.07,-19.99,Diseased,Small,Moderate,Green,133.71
c4dd703b-1d4c-4e4c-8064-0e1d743c47ae___RS_Early.B 7050.JPG,PlantVillage\Potato___Early_blight\c4dd703b-1d4c-4e4c-8064-0e1d743c47ae___RS_Early.B 7050.JPG,Potato___Early_blight,Early Blight,256,256,1.0,65536,18.21,156.79,158.76,123.9,37.9,38.91,54.0,146.48,47.02,15.46,18.42,-33.88,Diseased,Small,Moderate,Green,146.48
c4ec31de-5466-49c0-b034-84a825327e0b___RS_Early.B 8062.JPG,PlantVillage\Potato___Early_blight\c4ec31de-5466-49c0-b034-84a825327e0b___RS_Early.B 8062.JPG,Potato___Early_blight,Early Blight,256,256,1.0,65536,20.42,132.14,135.4,108.72,53.15,53.71,60.44,125.42,57.12,10.08,14.97,-25.05,Diseased,Small,Moderate,Green,125.42
c53d85d7-bddb-422b-955c-6842cce9a927___RS_Early.B 7253.JPG,PlantVillage\Potato___Early_blight\c53d85d7-bddb-422b-955c-6842cce9a927___RS_Early.B 7253.JPG,Potato___Early_blight,Early Blight,256,256,1.0,65536,20.02,144.17,137.79,109.23,51.19,54.93,61.71,130.4,58.13,20.67,11.09,-31.76,Diseased,Small,Moderate,Red,130.4
c53efbea-fddd-481d-aec5-14fd3c3e1723___RS_Early.B 7796.JPG,PlantVillage\Potato___Early_blight\c53efbea-fddd-481d-aec5-14fd3c3e1723___RS_Early.B 7796.JPG,Potato___Early_blight,Early Blight,256,256,1.0,65536,21.57,136.59,145.32,125.16,47.62,42.54,55.04,135.69,49.37,1.35,14.44,-15.8,Diseased,Small,Moderate,Green,135.69
c5464947-d6f8-4d5e-9cad-009db19adf67___RS_Early.B 7181.JPG,PlantVillage\Potato___Early_blight\c5464947-d6f8-4d5e-9cad-009db19adf67___RS_Early.B 7181.JPG,Potato___Early_blight,Early Blight,256,256,1.0,65536,18.79,127.74,138.71,114.76,45.62,41.33,58.02,127.07,49.81,1.0,17.46,-18.47,Diseased,Small,Moderate,Green,127.07
c59f2dde-4805-4f63-b47a-79fe9cd9364b___RS_Early.B 7510.JPG,PlantVillage\Potato___Early_blight\c59f2dde-4805-4f63-b47a-79fe9cd9364b___RS_Early.B 7510.JPG,Potato___Early_blight,Early Blight,256,256,1.0,65536,15.81,105.57,107.19,76.92,44.98,46.37,48.59,96.56,48.7,13.51,15.95,-29.46,Diseased,Small,Dark,Green,96.56
c5a12e34-99ea-443e-a67e-3f2651508773___RS_Early.B 7647.JPG,PlantVillage\Potato___Early_blight\c5a12e34-99ea-443e-a67e-3f2651508773___RS_Early.B 7647.JPG,Potato___Early_blight,Early Blight,256,256,1.0,65536,20.82,114.01,121.18,102.95,47.99,44.78,55.82,112.71,50.31,1.94,12.7,-14.64,Diseased,Small,Moderate,Green,112.71
c5b121ff-fc3c-406a-8127-2a7e413a0903___RS_Early.B 9006.JPG,PlantVillage\Potato___Early_blight\c5b121ff-fc3c-406a-8127-2a7e413a0903___RS_Early.B 9006.JPG,Potato___Early_blight,Early Blight,256,256,1.0,65536,22.73,136.96,138.0,114.0,46.15,48.42,52.79,129.66,50.43,10.96,12.52,-23.48,Diseased,Small,Moderate,Green,129.65
c5c57ff6-cff1-4be6-a2fd-324efc139881___RS_Early.B 7450.JPG,PlantVillage\Potato___Early_blight\c5c57ff6-cff1-4be6-a2fd-324efc139881___RS_Early.B 7450.JPG,Potato___Early_blight,Early Blight,256,256,1.0,65536,19.92,130.24,140.33,120.67,51.99,49.36,59.59,130.41,54.42,-0.26,14.88,-14.61,Diseased,Small,Moderate,Green,130.41
c5cb3e89-f00f-4032-80ca-eb39bead0796___RS_Early.B 8645.JPG,PlantVillage\Potato___Early_blight\c5cb3e89-f00f-4032-80ca-eb39bead0796___RS_Early.B 8645.JPG,Potato___Early_blight,Early Blight,256,256,1.0,65536,17.31,140.68,145.73,120.44,45.02,39.07,52.99,135.62,47.33,7.6,15.17,-22.77,Diseased,Small,Moderate,Green,135.62
c5dc57d8-9a0d-4046-9eb4-b9db2f720a47___RS_Early.B 7047.JPG,PlantVillage\Potato___Early_blight\c5dc57d8-9a0d-4046-9eb4-b9db2f720a47___RS_Early.B 7047.JPG,Potato___Early_blight,Early Blight,256,256,1.0,65536,19.54,136.58,147.13,122.22,51.49,50.97,61.27,135.31,55.72,1.91,17.73,-19.64,Diseased,Small,Moderate,Green,135.31
c630212c-205f-469d-bb8d-9a143f65ab03___RS_Early.B 9000.JPG,PlantVillage\Potato___Early_blight\c630212c-205f-469d-bb8d-9a143f65ab03___RS_Early.B 9000.JPG,Potato___Early_blight,Early Blight,256,256,1.0,65536,18.77,131.06,135.84,109.17,41.81,42.36,53.31,125.36,47.57,8.55,15.72,-24.28,Diseased,Small,Moderate,Green,125.36
c653b79e-4f42-4a9e-8c5c-7a85483a3c29___RS_Early.B 9108.JPG,PlantVillage\Potato___Early_blight\c653b79e-4f42-4a9e-8c5c-7a85483a3c29___RS_Early.B 9108.JPG,Potato___Early_blight,Early Blight,256,256,1.0,65536,19.48,141.28,149.85,128.71,46.33,44.37,55.46,139.95,49.72,2.0,14.85,-16.85,Diseased,Small,Moderate,Green,139.95
c7067769-af82-46d6-8f42-d7a184e3f59a___RS_Early.B 7916.JPG,PlantVillage\Potato___Early_blight\c7067769-af82-46d6-8f42-d7a184e3f59a___RS_Early.B 7916.JPG,Potato___Early_blight,Early Blight,256,256,1.0,65536,19.79,143.49,145.39,123.59,50.63,50.87,59.9,137.49,54.87,9.0,11.85,-20.85,Diseased,Small,Moderate,Green,137.49
c71ad6f9-6258-4602-84dc-ecf75296672c___RS_Early.B 7525.JPG,PlantVillage\Potato___Early_blight\c71ad6f9-6258-4602-84dc-ecf75296672c___RS_Early.B 7525.JPG,Potato___Early_blight,Early Blight,256,256,1.0,65536,17.49,152.63,159.84,141.22,50.25,49.27,59.76,151.23,53.85,2.1,12.92,-15.02,Diseased,Small,Bright,Green,151.23
c7212fa9-df1e-485e-a471-1011dd797865___RS_Early.B 8680.JPG,PlantVillage\Potato___Early_blight\c7212fa9-df1e-485e-a471-1011dd797865___RS_Early.B 8680.JPG,Potato___Early_blight,Early Blight,256,256,1.0,65536,19.1,119.5,125.07,98.07,46.99,43.94,51.97,114.22,49.15,7.93,16.29,-24.22,Diseased,Small,Moderate,Green,114.21
c74c801d-a6e5-44dc-a7e8-f3a5f39a300e___RS_Early.B 7864.JPG,PlantVillage\Potato___Early_blight\c74c801d-a6e5-44dc-a7e8-f3a5f39a300e___RS_Early.B 7864.JPG,Potato___Early_blight,Early Blight,256,256,1.0,65536,21.46,133.21,135.57,109.95,53.26,54.31,64.24,126.24,58.64,10.45,14.0,-24.44,Diseased,Small,Moderate,Green,126.24
c777a0ce-5d2b-4e87-8cc4-d5f8847a4553___RS_Early.B 8239.JPG,PlantVillage\Potato___Early_blight\c777a0ce-5d2b-4e87-8cc4-d5f8847a4553___RS_Early.B 8239.JPG,Potato___Early_blight,Early Blight,256,256,1.0,65536,21.6,131.13,134.18,110.94,50.85,49.44,59.9,125.41,54.58,8.57,13.15,-21.72,Diseased,Small,Moderate,Green,125.42
c7f27f40-6634-4118-9990-6897e0c68579___RS_Early.B 7197.JPG,PlantVillage\Potato___Early_blight\c7f27f40-6634-4118-9990-6897e0c68579___RS_Early.B 7197.JPG,Potato___Early_blight,Early Blight,256,256,1.0,65536,20.32,129.91,133.45,111.49,51.67,50.84,62.48,124.95,56.08,7.44,12.75,-20.19,Diseased,Small,Moderate,Green,124.95
c7fb1eeb-741c-4583-ad3f-ed46d5c2c920___RS_Early.B 8865.JPG,PlantVillage\Potato___Early_blight\c7fb1eeb-741c-4583-ad3f-ed46d5c2c920___RS_Early.B 8865.JPG,Potato___Early_blight,Early Blight,256,256,1.0,65536,19.96,122.51,120.96,91.55,48.99,48.66,56.83,111.67,53.56,16.26,13.93,-30.18,Diseased,Small,Moderate,Red,111.67
c82e587c-a0f2-451e-9057-e3719a3d9562___RS_Early.B 6824.JPG,PlantVillage\Potato___Early_blight\c82e587c-a0f2-451e-9057-e3719a3d9562___RS_Early.B 6824.JPG,Potato___Early_blight,Early Blight,256,256,1.0,65536,20.39,132.27,138.16,123.26,52.67,51.59,61.87,131.23,55.9,1.56,10.39,-11.96,Diseased,Small,Moderate,Green,131.23
c8a008b3-a81d-410c-97aa-94e92118e572___RS_Early.B 7616.JPG,PlantVillage\Potato___Early_blight\c8a008b3-a81d-410c-97aa-94e92118e572___RS_Early.B 7616.JPG,Potato___Early_blight,Early Blight,256,256,1.0,65536,20.56,133.37,144.49,129.16,41.23,36.22,48.22,135.68,42.67,-3.46,13.23,-9.77,Diseased,Small,Moderate,Green,135.67
c8dedd98-c5d7-4ef4-b4f4-70d0bae0e178___RS_Early.B 7128.JPG,PlantVillage\Potato___Early_blight\c8dedd98-c5d7-4ef4-b4f4-70d0bae0e178___RS_Early.B 7128.JPG,Potato___Early_blight,Early Blight,256,256,1.0,65536,20.19,124.35,131.27,110.44,50.04,48.83,61.28,122.02,54.37,3.5,13.87,-17.37,Diseased,Small,Moderate,Green,122.02
c91060f7-f9dd-4930-ad0a-8a4a6bd803d2___RS_Early.B 7869.JPG,PlantVillage\Potato___Early_blight\c91060f7-f9dd-4930-ad0a-8a4a6bd803d2___RS_Early.B 7869.JPG,Potato___Early_blight,Early Blight,256,256,1.0,65536,20.11,137.06,140.1,109.34,53.4,55.21,64.09,128.83,59.39,12.34,16.9,-29.24,Diseased,Small,Moderate,Green,128.83
c9296b35-7b8b-4ac2-99db-07c426ec774b___RS_Early.B 6832.JPG,PlantVillage\Potato___Early_blight\c9296b35-7b8b-4ac2-99db-07c426ec774b___RS_Early.B 6832.JPG,Potato___Early_blight,Early Blight,256,256,1.0,65536,19.93,130.98,141.92,122.67,49.02,47.66,58.03,131.86,52.37,-1.31,15.09,-13.78,Diseased,Small,Moderate,Green,131.86
c9bd759f-bd34-4333-a7b9-23ad810bba32___RS_Early.B 8033.JPG,PlantVillage\Potato___Early_blight\c9bd759f-bd34-4333-a7b9-23ad810bba32___RS_Early.B 8033.JPG,Potato___Early_blight,Early Blight,256,256,1.0,65536,20.29,133.99,136.86,113.94,54.81,54.32,61.8,128.26,57.99,8.59,12.9,-21.48,Diseased,Small,Moderate,Green,128.26
c9bff7de-c589-4ed2-92fe-cd9ca2a1df16___RS_Early.B 7846.JPG,PlantVillage\Potato___Early_blight\c9bff7de-c589-4ed2-92fe-cd9ca2a1df16___RS_Early.B 7846.JPG,Potato___Early_blight,Early Blight,256,256,1.0,65536,21.81,119.51,122.71,103.94,49.57,48.06,57.91,115.38,52.67,6.18,10.99,-17.17,Diseased,Small,Moderate,Green,115.39
c9d5a9b6-4e5c-42df-8f9b-5f57e13000df___RS_Early.B 6933.JPG,PlantVillage\Potato___Early_blight\c9d5a9b6-4e5c-42df-8f9b-5f57e13000df___RS_Early.B 6933.JPG,Potato___Early_blight,Early Blight,256,256,1.0,65536,22.34,128.85,140.09,120.5,44.56,42.81,53.04,129.81,47.7,-1.45,15.41,-13.97,Diseased,Small,Moderate,Green,129.81
ca1bc7af-3220-4b45-b76d-8f950128c489___RS_Early.B 7266.JPG,PlantVillage\Potato___Early_blight\ca1bc7af-3220-4b45-b76d-8f950128c489___RS_Early.B 7266.JPG,Potato___Early_blight,Early Blight,256,256,1.0,65536,19.26,142.49,142.19,109.65,51.32,53.97,59.14,131.44,57.03,16.57,16.12,-32.69,Diseased,Small,Moderate,Red,131.44
ca2c9c12-f2ba-4864-806c-b85f4fb36f92___RS_Early.B 7640.JPG,PlantVillage\Potato___Early_blight\ca2c9c12-f2ba-4864-806c-b85f4fb36f92___RS_Early.B 7640.JPG,Potato___Early_blight,Early Blight,256,256,1.0,65536,20.25,131.47,141.81,119.68,48.17,44.23,56.27,130.99,50.62,0.73,16.23,-16.96,Diseased,Small,Moderate,Green,130.99
cac99520-3403-4602-961d-3a668bb980fb___RS_Early.B 7388.JPG,PlantVillage\Potato___Early_blight\cac99520-3403-4602-961d-3a668bb980fb___RS_Early.B 7388.JPG,Potato___Early_blight,Early Blight,256,256,1.0,65536,19.29,151.05,145.52,104.12,49.72,49.81,55.97,133.56,55.98,26.23,17.94,-44.17,Diseased,Small,Moderate,Red,133.56
caef0735-6517-4194-b124-5916815e4a71___RS_Early.B 7956.JPG,PlantVillage\Potato___Early_blight\caef0735-6517-4194-b124-5916815e4a71___RS_Early.B 7956.JPG,Potato___Early_blight,Early Blight,256,256,1.0,65536,17.95,154.96,153.08,117.45,36.24,38.63,56.75,141.83,48.02,19.7,16.87,-36.57,Diseased,Small,Moderate,Red,141.83
caf7512b-4e4e-44fc-ae7d-8544168cf903___RS_Early.B 7120.JPG,PlantVillage\Potato___Early_blight\caf7512b-4e4e-44fc-ae7d-8544168cf903___RS_Early.B 7120.JPG,Potato___Early_blight,Early Blight,256,256,1.0,65536,17.99,147.03,153.64,127.03,42.2,42.4,58.37,142.56,49.56,6.69,16.61,-23.3,Diseased,Small,Moderate,Green,142.57
cb5241ed-1a40-488a-9236-64ed07e6ebbf___RS_Early.B 6712.JPG,PlantVillage\Potato___Early_blight\cb5241ed-1a40-488a-9236-64ed07e6ebbf___RS_Early.B 6712.JPG,Potato___Early_blight,Early Blight,256,256,1.0,65536,19.46,162.42,157.58,131.31,50.33,49.78,54.66,150.44,53.41,17.98,10.72,-28.7,Diseased,Small,Bright,Red,150.44
cb615e16-034f-465a-89a6-91e091698723___RS_Early.B 6796.JPG,PlantVillage\Potato___Early_blight\cb615e16-034f-465a-89a6-91e091698723___RS_Early.B 6796.JPG,Potato___Early_blight,Early Blight,256,256,1.0,65536,20.07,135.48,139.47,111.12,53.01,55.82,60.07,128.69,57.75,10.19,16.17,-26.36,Diseased,Small,Moderate,Green,128.69
cbd4ef4a-1e84-41ac-8744-b5a1c52461be___RS_Early.B 8191.JPG,PlantVillage\Potato___Early_blight\cbd4ef4a-1e84-41ac-8744-b5a1c52461be___RS_Early.B 8191.JPG,Potato___Early_blight,Early Blight,256,256,1.0,65536,20.69,119.6,126.56,99.74,51.04,51.75,58.55,115.3,55.07,6.45,16.89,-23.34,Diseased,Small,Moderate,Green,115.3
cc48c415-4a2d-4d8d-94db-c736e7b7c882___RS_Early.B 7705.JPG,PlantVillage\Potato___Early_blight\cc48c415-4a2d-4d8d-94db-c736e7b7c882___RS_Early.B 7705.JPG,Potato___Early_blight,Early Blight,256,256,1.0,65536,20.5,134.11,139.35,117.77,47.68,47.08,59.17,130.41,52.42,5.55,13.42,-18.97,Diseased,Small,Moderate,Green,130.41
cc63b147-ad2a-4bc1-aa05-a07b3c6b7761___RS_Early.B 7091.JPG,PlantVillage\Potato___Early_blight\cc63b147-ad2a-4bc1-aa05-a07b3c6b7761___RS_Early.B 7091.JPG,Potato___Early_blight,Early Blight,256,256,1.0,65536,19.31,134.03,142.87,101.32,46.14,48.09,59.23,126.08,54.49,11.94,25.19,-37.13,Diseased,Small,Moderate,Green,126.07
cc716d92-3d2e-4cce-bc77-bb4c8155b88c___RS_Early.B 8288.JPG,PlantVillage\Potato___Early_blight\cc716d92-3d2e-4cce-bc77-bb4c8155b88c___RS_Early.B 8288.JPG,Potato___Early_blight,Early Blight,256,256,1.0,65536,18.09,114.22,118.3,103.65,39.68,38.86,52.06,112.06,44.38,3.25,9.36,-12.61,Diseased,Small,Moderate,Green,112.06
ccec0636-2984-4164-aad7-34b1b84ec42b___RS_Early.B 7766.JPG,PlantVillage\Potato___Early_blight\ccec0636-2984-4164-aad7-34b1b84ec42b___RS_Early.B 7766.JPG,Potato___Early_blight,Early Blight,256,256,1.0,65536,18.8,147.6,143.38,108.63,47.62,49.85,61.31,133.2,56.06,21.59,15.26,-36.86,Diseased,Small,Moderate,Red,133.2
cceeec9d-e0d9-4512-a1f0-faa5dc6bbf40___RS_Early.B 8381.JPG,PlantVillage\Potato___Early_blight\cceeec9d-e0d9-4512-a1f0-faa5dc6bbf40___RS_Early.B 8381.JPG,Potato___Early_blight,Early Blight,256,256,1.0,65536,19.19,126.97,130.28,107.5,45.33,43.13,50.39,121.58,47.46,8.08,13.04,-21.13,Diseased,Small,Moderate,Green,121.58
cd025ad0-9486-4ee6-b545-c9040dc4e1c7___RS_Early.B 8821.JPG,PlantVillage\Potato___Early_blight\cd025ad0-9486-4ee6-b545-c9040dc4e1c7___RS_Early.B 8821.JPG,Potato___Early_blight,Early Blight,256,256,1.0,65536,20.4,125.21,132.38,104.06,48.11,43.7,54.99,120.55,50.6,6.98,17.75,-24.73,Diseased,Small,Moderate,Green,120.55
cdc5ed26-b023-41cb-9cd8-07e62df1e369___RS_Early.B 6864.JPG,PlantVillage\Potato___Early_blight\cdc5ed26-b023-41cb-9cd8-07e62df1e369___RS_Early.B 6864.JPG,Potato___Early_blight,Early Blight,256,256,1.0,65536,23.82,129.77,142.73,119.36,51.16,51.99,58.74,130.62,54.91,-1.28,18.17,-16.89,Diseased,Small,Moderate,Green,130.62
ce9d9a96-23cc-4d24-ab68-3932cba59ae2___RS_Early.B 7080.JPG,PlantVillage\Potato___Early_blight\ce9d9a96-23cc-4d24-ab68-3932cba59ae2___RS_Early.B 7080.JPG,Potato___Early_blight,Early Blight,256,256,1.0,65536,18.97,148.69,153.28,118.49,38.25,40.0,51.87,140.15,46.43,12.8,19.69,-32.5,Diseased,Small,Moderate,Green,140.15
cea35641-b4f8-49cb-bbeb-c98cfc79870e___RS_Early.B 7189.JPG,PlantVillage\Potato___Early_blight\cea35641-b4f8-49cb-bbeb-c98cfc79870e___RS_Early.B 7189.JPG,Potato___Early_blight,Early Blight,256,256,1.0,65536,17.77,142.88,151.92,131.16,41.74,37.92,52.25,141.99,45.19,1.34,14.9,-16.24,Diseased,Small,Moderate,Green,141.99
cf3169aa-b842-46ed-bb1a-3e02b6858c86___RS_Early.B 7566.JPG,PlantVillage\Potato___Early_blight\cf3169aa-b842-46ed-bb1a-3e02b6858c86___RS_Early.B 7566.JPG,Potato___Early_blight,Early Blight,256,256,1.0,65536,19.19,123.54,133.42,114.49,52.44,50.16,60.5,123.82,55.09,-0.42,14.41,-13.99,Diseased,Small,Moderate,Green,123.82
cf38c261-5bae-4b5d-92b4-16c634557d2a___RS_Early.B 7169.JPG,PlantVillage\Potato___Early_blight\cf38c261-5bae-4b5d-92b4-16c634557d2a___RS_Early.B 7169.JPG,Potato___Early_blight,Early Blight,256,256,1.0,65536,18.68,136.28,145.15,115.67,42.99,44.27,53.72,132.37,48.82,5.86,19.18,-25.04,Diseased,Small,Moderate,Green,132.37
cf761f3d-755a-42b2-83cb-729443246c6a___RS_Early.B 7319.JPG,PlantVillage\Potato___Early_blight\cf761f3d-755a-42b2-83cb-729443246c6a___RS_Early.B 7319.JPG,Potato___Early_blight,Early Blight,256,256,1.0,65536,17.39,138.9,152.32,126.4,39.79,37.96,52.93,139.2,45.32,-0.46,19.67,-19.21,Diseased,Small,Moderate,Green,139.21
cfa37804-6d71-45fe-bd88-c899b9534992___RS_Early.B 6673.JPG,PlantVillage\Potato___Early_blight\cfa37804-6d71-45fe-bd88-c899b9534992___RS_Early.B 6673.JPG,Potato___Early_blight,Early Blight,256,256,1.0,65536,22.93,137.19,147.17,127.7,47.82,48.42,55.36,137.36,51.27,-0.25,14.72,-14.48,Diseased,Small,Moderate,Green,137.35
cfd3112d-e376-4b82-bc06-de0bfba0ab41___RS_Early.B 8389.JPG,PlantVillage\Potato___Early_blight\cfd3112d-e376-4b82-bc06-de0bfba0ab41___RS_Early.B 8389.JPG,Potato___Early_blight,Early Blight,256,256,1.0,65536,20.42,126.32,130.2,111.72,50.16,49.11,53.74,122.75,51.66,5.36,11.18,-16.54,Diseased,Small,Moderate,Green,122.75
cff1ed1b-51ec-4d44-ab1f-7a3dc1ec9ea9___RS_Early.B 7100.JPG,PlantVillage\Potato___Early_blight\cff1ed1b-51ec-4d44-ab1f-7a3dc1ec9ea9___RS_Early.B 7100.JPG,Potato___Early_blight,Early Blight,256,256,1.0,65536,16.6,150.17,153.39,119.15,38.19,40.54,51.13,140.9,46.3,13.91,18.73,-32.63,Diseased,Small,Moderate,Green,140.9
d0221e13-4d76-45e5-9cd1-7cac63833f52___RS_Early.B 7191.JPG,PlantVillage\Potato___Early_blight\d0221e13-4d76-45e5-9cd1-7cac63833f52___RS_Early.B 7191.JPG,Potato___Early_blight,Early Blight,256,256,1.0,65536,19.42,137.09,144.96,125.34,48.98,47.98,56.52,135.8,51.93,1.94,13.74,-15.68,Diseased,Small,Moderate,Green,135.8
d031102c-679d-4323-a5ee-4c52ed2d5740___RS_Early.B 6947.JPG,PlantVillage\Potato___Early_blight\d031102c-679d-4323-a5ee-4c52ed2d5740___RS_Early.B 6947.JPG,Potato___Early_blight,Early Blight,256,256,1.0,65536,22.63,133.2,144.05,125.6,51.73,50.04,59.07,134.28,54.28,-1.63,14.65,-13.02,Diseased,Small,Moderate,Green,134.28
d036af36-99a4-4b25-aa40-2477883e73cf___RS_Early.B 8269.JPG,PlantVillage\Potato___Early_blight\d036af36-99a4-4b25-aa40-2477883e73cf___RS_Early.B 8269.JPG,Potato___Early_blight,Early Blight,256,256,1.0,65536,19.97,140.82,136.51,109.95,49.56,51.69,58.11,129.09,54.96,17.59,11.13,-28.72,Diseased,Small,Moderate,Red,129.09
d03ee4f8-b77d-4f0f-8d13-d0a019a37a66___RS_Early.B 6970.JPG,PlantVillage\Potato___Early_blight\d03ee4f8-b77d-4f0f-8d13-d0a019a37a66___RS_Early.B 6970.JPG,Potato___Early_blight,Early Blight,256,256,1.0,65536,20.88,137.45,135.91,96.81,56.52,58.37,58.33,123.39,60.73,21.09,18.78,-39.87,Diseased,Small,Moderate,Red,123.39
d063f825-aa36-4cfd-a227-4c3f30760aa2___RS_Early.B 8307.JPG,PlantVillage\Potato___Early_blight\d063f825-aa36-4cfd-a227-4c3f30760aa2___RS_Early.B 8307.JPG,Potato___Early_blight,Early Blight,256,256,1.0,65536,17.98,141.49,145.42,109.74,47.88,46.94,63.38,132.22,55.62,13.91,19.81,-33.72,Diseased,Small,Moderate,Green,132.22
d06681cc-3ed1-4af2-ae40-2597eaea3dd4___RS_Early.B 8691.JPG,PlantVillage\Potato___Early_blight\d06681cc-3ed1-4af2-ae40-2597eaea3dd4___RS_Early.B 8691.JPG,Potato___Early_blight,Early Blight,256,256,1.0,65536,21.52,159.3,144.91,113.52,47.58,49.22,57.69,139.24,55.11,30.08,8.51,-38.59,Diseased,Small,Moderate,Red,139.24
d0719ccc-a4c3-406e-bf73-94115fefde12___RS_Early.B 8569.JPG,PlantVillage\Potato___Early_blight\d0719ccc-a4c3-406e-bf73-94115fefde12___RS_Early.B 8569.JPG,Potato___Early_blight,Early Blight,256,256,1.0,65536,18.6,143.89,146.13,113.07,48.92,46.0,61.54,134.37,54.71,14.29,17.65,-31.94,Diseased,Small,Moderate,Green,134.36
d0be9a48-d0f6-4d34-9c80-3eb7631e2d8d___RS_Early.B 8143.JPG,PlantVillage\Potato___Early_blight\d0be9a48-d0f6-4d34-9c80-3eb7631e2d8d___RS_Early.B 8143.JPG,Potato___Early_blight,Early Blight,256,256,1.0,65536,21.16,139.57,145.57,117.8,47.54,47.3,56.75,134.31,52.11,7.88,16.89,-24.77,Diseased,Small,Moderate,Green,134.31
d0fc4557-34a0-4324-8b2c-865853e0face___RS_Early.B 6912.JPG,PlantVillage\Potato___Early_blight\d0fc4557-34a0-4324-8b2c-865853e0face___RS_Early.B 6912.JPG,Potato___Early_blight,Early Blight,256,256,1.0,65536,21.03,136.02,143.22,113.32,45.9,47.57,58.25,130.85,52.44,7.74,18.55,-26.3,Diseased,Small,Moderate,Green,130.85
d1072068-911c-4656-8bf2-e662982199e1___RS_Early.B 8141.JPG,PlantVillage\Potato___Early_blight\d1072068-911c-4656-8bf2-e662982199e1___RS_Early.B 8141.JPG,Potato___Early_blight,Early Blight,256,256,1.0,65536,21.25,141.45,148.9,119.33,50.22,48.77,60.18,136.56,54.76,7.33,18.51,-25.84,Diseased,Small,Moderate,Green,136.56
d1184bb1-defe-44b3-aa71-d03fe11bf535___RS_Early.B 8787.JPG,PlantVillage\Potato___Early_blight\d1184bb1-defe-44b3-aa71-d03fe11bf535___RS_Early.B 8787.JPG,Potato___Early_blight,Early Blight,256,256,1.0,65536,19.69,136.0,140.0,120.27,50.12,46.75,56.33,132.09,51.92,5.87,11.86,-17.73,Diseased,Small,Moderate,Green,132.09
d1625c19-c90f-4a5f-bfc8-cb406ad20753___RS_Early.B 8649.JPG,PlantVillage\Potato___Early_blight\d1625c19-c90f-4a5f-bfc8-cb406ad20753___RS_Early.B 8649.JPG,Potato___Early_blight,Early Blight,256,256,1.0,65536,19.45,145.95,151.14,120.01,42.97,38.54,52.97,139.03,47.24,10.38,18.15,-28.54,Diseased,Small,Moderate,Green,139.03
d1b4cb77-db0e-42db-b1c0-25d222844241___RS_Early.B 7130.JPG,PlantVillage\Potato___Early_blight\d1b4cb77-db0e-42db-b1c0-25d222844241___RS_Early.B 7130.JPG,Potato___Early_blight,Early Blight,256,256,1.0,65536,19.48,131.32,135.5,115.74,56.04,55.15,66.75,127.52,60.15,5.7,11.97,-17.68,Diseased,Small,Moderate,Green,127.52
d24073c7-875b-4e86-b8cd-58853f13c191___RS_Early.B 6761.JPG,PlantVillage\Potato___Early_blight\d24073c7-875b-4e86-b8cd-58853f13c191___RS_Early.B 6761.JPG,Potato___Early_blight,Early Blight,256,256,1.0,65536,21.57,147.56,152.54,129.57,47.45,48.99,57.45,143.22,52.42,6.51,13.97,-20.48,Diseased,Small,Moderate,Green,143.22
d286d101-227f-48ba-b906-586879eb6a00___RS_Early.B 7095.JPG,PlantVillage\Potato___Early_blight\d286d101-227f-48ba-b906-586879eb6a00___RS_Early.B 7095.JPG,Potato___Early_blight,Early Blight,256,256,1.0,65536,18.44,132.2,143.86,124.05,46.15,44.15,54.31,133.37,49.08,-1.76,15.74,-13.98,Diseased,Small,Moderate,Green,133.37
d2dcbc63-47c6-4a67-914b-cb1e117b58b0___RS_Early.B 7159.JPG,PlantVillage\Potato___Early_blight\d2dcbc63-47c6-4a67-914b-cb1e117b58b0___RS_Early.B 7159.JPG,Potato___Early_blight,Early Blight,256,256,1.0,65536,16.96,135.21,134.41,112.72,52.85,53.86,67.45,127.44,59.35,11.64,10.45,-22.09,Diseased,Small,Moderate,Red,127.45
d3240683-1636-4373-84aa-01ce594c19a0___RS_Early.B 8340.JPG,PlantVillage\Potato___Early_blight\d3240683-1636-4373-84aa-01ce594c19a0___RS_Early.B 8340.JPG,Potato___Early_blight,Early Blight,256,256,1.0,65536,19.19,115.81,119.56,95.02,52.88,49.21,58.84,110.13,54.86,8.52,14.14,-22.67,Diseased,Small,Moderate,Green,110.13
d32f991e-d1da-44a3-b3e0-2f99cc038900___RS_Early.B 6994.JPG,PlantVillage\Potato___Early_blight\d32f991e-d1da-44a3-b3e0-2f99cc038900___RS_Early.B 6994.JPG,Potato___Early_blight,Early Blight,256,256,1.0,65536,18.57,146.4,150.44,121.97,39.21,40.88,54.67,139.61,47.16,10.19,16.26,-26.45,Diseased,Small,Moderate,Green,139.6
d3a1b356-0ffa-4d47-9f52-410bbd0e3e3d___RS_Early.B 8884.JPG,PlantVillage\Potato___Early_blight\d3a1b356-0ffa-4d47-9f52-410bbd0e3e3d___RS_Early.B 8884.JPG,Potato___Early_blight,Early Blight,256,256,1.0,65536,16.51,150.44,148.17,116.17,39.97,38.45,54.1,138.26,47.39,18.27,14.86,-33.13,Diseased,Small,Moderate,Red,138.26
d435f2db-74fc-4b82-9dd8-9ffdc51650c6___RS_Early.B 9181.JPG,PlantVillage\Potato___Early_blight\d435f2db-74fc-4b82-9dd8-9ffdc51650c6___RS_Early.B 9181.JPG,Potato___Early_blight,Early Blight,256,256,1.0,65536,20.36,127.67,134.45,113.07,49.94,50.24,57.5,125.07,53.43,3.9,14.08,-17.99,Diseased,Small,Moderate,Green,125.06
d44a363d-c186-416e-8fad-1a456699bba2___RS_Early.B 7229.JPG,PlantVillage\Potato___Early_blight\d44a363d-c186-416e-8fad-1a456699bba2___RS_Early.B 7229.JPG,Potato___Early_blight,Early Blight,256,256,1.0,65536,19.7,152.33,141.05,108.19,50.27,51.65,57.51,133.86,56.43,27.71,10.79,-38.5,Diseased,Small,Moderate,Red,133.86
d472b6e3-a00c-4b4e-b13a-cdababff9d24___RS_Early.B 7699.JPG,PlantVillage\Potato___Early_blight\d472b6e3-a00c-4b4e-b13a-cdababff9d24___RS_Early.B 7699.JPG,Potato___Early_blight,Early Blight,256,256,1.0,65536,19.13,132.22,133.24,116.43,58.13,57.89,66.0,127.29,61.27,7.38,8.92,-16.3,Diseased,Small,Moderate,Green,127.3
d4cd2357-1142-4f0c-8c44-201241a27573___RS_Early.B 9146.JPG,PlantVillage\Potato___Early_blight\d4cd2357-1142-4f0c-8c44-201241a27573___RS_Early.B 9146.JPG,Potato___Early_blight,Early Blight,256,256,1.0,65536,22.64,157.92,145.05,123.43,47.06,50.16,58.72,142.14,54.12,23.67,4.38,-28.05,Diseased,Small,Moderate,Red,142.13
d4f3066f-adb8-401b-a27f-19a12c336ebe___RS_Early.B 8626.JPG,PlantVillage\Potato___Early_blight\d4f3066f-adb8-401b-a27f-19a12c336ebe___RS_Early.B 8626.JPG,Potato___Early_blight,Early Blight,256,256,1.0,65536,16.21,138.49,146.68,112.17,42.22,36.17,52.97,132.45,46.72,9.06,21.35,-30.42,Diseased,Small,Moderate,Green,132.45
d50dde4d-fe2f-4e8c-b336-69be71e34ce8___RS_Early.B 6905.JPG,PlantVillage\Potato___Early_blight\d50dde4d-fe2f-4e8c-b336-69be71e34ce8___RS_Early.B 6905.JPG,Potato___Early_blight,Early Blight,256,256,1.0,65536,19.5,136.27,144.43,119.57,48.17,48.54,60.54,133.42,53.74,4.28,16.51,-20.79,Diseased,Small,Moderate,Green,133.42
d55f09eb-e463-4abd-aac6-fb144b30ead7___RS_Early.B 9004.JPG,PlantVillage\Potato___Early_blight\d55f09eb-e463-4abd-aac6-fb144b30ead7___RS_Early.B 9004.JPG,Potato___Early_blight,Early Blight,256,256,1.0,65536,23.35,143.82,145.2,114.86,46.82,49.44,52.14,134.63,51.45,13.79,15.86,-29.65,Diseased,Small,Moderate,Green,134.63
d5673be4-4d62-4287-b9a4-3653b88d1604___RS_Early.B 8304.JPG,PlantVillage\Potato___Early_blight\d5673be4-4d62-4287-b9a4-3653b88d1604___RS_Early.B 8304.JPG,Potato___Early_blight,Early Blight,256,256,1.0,65536,19.04,135.81,140.44,102.11,49.05,49.74,60.76,126.12,56.12,14.54,21.48,-36.02,Diseased,Small,Moderate,Green,126.12
d59c5aa9-8d45-45db-be3e-0276e24641f5___RS_Early.B 7897.JPG,PlantVillage\Potato___Early_blight\d59c5aa9-8d45-45db-be3e-0276e24641f5___RS_Early.B 7897.JPG,Potato___Early_blight,Early Blight,256,256,1.0,65536,19.92,127.11,132.96,110.6,55.85,54.28,63.61,123.56,58.83,5.33,14.1,-19.43,Diseased,Small,Moderate,Green,123.56
d5c51ec6-506e-4b85-b774-66f6a5493c90___RS_Early.B 7071.JPG,PlantVillage\Potato___Early_blight\d5c51ec6-506e-4b85-b774-66f6a5493c90___RS_Early.B 7071.JPG,Potato___Early_blight,Early Blight,256,256,1.0,65536,20.45,127.48,135.45,105.06,50.28,52.7,58.17,122.67,55.33,7.22,19.18,-26.4,Diseased,Small,Moderate,Green,122.66
d6ffc732-27cc-4391-9820-be9d386fb245___RS_Early.B 7032.JPG,PlantVillage\Potato___Early_blight\d6ffc732-27cc-4391-9820-be9d386fb245___RS_Early.B 7032.JPG,Potato___Early_blight,Early Blight,256,256,1.0,65536,18.13,149.81,151.73,116.89,46.29,48.71,59.75,139.48,54.32,15.5,18.37,-33.87,Diseased,Small,Moderate,Green,139.48
d7c9765e-4a73-4eeb-9f9e-9ed98b7e93fe___RS_Early.B 7601.JPG,PlantVillage\Potato___Early_blight\d7c9765e-4a73-4eeb-9f9e-9ed98b7e93fe___RS_Early.B 7601.JPG,Potato___Early_blight,Early Blight,256,256,1.0,65536,16.09,125.1,126.17,104.35,42.85,45.54,56.56,118.54,49.71,9.84,11.45,-21.28,Diseased,Small,Moderate,Green,118.54
d825093a-2bd7-458d-a9a1-036db6c08dec___RS_Early.B 9018.JPG,PlantVillage\Potato___Early_blight\d825093a-2bd7-458d-a9a1-036db6c08dec___RS_Early.B 9018.JPG,Potato___Early_blight,Early Blight,256,256,1.0,65536,19.92,158.08,157.58,122.5,34.75,37.49,43.4,146.05,42.14,18.04,17.29,-35.33,Diseased,Small,Moderate,Red,146.05
d829c0d8-016e-4337-b80f-bb1f329b1d4d___RS_Early.B 8797.JPG,PlantVillage\Potato___Early_blight\d829c0d8-016e-4337-b80f-bb1f329b1d4d___RS_Early.B 8797.JPG,Potato___Early_blight,Early Blight,256,256,1.0,65536,18.96,150.34,141.22,107.49,41.41,43.27,57.06,133.02,51.19,25.99,12.3,-38.29,Diseased,Small,Moderate,Red,133.02
d84ba2ee-6ef5-45b7-a15a-b677b99cd3f6___RS_Early.B 6772.JPG,PlantVillage\Potato___Early_blight\d84ba2ee-6ef5-45b7-a15a-b677b99cd3f6___RS_Early.B 6772.JPG,Potato___Early_blight,Early Blight,256,256,1.0,65536,19.98,143.85,146.05,111.89,49.94,53.07,56.63,133.93,55.52,14.88,18.18,-33.06,Diseased,Small,Moderate,Green,133.93
d87f93fa-f6f8-49f1-b9e1-8f196f377df8___RS_Early.B 7244.JPG,PlantVillage\Potato___Early_blight\d87f93fa-f6f8-49f1-b9e1-8f196f377df8___RS_Early.B 7244.JPG,Potato___Early_blight,Early Blight,256,256,1.0,65536,17.95,138.39,145.79,120.13,42.9,43.8,54.4,134.77,48.54,5.43,16.53,-21.96,Diseased,Small,Moderate,Green,134.77
d8a55ed1-7b3a-4b25-84b2-6046c0d9e3ab___RS_Early.B 7443.JPG,PlantVillage\Potato___Early_blight\d8a55ed1-7b3a-4b25-84b2-6046c0d9e3ab___RS_Early.B 7443.JPG,Potato___Early_blight,Early Blight,256,256,1.0,65536,20.99,142.8,144.59,123.47,52.75,54.12,64.51,136.96,58.16,8.77,11.45,-20.22,Diseased,Small,Moderate,Green,136.95
d8a8d6e5-d82d-4f7c-aac5-183e85549d9b___RS_Early.B 7799.JPG,PlantVillage\Potato___Early_blight\d8a8d6e5-d82d-4f7c-aac5-183e85549d9b___RS_Early.B 7799.JPG,Potato___Early_blight,Early Blight,256,256,1.0,65536,21.68,125.17,133.4,107.66,48.92,45.92,56.96,122.08,51.93,4.64,16.98,-21.62,Diseased,Small,Moderate,Green,122.08
d8efc91f-6e85-4508-8d49-9c4a11c4c71a___RS_Early.B 7484.JPG,PlantVillage\Potato___Early_blight\d8efc91f-6e85-4508-8d49-9c4a11c4c71a___RS_Early.B 7484.JPG,Potato___Early_blight,Early Blight,256,256,1.0,65536,18.72,162.5,162.55,119.28,39.47,42.18,60.57,148.11,52.45,21.59,21.66,-43.24,Diseased,Small,Moderate,Green,148.11
d91d88d1-89d4-4017-b0f0-9e875bedfcab___RS_Early.B 7201.JPG,PlantVillage\Potato___Early_blight\d91d88d1-89d4-4017-b0f0-9e875bedfcab___RS_Early.B 7201.JPG,Potato___Early_blight,Early Blight,256,256,1.0,65536,19.59,111.15,115.92,91.4,52.59,53.82,58.49,106.16,56.04,7.48,14.65,-22.13,Diseased,Small,Moderate,Green,106.16
d9293730-8ba7-4f41-936a-eb129bde096b___RS_Early.B 8102.JPG,PlantVillage\Potato___Early_blight\d9293730-8ba7-4f41-936a-eb129bde096b___RS_Early.B 8102.JPG,Potato___Early_blight,Early Blight,256,256,1.0,65536,21.4,128.95,126.39,108.55,55.02,55.15,64.93,121.3,59.25,11.49,7.64,-19.13,Diseased,Small,Moderate,Red,121.3
d9303294-b0d9-4066-85d1-4ef58977b78e___RS_Early.B 7337.JPG,PlantVillage\Potato___Early_blight\d9303294-b0d9-4066-85d1-4ef58977b78e___RS_Early.B 7337.JPG,Potato___Early_blight,Early Blight,256,256,1.0,65536,19.65,128.82,142.03,113.86,48.85,47.53,56.87,128.24,52.53,0.87,20.7,-21.57,Diseased,Small,Moderate,Green,128.24
d97f6469-bef9-4276-b918-efb1a1859fb7___RS_Early.B 6958.JPG,PlantVillage\Potato___Early_blight\d97f6469-bef9-4276-b918-efb1a1859fb7___RS_Early.B 6958.JPG,Potato___Early_blight,Early Blight,256,256,1.0,65536,21.87,143.61,138.74,105.95,51.59,52.72,60.08,129.43,57.41,21.26,13.96,-35.22,Diseased,Small,Moderate,Red,129.43
d998c614-017c-4f90-8e39-f8c500d21218___RS_Early.B 8292.JPG,PlantVillage\Potato___Early_blight\d998c614-017c-4f90-8e39-f8c500d21218___RS_Early.B 8292.JPG,Potato___Early_blight,Early Blight,256,256,1.0,65536,15.27,117.24,126.9,116.98,40.34,34.2,49.54,120.37,42.09,-4.7,9.79,-5.1,Diseased,Small,Moderate,Green,120.37
d9a1cd5f-e2f2-49f7-b5f1-22cf02eb5ba4___RS_Early.B 8891.JPG,PlantVillage\Potato___Early_blight\d9a1cd5f-e2f2-49f7-b5f1-22cf02eb5ba4___RS_Early.B 8891.JPG,Potato___Early_blight,Early Blight,256,256,1.0,65536,18.09,118.91,119.02,86.61,48.63,47.71,53.19,108.18,52.18,16.1,16.26,-32.36,Diseased,Small,Moderate,Green,108.18
d9b34eaa-9d54-41fe-9ea2-335fe0b572ee___RS_Early.B 7735.JPG,PlantVillage\Potato___Early_blight\d9b34eaa-9d54-41fe-9ea2-335fe0b572ee___RS_Early.B 7735.JPG,Potato___Early_blight,Early Blight,256,256,1.0,65536,18.4,118.39,125.02,103.88,57.78,57.54,62.63,115.76,60.02,3.94,13.88,-17.82,Diseased,Small,Moderate,Green,115.76
d9ebe6a0-d46e-47fe-950e-938f7ce83afb___RS_Early.B 7419.JPG,PlantVillage\Potato___Early_blight\d9ebe6a0-d46e-47fe-950e-938f7ce83afb___RS_Early.B 7419.JPG,Potato___Early_blight,Early Blight,256,256,1.0,65536,18.35,168.92,170.91,135.07,48.99,50.05,58.2,158.3,55.08,15.93,18.92,-34.84,Diseased,Small,Bright,Green,158.3
da3115aa-a34b-42b2-97a9-9a1922770c8d___RS_Early.B 6708.JPG,PlantVillage\Potato___Early_blight\da3115aa-a34b-42b2-97a9-9a1922770c8d___RS_Early.B 6708.JPG,Potato___Early_blight,Early Blight,256,256,1.0,65536,22.87,149.12,154.97,113.51,47.47,48.84,52.68,139.2,52.98,14.88,23.65,-38.53,Diseased,Small,Moderate,Green,139.2
da412bf6-6bee-4dfb-8bc7-b6e9f80971ff___RS_Early.B 6808.JPG,PlantVillage\Potato___Early_blight\da412bf6-6bee-4dfb-8bc7-b6e9f80971ff___RS_Early.B 6808.JPG,Potato___Early_blight,Early Blight,256,256,1.0,65536,18.35,109.92,119.97,97.28,61.34,62.64,68.2,109.06,64.8,1.29,16.37,-17.67,Diseased,Small,Moderate,Green,109.06
da4c4f0f-ea7b-489a-8ac1-f8c63ff59bc4___RS_Early.B 8818.JPG,PlantVillage\Potato___Early_blight\da4c4f0f-ea7b-489a-8ac1-f8c63ff59bc4___RS_Early.B 8818.JPG,Potato___Early_blight,Early Blight,256,256,1.0,65536,18.55,135.51,141.41,114.13,51.64,47.43,58.73,130.35,54.09,7.74,16.59,-24.33,Diseased,Small,Moderate,Green,130.35
daa35c03-7307-4e2e-8b15-f33bfff5a12d___RS_Early.B 7712.JPG,PlantVillage\Potato___Early_blight\daa35c03-7307-4e2e-8b15-f33bfff5a12d___RS_Early.B 7712.JPG,Potato___Early_blight,Early Blight,256,256,1.0,65536,19.39,143.19,148.95,132.73,47.0,43.69,55.75,141.62,49.54,2.35,10.99,-13.34,Diseased,Small,Moderate,Green,141.62
db4dbc48-209d-4615-95cd-1d7ee7f1d7e0___RS_Early.B 7545.JPG,PlantVillage\Potato___Early_blight\db4dbc48-209d-4615-95cd-1d7ee7f1d7e0___RS_Early.B 7545.JPG,Potato___Early_blight,Early Blight,256,256,1.0,65536,18.26,147.67,158.73,140.36,52.35,50.43,60.48,148.92,55.12,-1.88,14.72,-12.84,Diseased,Small,Moderate,Green,148.92
db5d0f5f-a722-4f12-96bf-c9608e5c7f2a___RS_Early.B 8945.JPG,PlantVillage\Potato___Early_blight\db5d0f5f-a722-4f12-96bf-c9608e5c7f2a___RS_Early.B 8945.JPG,Potato___Early_blight,Early Blight,256,256,1.0,65536,21.27,138.11,144.25,105.92,44.56,47.29,58.64,129.43,53.25,13.03,22.24,-35.27,Diseased,Small,Moderate,Green,129.43
db60c4cf-30f1-460c-a345-3045f192f725___RS_Early.B 6722.JPG,PlantVillage\Potato___Early_blight\db60c4cf-30f1-460c-a345-3045f192f725___RS_Early.B 6722.JPG,Potato___Early_blight,Early Blight,256,256,1.0,65536,21.85,155.85,163.27,129.65,45.86,48.25,50.9,149.59,50.48,9.39,20.52,-29.91,Diseased,Small,Moderate,Green,149.59
db79941d-3ca1-42f1-b06e-d150a49d476a___RS_Early.B 8742.JPG,PlantVillage\Potato___Early_blight\db79941d-3ca1-42f1-b06e-d150a49d476a___RS_Early.B 8742.JPG,Potato___Early_blight,Early Blight,256,256,1.0,65536,18.56,144.55,141.24,112.78,42.08,43.0,53.29,132.86,48.55,17.54,12.57,-30.11,Diseased,Small,Moderate,Red,132.86
dbdf96e5-2f8c-475b-b2dd-40a5862e10f7___RS_Early.B 8017.JPG,PlantVillage\Potato___Early_blight\dbdf96e5-2f8c-475b-b2dd-40a5862e10f7___RS_Early.B 8017.JPG,Potato___Early_blight,Early Blight,256,256,1.0,65536,21.26,137.92,130.61,104.29,48.33,50.22,58.96,124.28,54.65,20.47,9.51,-29.98,Diseased,Small,Moderate,Red,124.27
dbe05365-9166-45f7-94cf-cefca787215a___RS_Early.B 9144.JPG,PlantVillage\Potato___Early_blight\dbe05365-9166-45f7-94cf-cefca787215a___RS_Early.B 9144.JPG,Potato___Early_blight,Early Blight,256,256,1.0,65536,21.46,151.86,140.23,119.62,43.23,45.77,56.5,137.23,50.62,21.93,4.49,-26.42,Diseased,Small,Moderate,Red,137.24
dbee10d3-333b-4c62-aa90-23c1f859519c___RS_Early.B 7252.JPG,PlantVillage\Potato___Early_blight\dbee10d3-333b-4c62-aa90-23c1f859519c___RS_Early.B 7252.JPG,Potato___Early_blight,Early Blight,256,256,1.0,65536,19.56,147.05,140.33,114.55,51.22,54.93,61.56,133.98,57.79,19.62,9.53,-29.14,Diseased,Small,Moderate,Red,133.98
dc0536f7-e777-4751-8733-f643eb18329a___RS_Early.B 7492.JPG,PlantVillage\Potato___Early_blight\dc0536f7-e777-4751-8733-f643eb18329a___RS_Early.B 7492.JPG,Potato___Early_blight,Early Blight,256,256,1.0,65536,16.59,169.19,169.26,132.35,48.44,50.63,64.67,156.93,57.73,18.38,18.49,-36.88,Diseased,Small,Bright,Green,156.93
dc2775b9-e62e-4fe5-921f-e1cf5c4e2fe4___RS_Early.B 6942.JPG,PlantVillage\Potato___Early_blight\dc2775b9-e62e-4fe5-921f-e1cf5c4e2fe4___RS_Early.B 6942.JPG,Potato___Early_blight,Early Blight,256,256,1.0,65536,21.66,133.21,138.82,121.33,47.88,46.74,58.72,131.12,51.91,3.14,11.55,-14.69,Diseased,Small,Moderate,Green,131.12
dc34096f-8974-4a76-8d15-42ee86038015___RS_Early.B 6734.JPG,PlantVillage\Potato___Early_blight\dc34096f-8974-4a76-8d15-42ee86038015___RS_Early.B 6734.JPG,Potato___Early_blight,Early Blight,256,256,1.0,65536,21.19,168.56,167.87,136.29,38.64,41.37,53.36,157.57,47.37,16.49,15.44,-31.93,Diseased,Small,Bright,Red,157.57
dc3e6480-10c2-429b-bd9a-b8dd7d538594___RS_Early.B 8061.JPG,PlantVillage\Potato___Early_blight\dc3e6480-10c2-429b-bd9a-b8dd7d538594___RS_Early.B 8061.JPG,Potato___Early_blight,Early Blight,256,256,1.0,65536,17.92,143.82,147.85,123.07,46.4,45.59,56.95,138.25,51.08,8.36,14.41,-22.76,Diseased,Small,Moderate,Green,138.25
dc6516c4-a74c-465f-85a1-55608ee518da___RS_Early.B 8843.JPG,PlantVillage\Potato___Early_blight\dc6516c4-a74c-465f-85a1-55608ee518da___RS_Early.B 8843.JPG,Potato___Early_blight,Early Blight,256,256,1.0,65536,21.55,138.58,140.58,105.16,48.88,48.86,55.57,128.11,53.72,15.71,18.71,-34.42,Diseased,Small,Moderate,Green,128.11
dcb9073d-df5b-4a15-aecf-1c3af587cd74___RS_Early.B 8982.JPG,PlantVillage\Potato___Early_blight\dcb9073d-df5b-4a15-aecf-1c3af587cd74___RS_Early.B 8982.JPG,Potato___Early_blight,Early Blight,256,256,1.0,65536,19.1,130.63,132.9,109.23,54.83,55.2,59.76,124.25,57.64,9.57,12.97,-22.54,Diseased,Small,Moderate,Green,124.25
dcc46f93-d842-496d-980b-4b29a00551d5___RS_Early.B 8424.JPG,PlantVillage\Potato___Early_blight\dcc46f93-d842-496d-980b-4b29a00551d5___RS_Early.B 8424.JPG,Potato___Early_blight,Early Blight,256,256,1.0,65536,20.85,129.76,135.44,110.26,54.7,50.51,63.49,125.15,57.51,6.9,15.43,-22.34,Diseased,Small,Moderate,Green,125.15
dcc9e3a4-04dc-46fd-9bc9-739334aa23d9___RS_Early.B 6799.JPG,PlantVillage\Potato___Early_blight\dcc9e3a4-04dc-46fd-9bc9-739334aa23d9___RS_Early.B 6799.JPG,Potato___Early_blight,Early Blight,256,256,1.0,65536,21.22,107.19,115.75,97.29,53.12,51.34,64.91,106.74,57.28,0.67,13.51,-14.18,Diseased,Small,Moderate,Green,106.74
dcdcc724-b029-4987-9d12-ccc8893ac6b4___RS_Early.B 8387.JPG,PlantVillage\Potato___Early_blight\dcdcc724-b029-4987-9d12-ccc8893ac6b4___RS_Early.B 8387.JPG,Potato___Early_blight,Early Blight,256,256,1.0,65536,18.41,136.88,139.67,123.27,47.3,44.08,50.68,133.27,47.97,5.41,9.6,-15.0,Diseased,Small,Moderate,Green,133.27
dd1e0739-c899-4c1e-99c8-fd83a6d55694___RS_Early.B 7862.JPG,PlantVillage\Potato___Early_blight\dd1e0739-c899-4c1e-99c8-fd83a6d55694___RS_Early.B 7862.JPG,Potato___Early_blight,Early Blight,256,256,1.0,65536,20.28,140.49,142.75,116.56,45.45,45.48,58.53,133.27,51.58,10.83,14.22,-25.06,Diseased,Small,Moderate,Green,133.27
dd875158-7897-4f5d-ada1-46e7e382ea96___RS_Early.B 7912.JPG,PlantVillage\Potato___Early_blight\dd875158-7897-4f5d-ada1-46e7e382ea96___RS_Early.B 7912.JPG,Potato___Early_blight,Early Blight,256,256,1.0,65536,20.91,134.52,137.18,113.7,47.27,46.22,57.92,128.47,51.82,9.08,13.07,-22.15,Diseased,Small,Moderate,Green,128.47
dd9c3ad3-aa94-4d00-88c8-8e4618e8832e___RS_Early.B 7633.JPG,PlantVillage\Potato___Early_blight\dd9c3ad3-aa94-4d00-88c8-8e4618e8832e___RS_Early.B 7633.JPG,Potato___Early_blight,Early Blight,256,256,1.0,65536,18.8,140.34,148.26,131.17,52.13,49.01,62.26,139.92,55.2,0.63,12.5,-13.13,Diseased,Small,Moderate,Green,139.92
ddc6aed7-43bd-49bc-88d0-6f942acb362a___RS_Early.B 7328.JPG,PlantVillage\Potato___Early_blight\ddc6aed7-43bd-49bc-88d0-6f942acb362a___RS_Early.B 7328.JPG,Potato___Early_blight,Early Blight,256,256,1.0,65536,18.8,138.45,148.06,129.62,38.69,35.53,48.74,138.71,42.05,-0.39,14.02,-13.63,Diseased,Small,Moderate,Green,138.71
de1ff62e-87aa-420a-9eeb-cb0e3475e84d___RS_Early.B 6918.JPG,PlantVillage\Potato___Early_blight\de1ff62e-87aa-420a-9eeb-cb0e3475e84d___RS_Early.B 6918.JPG,Potato___Early_blight,Early Blight,256,256,1.0,65536,19.64,151.27,144.75,110.95,54.54,56.85,57.74,135.66,59.1,23.42,13.64,-37.06,Diseased,Small,Moderate,Red,135.66
de44f09b-b207-4805-8970-2999f9c2dc7c___RS_Early.B 7917.JPG,PlantVillage\Potato___Early_blight\de44f09b-b207-4805-8970-2999f9c2dc7c___RS_Early.B 7917.JPG,Potato___Early_blight,Early Blight,256,256,1.0,65536,20.22,134.65,136.74,113.0,46.95,45.21,57.47,128.13,51.3,9.78,12.91,-22.69,Diseased,Small,Moderate,Green,128.13
de8d212e-1bbf-41d7-b13b-29f0746223aa___RS_Early.B 8022.JPG,PlantVillage\Potato___Early_blight\de8d212e-1bbf-41d7-b13b-29f0746223aa___RS_Early.B 8022.JPG,Potato___Early_blight,Early Blight,256,256,1.0,65536,20.9,127.53,121.42,94.03,49.62,52.15,56.89,114.33,54.94,19.81,10.64,-30.44,Diseased,Small,Moderate,Red,114.33
dea6a6e4-cfb0-4c00-a0f7-bdd1e52f82e0___RS_Early.B 7246.JPG,PlantVillage\Potato___Early_blight\dea6a6e4-cfb0-4c00-a0f7-bdd1e52f82e0___RS_Early.B 7246.JPG,Potato___Early_blight,Early Blight,256,256,1.0,65536,18.96,148.74,156.23,131.1,45.06,45.26,55.9,145.36,50.12,5.07,16.31,-21.38,Diseased,Small,Moderate,Green,145.36
deb1d849-ecf2-4451-8ff7-ca6b0bbbf434___RS_Early.B 7677.JPG,PlantVillage\Potato___Early_blight\deb1d849-ecf2-4451-8ff7-ca6b0bbbf434___RS_Early.B 7677.JPG,Potato___Early_blight,Early Blight,256,256,1.0,65536,17.15,154.59,153.96,121.86,45.31,47.37,60.9,143.47,53.87,16.67,15.74,-32.42,Diseased,Small,Moderate,Red,143.47
df67aec2-c706-4a6f-8a4a-e11d7eb41eb8___RS_Early.B 7287.JPG,PlantVillage\Potato___Early_blight\df67aec2-c706-4a6f-8a4a-e11d7eb41eb8___RS_Early.B 7287.JPG,Potato___Early_blight,Early Blight,256,256,1.0,65536,19.08,131.39,141.58,117.33,42.53,37.58,54.39,130.1,46.46,1.94,17.22,-19.16,Diseased,Small,Moderate,Green,130.1
df7e4d39-fb74-4e6d-9d32-04d7d2165135___RS_Early.B 6700.JPG,PlantVillage\Potato___Early_blight\df7e4d39-fb74-4e6d-9d32-04d7d2165135___RS_Early.B 6700.JPG,Potato___Early_blight,Early Blight,256,256,1.0,65536,18.89,166.44,163.11,138.98,48.99,49.76,60.37,156.18,54.68,15.39,10.4,-25.79,Diseased,Small,Bright,Red,156.18
e0042931-92f3-4527-b292-872075f4261d___RS_Early.B 7203.JPG,PlantVillage\Potato___Early_blight\e0042931-92f3-4527-b292-872075f4261d___RS_Early.B 7203.JPG,Potato___Early_blight,Early Blight,256,256,1.0,65536,17.69,131.01,139.95,123.48,41.66,39.53,50.36,131.48,44.61,-0.71,12.71,-12.0,Diseased,Small,Moderate,Green,131.48
e00d7014-a909-4d98-892b-da96a2be9a2e___RS_Early.B 7535.JPG,PlantVillage\Potato___Early_blight\e00d7014-a909-4d98-892b-da96a2be9a2e___RS_Early.B 7535.JPG,Potato___Early_blight,Early Blight,256,256,1.0,65536,18.52,156.38,166.28,130.03,38.29,36.34,56.51,150.9,47.19,8.23,23.07,-31.3,Diseased,Small,Bright,Green,150.9
e016d105-f5cd-4082-a8c9-1913ea3fcfbb___RS_Early.B 7800.JPG,PlantVillage\Potato___Early_blight\e016d105-f5cd-4082-a8c9-1913ea3fcfbb___RS_Early.B 7800.JPG,Potato___Early_blight,Early Blight,256,256,1.0,65536,21.87,121.6,129.55,104.72,52.11,48.75,59.94,118.62,54.79,4.46,16.39,-20.86,Diseased,Small,Moderate,Green,118.62
e0326fde-a613-4ec2-bc3b-e1d2154bdbcd___RS_Early.B 7679.JPG,PlantVillage\Potato___Early_blight\e0326fde-a613-4ec2-bc3b-e1d2154bdbcd___RS_Early.B 7679.JPG,Potato___Early_blight,Early Blight,256,256,1.0,65536,18.85,146.7,145.9,115.24,49.49,51.8,63.46,135.95,57.17,16.13,14.93,-31.07,Diseased,Small,Moderate,Red,135.95
e0552fed-9af3-4fbd-80e8-09151a839cf9___RS_Early.B 7576.JPG,PlantVillage\Potato___Early_blight\e0552fed-9af3-4fbd-80e8-09151a839cf9___RS_Early.B 7576.JPG,Potato___Early_blight,Early Blight,256,256,1.0,65536,16.77,147.5,145.21,116.04,40.23,42.15,51.7,136.25,47.2,16.88,13.44,-30.32,Diseased,Small,Moderate,Red,136.25
e0654927-6cc0-491f-86d3-acb5ad261904___RS_Early.B 8341.JPG,PlantVillage\Potato___Early_blight\e0654927-6cc0-491f-86d3-acb5ad261904___RS_Early.B 8341.JPG,Potato___Early_blight,Early Blight,256,256,1.0,65536,18.74,127.89,131.04,107.31,56.59,52.09,62.81,122.08,58.29,8.71,13.44,-22.15,Diseased,Small,Moderate,Green,122.08
e09798e4-23b1-4485-873b-605bc350f327___RS_Early.B 7320.JPG,PlantVillage\Potato___Early_blight\e09798e4-23b1-4485-873b-605bc350f327___RS_Early.B 7320.JPG,Potato___Early_blight,Early Blight,256,256,1.0,65536,17.73,151.9,147.83,104.64,34.75,37.08,50.02,134.79,46.39,25.67,19.56,-45.23,Diseased,Small,Moderate,Red,134.79
e09c5edb-1e38-44bb-bb55-260fa32d6a58___RS_Early.B 7340.JPG,PlantVillage\Potato___Early_blight\e09c5edb-1e38-44bb-bb55-260fa32d6a58___RS_Early.B 7340.JPG,Potato___Early_blight,Early Blight,256,256,1.0,65536,18.84,123.11,134.74,110.67,49.31,47.9,58.62,122.84,53.08,0.4,17.85,-18.26,Diseased,Small,Moderate,Green,122.84
e11d63b8-93fa-41ba-b826-99811ee4c232___RS_Early.B 7387.JPG,PlantVillage\Potato___Early_blight\e11d63b8-93fa-41ba-b826-99811ee4c232___RS_Early.B 7387.JPG,Potato___Early_blight,Early Blight,256,256,1.0,65536,17.69,157.97,152.63,110.31,40.7,40.78,51.72,140.3,49.52,26.5,18.49,-44.99,Diseased,Small,Moderate,Red,140.3
e12f2cbd-6ced-45c5-8d83-96e19b92bfdd___RS_Early.B 8367.JPG,PlantVillage\Potato___Early_blight\e12f2cbd-6ced-45c5-8d83-96e19b92bfdd___RS_Early.B 8367.JPG,Potato___Early_blight,Early Blight,256,256,1.0,65536,20.08,118.51,122.91,101.2,54.12,50.51,58.4,114.21,55.24,6.45,13.05,-19.51,Diseased,Small,Moderate,Green,114.21
e1710bad-79c1-4b36-bbd2-b257c50697a5___RS_Early.B 7426.JPG,PlantVillage\Potato___Early_blight\e1710bad-79c1-4b36-bbd2-b257c50697a5___RS_Early.B 7426.JPG,Potato___Early_blight,Early Blight,256,256,1.0,65536,19.79,144.63,145.39,112.04,46.02,46.64,58.61,134.02,53.08,15.92,17.05,-32.97,Diseased,Small,Moderate,Green,134.02
e217c2fe-b0d5-45e6-a7fa-98f253444d54___RS_Early.B 7067.JPG,PlantVillage\Potato___Early_blight\e217c2fe-b0d5-45e6-a7fa-98f253444d54___RS_Early.B 7067.JPG,Potato___Early_blight,Early Blight,256,256,1.0,65536,18.71,117.85,130.55,112.91,43.54,39.68,49.94,120.44,45.2,-3.88,15.17,-11.29,Diseased,Small,Moderate,Green,120.44
e24cb505-5756-4269-aa4f-57d27da31b20___RS_Early.B 8973.JPG,PlantVillage\Potato___Early_blight\e24cb505-5756-4269-aa4f-57d27da31b20___RS_Early.B 8973.JPG,Potato___Early_blight,Early Blight,256,256,1.0,65536,19.71,141.54,144.61,116.79,47.6,47.82,57.94,134.31,52.84,10.84,15.44,-26.29,Diseased,Small,Moderate,Green,134.31
e3007682-ad4b-4a62-b64d-ebb0c4537077___RS_Early.B 7772.JPG,PlantVillage\Potato___Early_blight\e3007682-ad4b-4a62-b64d-ebb0c4537077___RS_Early.B 7772.JPG,Potato___Early_blight,Early Blight,256,256,1.0,65536,20.58,173.65,168.64,124.17,40.54,44.63,56.56,155.48,52.66,27.25,19.73,-46.97,Diseased,Small,Bright,Red,155.49
e304fbf5-d145-433c-8f67-7b486581166a___RS_Early.B 7434.JPG,PlantVillage\Potato___Early_blight\e304fbf5-d145-433c-8f67-7b486581166a___RS_Early.B 7434.JPG,Potato___Early_blight,Early Blight,256,256,1.0,65536,18.16,148.89,155.18,118.37,49.24,50.82,59.66,140.81,55.8,12.11,21.55,-33.67,Diseased,Small,Moderate,Green,140.81
e3779bc5-a8e2-4be6-8e15-4a4713ab9531___RS_Early.B 8431.JPG,PlantVillage\Potato___Early_blight\e3779bc5-a8e2-4be6-8e15-4a4713ab9531___RS_Early.B 8431.JPG,Potato___Early_blight,Early Blight,256,256,1.0,65536,19.43,129.73,137.42,111.52,54.92,50.92,63.02,126.22,57.55,5.27,16.8,-22.06,Diseased,Small,Moderate,Green,126.22
e40b6718-52b6-46a7-970c-5f1b6bae23af___RS_Early.B 8287.JPG,PlantVillage\Potato___Early_blight\e40b6718-52b6-46a7-970c-5f1b6bae23af___RS_Early.B 8287.JPG,Potato___Early_blight,Early Blight,256,256,1.0,65536,16.32,118.16,122.77,108.86,43.85,42.94,55.28,116.6,48.04,2.35,9.25,-11.6,Diseased,Small,Moderate,Green,116.6
e490f736-a52f-434f-ada7-3bb255d99635___RS_Early.B 7417.JPG,PlantVillage\Potato___Early_blight\e490f736-a52f-434f-ada7-3bb255d99635___RS_Early.B 7417.JPG,Potato___Early_blight,Early Blight,256,256,1.0,65536,18.62,154.08,157.66,118.1,39.65,40.31,50.5,143.28,47.28,16.2,21.57,-37.77,Diseased,Small,Moderate,Green,143.28
e4b0f6ac-2b1e-4e10-8733-de421a01c390___RS_Early.B 8254.JPG,PlantVillage\Potato___Early_blight\e4b0f6ac-2b1e-4e10-8733-de421a01c390___RS_Early.B 8254.JPG,Potato___Early_blight,Early Blight,256,256,1.0,65536,20.53,140.4,145.09,116.85,49.45,49.1,59.56,134.12,54.35,9.43,16.46,-25.89,Diseased,Small,Moderate,Green,134.11
e4bd2479-dd2f-41ce-9544-4f1804c4ab8b___RS_Early.B 8601.JPG,PlantVillage\Potato___Early_blight\e4bd2479-dd2f-41ce-9544-4f1804c4ab8b___RS_Early.B 8601.JPG,Potato___Early_blight,Early Blight,256,256,1.0,65536,18.31,124.28,129.36,104.72,51.71,45.92,57.0,119.46,52.82,7.24,14.86,-22.1,Diseased,Small,Moderate,Green,119.45
e50bd734-03b9-479b-9ca0-48ef217a2c59___RS_Early.B 7976.JPG,PlantVillage\Potato___Early_blight\e50bd734-03b9-479b-9ca0-48ef217a2c59___RS_Early.B 7976.JPG,Potato___Early_blight,Early Blight,256,256,1.0,65536,20.02,131.85,141.83,117.36,53.95,51.24,59.58,130.35,55.94,2.25,17.23,-19.48,Diseased,Small,Moderate,Green,130.35
e50e7166-a67d-4207-a49c-0240b0218d48___RS_Early.B 8907.JPG,PlantVillage\Potato___Early_blight\e50e7166-a67d-4207-a49c-0240b0218d48___RS_Early.B 8907.JPG,Potato___Early_blight,Early Blight,256,256,1.0,65536,21.28,137.71,143.15,114.9,48.96,49.64,58.01,131.92,53.77,8.69,16.84,-25.53,Diseased,Small,Moderate,Green,131.92
e57ca76e-a4c3-40f2-a673-9f48b3b357ae___RS_Early.B 7539.JPG,PlantVillage\Potato___Early_blight\e57ca76e-a4c3-40f2-a673-9f48b3b357ae___RS_Early.B 7539.JPG,Potato___Early_blight,Early Blight,256,256,1.0,65536,18.43,142.14,152.01,123.66,43.15,42.71,56.13,139.27,49.16,4.3,19.11,-23.41,Diseased,Small,Moderate,Green,139.27
e5c94100-3e1c-4fb1-8b6b-f281b491adff___RS_Early.B 8604.JPG,PlantVillage\Potato___Early_blight\e5c94100-3e1c-4fb1-8b6b-f281b491adff___RS_Early.B 8604.JPG,Potato___Early_blight,Early Blight,256,256,1.0,65536,21.96,136.46,139.31,115.82,53.01,49.54,57.56,130.53,54.49,8.9,13.17,-22.06,Diseased,Small,Moderate,Green,130.53
e5d559da-71d8-4999-9d5a-05da9e6bf12e___RS_Early.B 7491.JPG,PlantVillage\Potato___Early_blight\e5d559da-71d8-4999-9d5a-05da9e6bf12e___RS_Early.B 7491.JPG,Potato___Early_blight,Early Blight,256,256,1.0,65536,17.3,160.4,160.52,123.69,43.14,45.67,61.57,148.2,53.66,18.3,18.48,-36.78,Diseased,Small,Moderate,Green,148.2
e6693b54-623a-4323-aa79-3e0fc3c07288___RS_Early.B 9198.JPG,PlantVillage\Potato___Early_blight\e6693b54-623a-4323-aa79-3e0fc3c07288___RS_Early.B 9198.JPG,Potato___Early_blight,Early Blight,256,256,1.0,65536,20.91,148.03,150.93,125.67,40.94,41.7,54.98,141.54,47.68,9.73,14.08,-23.81,Diseased,Small,Moderate,Green,141.54
e6aec621-1699-433a-8cf5-7310ec895810___RS_Early.B 8764.JPG,PlantVillage\Potato___Early_blight\e6aec621-1699-433a-8cf5-7310ec895810___RS_Early.B 8764.JPG,Potato___Early_blight,Early Blight,256,256,1.0,65536,17.25,139.08,144.81,117.26,45.89,42.61,52.03,133.72,48.48,8.05,16.64,-24.69,Diseased,Small,Moderate,Green,133.72
e6d543a1-8e5e-4709-9329-b93d63f52edf___RS_Early.B 8324.JPG,PlantVillage\Potato___Early_blight\e6d543a1-8e5e-4709-9329-b93d63f52edf___RS_Early.B 8324.JPG,Potato___Early_blight,Early Blight,256,256,1.0,65536,19.33,151.1,142.18,117.75,49.72,54.22,64.63,137.01,58.26,21.13,7.75,-28.88,Diseased,Small,Moderate,Red,137.01
e6d7262c-803d-4346-a36d-4f384196e21c___RS_Early.B 6893.JPG,PlantVillage\Potato___Early_blight\e6d7262c-803d-4346-a36d-4f384196e21c___RS_Early.B 6893.JPG,Potato___Early_blight,Early Blight,256,256,1.0,65536,20.49,127.33,137.9,118.44,46.34,45.78,54.52,127.89,49.68,-0.84,15.01,-14.18,Diseased,Small,Moderate,Green,127.89
e786a4fe-5aa1-4da2-a16f-4ee82c56e317___RS_Early.B 7245.JPG,PlantVillage\Potato___Early_blight\e786a4fe-5aa1-4da2-a16f-4ee82c56e317___RS_Early.B 7245.JPG,Potato___Early_blight,Early Blight,256,256,1.0,65536,18.23,148.89,156.61,131.94,42.46,42.79,54.58,145.81,48.07,4.62,16.19,-20.81,Diseased,Small,Moderate,Green,145.81
e7b48816-19f7-4dc2-bf52-dfbb85e1f59a___RS_Early.B 7240.JPG,PlantVillage\Potato___Early_blight\e7b48816-19f7-4dc2-bf52-dfbb85e1f59a___RS_Early.B 7240.JPG,Potato___Early_blight,Early Blight,256,256,1.0,65536,16.88,147.41,154.9,126.96,40.56,41.94,51.74,143.09,46.55,6.47,17.72,-24.19,Diseased,Small,Moderate,Green,143.09
e7cab6f5-308b-41ea-af82-e20cfe540729___RS_Early.B 7177.JPG,PlantVillage\Potato___Early_blight\e7cab6f5-308b-41ea-af82-e20cfe540729___RS_Early.B 7177.JPG,Potato___Early_blight,Early Blight,256,256,1.0,65536,18.21,130.02,137.36,120.8,46.04,44.02,55.98,129.39,49.42,0.94,11.95,-12.88,Diseased,Small,Moderate,Green,129.39
e8db5472-3858-478a-b1ae-9198329a49a5___RS_Early.B 7528.JPG,PlantVillage\Potato___Early_blight\e8db5472-3858-478a-b1ae-9198329a49a5___RS_Early.B 7528.JPG,Potato___Early_blight,Early Blight,256,256,1.0,65536,19.98,149.03,141.79,103.19,45.05,47.12,64.2,131.34,56.53,26.53,15.68,-42.22,Diseased,Small,Moderate,Red,131.34
e912f95d-d159-47bc-b1ed-f0f08c3c391d___RS_Early.B 8366.JPG,PlantVillage\Potato___Early_blight\e912f95d-d159-47bc-b1ed-f0f08c3c391d___RS_Early.B 8366.JPG,Potato___Early_blight,Early Blight,256,256,1.0,65536,19.73,121.92,126.01,106.11,56.36,52.96,60.34,118.02,57.28,5.86,12.0,-17.85,Diseased,Small,Moderate,Green,118.01
e9643c88-239f-4587-8093-3b96eb3723f4___RS_Early.B 7353.JPG,PlantVillage\Potato___Early_blight\e9643c88-239f-4587-8093-3b96eb3723f4___RS_Early.B 7353.JPG,Potato___Early_blight,Early Blight,256,256,1.0,65536,18.03,139.64,150.68,132.41,51.63,49.9,60.28,140.91,54.65,-1.9,14.65,-12.75,Diseased,Small,Moderate,Green,140.91
e9f9e200-b7ff-4a59-af32-b4faf3f27b17___RS_Early.B 8028.JPG,PlantVillage\Potato___Early_blight\e9f9e200-b7ff-4a59-af32-b4faf3f27b17___RS_Early.B 8028.JPG,Potato___Early_blight,Early Blight,256,256,1.0,65536,20.54,144.81,139.65,106.85,58.01,60.37,63.29,130.44,62.88,21.56,13.82,-35.38,Diseased,Small,Moderate,Red,130.44
ea403e5a-34b3-4b06-a94d-65ad2e78831f___RS_Early.B 8136.JPG,PlantVillage\Potato___Early_blight\ea403e5a-34b3-4b06-a94d-65ad2e78831f___RS_Early.B 8136.JPG,Potato___Early_blight,Early Blight,256,256,1.0,65536,17.75,144.36,151.9,116.12,51.9,53.46,58.69,137.46,56.89,10.34,21.66,-32.0,Diseased,Small,Moderate,Green,137.46
ea87f5c8-69f9-44e0-997b-bb896350765e___RS_Early.B 7798.JPG,PlantVillage\Potato___Early_blight\ea87f5c8-69f9-44e0-997b-bb896350765e___RS_Early.B 7798.JPG,Potato___Early_blight,Early Blight,256,256,1.0,65536,19.37,138.88,146.68,122.2,46.3,41.84,57.41,135.92,50.01,4.44,16.14,-20.58,Diseased,Small,Moderate,Green,135.92
eb4fbc2b-c1a4-473f-a4e1-71ba04a7133c___RS_Early.B 7716.JPG,PlantVillage\Potato___Early_blight\eb4fbc2b-c1a4-473f-a4e1-71ba04a7133c___RS_Early.B 7716.JPG,Potato___Early_blight,Early Blight,256,256,1.0,65536,19.39,134.13,143.03,120.57,49.84,47.65,57.54,132.58,52.67,2.33,15.67,-18.01,Diseased,Small,Moderate,Green,132.58
ec4e730c-02c1-4b4e-b9fc-9387e2f30a8a___RS_Early.B 7701.JPG,PlantVillage\Potato___Early_blight\ec4e730c-02c1-4b4e-b9fc-9387e2f30a8a___RS_Early.B 7701.JPG,Potato___Early_blight,Early Blight,256,256,1.0,65536,17.86,132.87,133.84,117.75,61.21,60.14,69.34,128.15,64.12,7.07,8.54,-15.61,Diseased,Small,Moderate,Green,128.15
ec6b34ed-69c6-466a-81a9-4ca18eb25275___RS_Early.B 7038.JPG,PlantVillage\Potato___Early_blight\ec6b34ed-69c6-466a-81a9-4ca18eb25275___RS_Early.B 7038.JPG,Potato___Early_blight,Early Blight,256,256,1.0,65536,18.42,140.9,145.62,122.94,43.91,42.83,59.51,136.49,50.3,6.62,13.7,-20.32,Diseased,Small,Moderate,Green,136.49
ec9a34ed-90de-417e-bf87-31e748c8c770___RS_Early.B 7968.JPG,PlantVillage\Potato___Early_blight\ec9a34ed-90de-417e-bf87-31e748c8c770___RS_Early.B 7968.JPG,Potato___Early_blight,Early Blight,256,256,1.0,65536,21.03,118.42,126.45,103.1,54.49,53.48,58.89,115.99,56.51,3.64,15.69,-19.34,Diseased,Small,Moderate,Green,115.99
ec9ea109-34c7-48c5-bbac-40a36b21fa05___RS_Early.B 8761.JPG,PlantVillage\Potato___Early_blight\ec9ea109-34c7-48c5-bbac-40a36b21fa05___RS_Early.B 8761.JPG,Potato___Early_blight,Early Blight,256,256,1.0,65536,16.2,147.68,150.96,129.59,49.14,44.53,55.25,142.74,50.71,7.41,12.32,-19.73,Diseased,Small,Moderate,Green,142.74
ecf9d01d-b97f-4cf8-99e5-7036bd91b5d1___RS_Early.B 8650.JPG,PlantVillage\Potato___Early_blight\ecf9d01d-b97f-4cf8-99e5-7036bd91b5d1___RS_Early.B 8650.JPG,Potato___Early_blight,Early Blight,256,256,1.0,65536,18.47,125.23,132.02,101.41,42.85,39.55,48.54,119.55,45.73,8.52,18.7,-27.21,Diseased,Small,Moderate,Green,119.55
ed270d5d-3523-4bc2-b208-4f5304bbfeef___RS_Early.B 8218.JPG,PlantVillage\Potato___Early_blight\ed270d5d-3523-4bc2-b208-4f5304bbfeef___RS_Early.B 8218.JPG,Potato___Early_blight,Early Blight,256,256,1.0,65536,19.92,142.08,140.63,109.71,48.75,50.3,58.52,130.81,54.77,16.91,14.73,-31.64,Diseased,Small,Moderate,Red,130.81
ed64bc0c-d2e5-44fd-a21a-f4d6b4f2f219___RS_Early.B 7366.JPG,PlantVillage\Potato___Early_blight\ed64bc0c-d2e5-44fd-a21a-f4d6b4f2f219___RS_Early.B 7366.JPG,Potato___Early_blight,Early Blight,256,256,1.0,65536,16.79,145.46,150.35,111.48,40.79,42.29,55.19,135.76,49.65,14.54,21.88,-36.42,Diseased,Small,Moderate,Green,135.76
ed78ac4f-ce50-4de8-b508-ad07b9d99176___RS_Early.B 7313.JPG,PlantVillage\Potato___Early_blight\ed78ac4f-ce50-4de8-b508-ad07b9d99176___RS_Early.B 7313.JPG,Potato___Early_blight,Early Blight,256,256,1.0,65536,17.45,142.73,157.83,125.97,39.76,36.89,53.19,142.18,45.75,0.83,23.48,-24.31,Diseased,Small,Moderate,Green,142.18
edc5f476-dd30-4fab-a8a1-71faf6210420___RS_Early.B 7315.JPG,PlantVillage\Potato___Early_blight\edc5f476-dd30-4fab-a8a1-71faf6210420___RS_Early.B 7315.JPG,Potato___Early_blight,Early Blight,256,256,1.0,65536,19.78,130.51,147.66,114.92,39.57,41.67,47.91,131.03,45.22,-0.78,24.94,-24.16,Diseased,Small,Moderate,Green,131.03
ede5199d-4bf1-4bd0-a460-2168350ed05a___RS_Early.B 8773.JPG,PlantVillage\Potato___Early_blight\ede5199d-4bf1-4bd0-a460-2168350ed05a___RS_Early.B 8773.JPG,Potato___Early_blight,Early Blight,256,256,1.0,65536,18.28,142.92,146.23,130.09,44.02,39.25,46.59,139.75,43.95,4.76,9.72,-14.48,Diseased,Small,Moderate,Green,139.75
ee584747-fea1-4d16-9c03-40bfc9bcf1c7___RS_Early.B 8600.JPG,PlantVillage\Potato___Early_blight\ee584747-fea1-4d16-9c03-40bfc9bcf1c7___RS_Early.B 8600.JPG,Potato___Early_blight,Early Blight,256,256,1.0,65536,19.5,121.83,128.52,100.65,51.52,48.28,56.39,117.0,53.5,7.24,17.28,-24.52,Diseased,Small,Moderate,Green,117.0
ee8df9d4-1893-49a4-b2e9-aee2b1e85ca0___RS_Early.B 6926.JPG,PlantVillage\Potato___Early_blight\ee8df9d4-1893-49a4-b2e9-aee2b1e85ca0___RS_Early.B 6926.JPG,Potato___Early_blight,Early Blight,256,256,1.0,65536,21.61,143.99,146.43,113.5,46.83,48.72,58.38,134.64,53.69,14.03,17.68,-31.71,Diseased,Small,Moderate,Green,134.64
eec2262a-d16b-42e1-99bd-6891ef392988___RS_Early.B 7085.JPG,PlantVillage\Potato___Early_blight\eec2262a-d16b-42e1-99bd-6891ef392988___RS_Early.B 7085.JPG,Potato___Early_blight,Early Blight,256,256,1.0,65536,17.25,146.72,152.13,116.52,41.49,43.08,54.73,138.46,49.36,12.39,20.51,-32.9,Diseased,Small,Moderate,Green,138.46
ef5b06f0-4c81-4e47-9ec3-499af1571d9e___RS_Early.B 8455.JPG,PlantVillage\Potato___Early_blight\ef5b06f0-4c81-4e47-9ec3-499af1571d9e___RS_Early.B 8455.JPG,Potato___Early_blight,Early Blight,256,256,1.0,65536,20.61,143.76,146.5,120.34,41.36,39.7,52.47,136.87,46.38,10.34,14.45,-24.79,Diseased,Small,Moderate,Green,136.87
ef722b35-2ab8-409d-a971-b3a853a72cb3___RS_Early.B 7184.JPG,PlantVillage\Potato___Early_blight\ef722b35-2ab8-409d-a971-b3a853a72cb3___RS_Early.B 7184.JPG,Potato___Early_blight,Early Blight,256,256,1.0,65536,19.78,125.59,136.81,113.0,51.3,51.14,58.84,125.13,54.75,0.68,17.52,-18.2,Diseased,Small,Moderate,Green,125.13
ef825fcb-d776-4dfd-a6ed-3bd49912806e___RS_Early.B 7985.JPG,PlantVillage\Potato___Early_blight\ef825fcb-d776-4dfd-a6ed-3bd49912806e___RS_Early.B 7985.JPG,Potato___Early_blight,Early Blight,256,256,1.0,65536,20.02,141.62,141.38,119.18,53.0,51.98,62.91,134.06,57.16,11.34,10.98,-22.31,Diseased,Small,Moderate,Red,134.06
efa2f117-a774-4fcc-8445-142742aa7816___RS_Early.B 7458.JPG,PlantVillage\Potato___Early_blight\efa2f117-a774-4fcc-8445-142742aa7816___RS_Early.B 7458.JPG,Potato___Early_blight,Early Blight,256,256,1.0,65536,21.33,138.09,137.78,113.69,43.52,45.86,53.93,129.86,49.32,12.36,11.89,-24.25,Diseased,Small,Moderate,Red,129.85
efb6e5e5-d83c-4634-a9f6-3f2332713497___RS_Early.B 6788.JPG,PlantVillage\Potato___Early_blight\efb6e5e5-d83c-4634-a9f6-3f2332713497___RS_Early.B 6788.JPG,Potato___Early_blight,Early Blight,256,256,1.0,65536,20.79,138.9,137.02,116.1,56.76,58.02,61.13,130.67,59.57,12.34,9.52,-21.86,Diseased,Small,Moderate,Red,130.67
efd49e70-b8d6-493f-9099-b3d9d534f365___RS_Early.B 7854.JPG,PlantVillage\Potato___Early_blight\efd49e70-b8d6-493f-9099-b3d9d534f365___RS_Early.B 7854.JPG,Potato___Early_blight,Early Blight,256,256,1.0,65536,20.62,141.63,144.07,123.1,49.93,48.65,58.38,136.27,53.33,8.05,11.7,-19.75,Diseased,Small,Moderate,Green,136.27
f069744b-375b-4fee-b1f9-23963195e936___RS_Early.B 6837.JPG,PlantVillage\Potato___Early_blight\f069744b-375b-4fee-b1f9-23963195e936___RS_Early.B 6837.JPG,Potato___Early_blight,Early Blight,256,256,1.0,65536,22.31,129.42,140.97,121.11,45.52,44.79,55.57,130.5,49.55,-1.62,15.7,-14.08,Diseased,Small,Moderate,Green,130.5
f0a1af30-47b5-430b-b563-ef9a32a55dc7___RS_Early.B 6781.JPG,PlantVillage\Potato___Early_blight\f0a1af30-47b5-430b-b563-ef9a32a55dc7___RS_Early.B 6781.JPG,Potato___Early_blight,Early Blight,256,256,1.0,65536,17.36,149.92,148.7,126.44,55.72,57.23,61.57,141.68,59.22,12.35,10.52,-22.87,Diseased,Small,Moderate,Red,141.69
f0b444a4-ddd7-4286-8a80-423f7e71c526___RS_Early.B 8753.JPG,PlantVillage\Potato___Early_blight\f0b444a4-ddd7-4286-8a80-423f7e71c526___RS_Early.B 8753.JPG,Potato___Early_blight,Early Blight,256,256,1.0,65536,18.01,138.77,143.14,116.41,46.45,45.99,60.18,132.77,52.62,9.0,15.54,-24.54,Diseased,Small,Moderate,Green,132.77
f0cdbf74-8401-48d1-b1cc-94862e1a4452___RS_Early.B 7447.JPG,PlantVillage\Potato___Early_blight\f0cdbf74-8401-48d1-b1cc-94862e1a4452___RS_Early.B 7447.JPG,Potato___Early_blight,Early Blight,256,256,1.0,65536,17.83,139.45,142.94,123.33,55.19,55.8,64.61,135.24,59.31,6.32,11.55,-17.87,Diseased,Small,Moderate,Green,135.24
f0f41a0d-7679-4e56-85df-44934fe0cb3b___RS_Early.B 7054.JPG,PlantVillage\Potato___Early_blight\f0f41a0d-7679-4e56-85df-44934fe0cb3b___RS_Early.B 7054.JPG,Potato___Early_blight,Early Blight,256,256,1.0,65536,18.36,145.76,147.33,107.7,44.8,46.77,52.13,133.6,51.38,18.25,20.6,-38.85,Diseased,Small,Moderate,Green,133.6
f12d7916-b4f0-46f7-91bd-8dc097743149___RS_Early.B 8963.JPG,PlantVillage\Potato___Early_blight\f12d7916-b4f0-46f7-91bd-8dc097743149___RS_Early.B 8963.JPG,Potato___Early_blight,Early Blight,256,256,1.0,65536,19.09,147.05,142.67,107.41,49.74,52.62,60.91,132.38,57.44,22.01,15.43,-37.45,Diseased,Small,Moderate,Red,132.38
f15637d3-829d-46f9-b45e-1e1768d6b8c9___RS_Early.B 7635.JPG,PlantVillage\Potato___Early_blight\f15637d3-829d-46f9-b45e-1e1768d6b8c9___RS_Early.B 7635.JPG,Potato___Early_blight,Early Blight,256,256,1.0,65536,18.67,136.63,144.23,127.3,45.06,39.66,54.91,136.05,47.47,0.86,12.27,-13.13,Diseased,Small,Moderate,Green,136.05
f164ce92-d109-47ca-9f75-380a7f16155a___RS_Early.B 7104.JPG,PlantVillage\Potato___Early_blight\f164ce92-d109-47ca-9f75-380a7f16155a___RS_Early.B 7104.JPG,Potato___Early_blight,Early Blight,256,256,1.0,65536,18.47,145.37,147.56,108.16,48.06,49.57,64.9,133.7,57.62,17.51,20.79,-38.3,Diseased,Small,Moderate,Green,133.7
f188a6c1-fbed-4941-a5a7-e11a6b4ddcfb___RS_Early.B 6910.JPG,PlantVillage\Potato___Early_blight\f188a6c1-fbed-4941-a5a7-e11a6b4ddcfb___RS_Early.B 6910.JPG,Potato___Early_blight,Early Blight,256,256,1.0,65536,19.93,139.1,145.67,119.89,48.15,50.13,57.37,134.89,53.17,6.32,16.18,-22.5,Diseased,Small,Moderate,Green,134.89
f194debe-e829-4bfb-af09-681e50358f50___RS_Early.B 7739.JPG,PlantVillage\Potato___Early_blight\f194debe-e829-4bfb-af09-681e50358f50___RS_Early.B 7739.JPG,Potato___Early_blight,Early Blight,256,256,1.0,65536,21.83,123.93,130.24,108.37,59.42,58.4,67.43,120.85,62.56,4.62,14.09,-18.72,Diseased,Small,Moderate,Green,120.85
f20b88af-30e2-4270-a035-2cf217469cf8___RS_Early.B 8266.JPG,PlantVillage\Potato___Early_blight\f20b88af-30e2-4270-a035-2cf217469cf8___RS_Early.B 8266.JPG,Potato___Early_blight,Early Blight,256,256,1.0,65536,22.17,146.95,143.26,113.3,45.85,47.59,57.0,134.5,52.59,18.67,13.13,-31.81,Diseased,Small,Moderate,Red,134.5
f217f3ba-56fa-4f97-bf9a-07697e08e845___RS_Early.B 9161.JPG,PlantVillage\Potato___Early_blight\f217f3ba-56fa-4f97-bf9a-07697e08e845___RS_Early.B 9161.JPG,Potato___Early_blight,Early Blight,256,256,1.0,65536,21.82,143.7,152.52,126.7,49.1,47.85,61.45,140.98,54.22,4.09,17.32,-21.41,Diseased,Small,Moderate,Green,140.97
f2540cea-220b-4ba2-bf16-7c1c7f32c38c___RS_Early.B 7997.JPG,PlantVillage\Potato___Early_blight\f2540cea-220b-4ba2-bf16-7c1c7f32c38c___RS_Early.B 7997.JPG,Potato___Early_blight,Early Blight,256,256,1.0,65536,19.01,134.01,142.59,122.95,51.3,45.15,58.9,133.18,52.7,1.24,14.11,-15.35,Diseased,Small,Moderate,Green,133.18
f2a56e13-438e-4bef-a3ea-beb9f347d481___RS_Early.B 6691.JPG,PlantVillage\Potato___Early_blight\f2a56e13-438e-4bef-a3ea-beb9f347d481___RS_Early.B 6691.JPG,Potato___Early_blight,Early Blight,256,256,1.0,65536,19.3,163.69,159.34,116.83,50.4,51.19,57.92,146.62,57.32,25.6,19.08,-44.68,Diseased,Small,Moderate,Red,146.62
f2e7be26-b7d3-4e99-8630-8b1650192b02___RS_Early.B 7275.JPG,PlantVillage\Potato___Early_blight\f2e7be26-b7d3-4e99-8630-8b1650192b02___RS_Early.B 7275.JPG,Potato___Early_blight,Early Blight,256,256,1.0,65536,18.93,130.13,140.13,121.78,39.86,36.84,49.07,130.68,42.91,-0.82,14.17,-13.35,Diseased,Small,Moderate,Green,130.68
f32a2d3d-9ac5-426c-81d1-bc279def9ba4___RS_Early.B 7636.JPG,PlantVillage\Potato___Early_blight\f32a2d3d-9ac5-426c-81d1-bc279def9ba4___RS_Early.B 7636.JPG,Potato___Early_blight,Early Blight,256,256,1.0,65536,20.87,124.8,134.74,112.48,44.5,40.87,53.27,124.01,47.39,1.19,16.09,-17.29,Diseased,Small,Moderate,Green,124.01
f3360814-9e4c-46b0-85ed-73fc77ef7810___RS_Early.B 7550.JPG,PlantVillage\Potato___Early_blight\f3360814-9e4c-46b0-85ed-73fc77ef7810___RS_Early.B 7550.JPG,Potato___Early_blight,Early Blight,256,256,1.0,65536,15.72,132.75,146.18,130.15,47.86,44.2,57.3,136.36,50.58,-5.41,14.73,-9.32,Diseased,Small,Moderate,Green,136.36
f3483bdf-7adf-40fe-b478-044b7c9daff2___RS_Early.B 7034.JPG,PlantVillage\Potato___Early_blight\f3483bdf-7adf-40fe-b478-044b7c9daff2___RS_Early.B 7034.JPG,Potato___Early_blight,Early Blight,256,256,1.0,65536,16.61,150.39,152.12,123.31,38.43,40.16,58.7,141.94,48.5,12.68,15.27,-27.95,Diseased,Small,Moderate,Green,141.94
f3ad73cc-2e88-4157-97ea-d57d87c5760c___RS_Early.B 6687.JPG,PlantVillage\Potato___Early_blight\f3ad73cc-2e88-4157-97ea-d57d87c5760c___RS_Early.B 6687.JPG,Potato___Early_blight,Early Blight,256,256,1.0,65536,20.77,158.16,154.19,116.82,54.22,54.3,56.98,143.06,58.24,22.65,16.7,-39.35,Diseased,Small,Moderate,Red,143.06
f3b29f09-c337-4233-8968-0fcc66c9fa2a___RS_Early.B 8115.JPG,PlantVillage\Potato___Early_blight\f3b29f09-c337-4233-8968-0fcc66c9fa2a___RS_Early.B 8115.JPG,Potato___Early_blight,Early Blight,256,256,1.0,65536,21.03,148.62,135.99,102.45,48.31,51.14,59.55,129.02,56.67,29.4,10.45,-39.86,Diseased,Small,Moderate,Red,129.02
f400079a-ff67-45c2-8a50-5c5b1e08dc25___RS_Early.B 8491.JPG,PlantVillage\Potato___Early_blight\f400079a-ff67-45c2-8a50-5c5b1e08dc25___RS_Early.B 8491.JPG,Potato___Early_blight,Early Blight,256,256,1.0,65536,17.01,132.53,151.85,143.95,52.81,47.93,62.92,142.77,55.48,-15.37,13.61,1.76,Diseased,Small,Moderate,Green,142.78
f48fc3b4-b7e7-4ad5-a651-0bf61a5173ff___RS_Early.B 8597.JPG,PlantVillage\Potato___Early_blight\f48fc3b4-b7e7-4ad5-a651-0bf61a5173ff___RS_Early.B 8597.JPG,Potato___Early_blight,Early Blight,256,256,1.0,65536,18.22,96.5,102.91,77.43,44.74,40.02,46.87,92.28,45.28,6.33,15.94,-22.27,Diseased,Small,Dark,Green,92.28
f536e055-666e-41cc-8ee2-c1af2fbf754a___RS_Early.B 8104.JPG,PlantVillage\Potato___Early_blight\f536e055-666e-41cc-8ee2-c1af2fbf754a___RS_Early.B 8104.JPG,Potato___Early_blight,Early Blight,256,256,1.0,65536,22.29,133.25,130.12,113.01,57.09,58.58,65.59,125.46,61.18,11.69,6.98,-18.67,Diseased,Small,Moderate,Red,125.46
f56f07b9-9f3a-4c80-a4f8-daf49f479db2___RS_Early.B 8741.JPG,PlantVillage\Potato___Early_blight\f56f07b9-9f3a-4c80-a4f8-daf49f479db2___RS_Early.B 8741.JPG,Potato___Early_blight,Early Blight,256,256,1.0,65536,16.8,151.81,150.29,117.94,47.33,46.79,60.38,140.01,54.18,17.69,15.41,-33.1,Diseased,Small,Moderate,Red,140.01
f5ec7cce-c3cc-4b4a-b716-d70175b1dcd2___RS_Early.B 7520.JPG,PlantVillage\Potato___Early_blight\f5ec7cce-c3cc-4b4a-b716-d70175b1dcd2___RS_Early.B 7520.JPG,Potato___Early_blight,Early Blight,256,256,1.0,65536,20.47,141.43,149.43,126.56,44.26,43.18,55.61,139.14,48.94,3.43,15.44,-18.87,Diseased,Small,Moderate,Green,139.14
f5fca019-b28f-4000-9d5e-b0b5fd061304___RS_Early.B 7503.JPG,PlantVillage\Potato___Early_blight\f5fca019-b28f-4000-9d5e-b0b5fd061304___RS_Early.B 7503.JPG,Potato___Early_blight,Early Blight,256,256,1.0,65536,15.38,162.84,164.74,122.22,43.8,46.05,59.27,149.94,53.87,19.36,22.21,-41.57,Diseased,Small,Moderate,Green,149.93
f686133a-e89a-4242-a52d-02f32ffd5275___RS_Early.B 8295.JPG,PlantVillage\Potato___Early_blight\f686133a-e89a-4242-a52d-02f32ffd5275___RS_Early.B 8295.JPG,Potato___Early_blight,Early Blight,256,256,1.0,65536,15.23,97.56,110.46,99.3,39.36,35.34,46.43,102.44,41.04,-7.32,12.02,-4.71,Diseased,Small,Moderate,Green,102.44
f6d020f8-8578-4c96-afc2-a1e97adb1ea9___RS_Early.B 7521.JPG,PlantVillage\Potato___Early_blight\f6d020f8-8578-4c96-afc2-a1e97adb1ea9___RS_Early.B 7521.JPG,Potato___Early_blight,Early Blight,256,256,1.0,65536,20.15,135.3,140.6,123.46,45.71,43.51,57.72,133.12,49.89,3.27,11.22,-14.49,Diseased,Small,Moderate,Green,133.12
f6d8c094-970c-41c5-9f5d-3ded7c8f7b15___RS_Early.B 6846.JPG,PlantVillage\Potato___Early_blight\f6d8c094-970c-41c5-9f5d-3ded7c8f7b15___RS_Early.B 6846.JPG,Potato___Early_blight,Early Blight,256,256,1.0,65536,22.4,129.78,142.35,120.02,47.69,47.08,56.12,130.72,51.28,-1.4,17.45,-16.05,Diseased,Small,Moderate,Green,130.72
f7740cb1-3295-4022-ae6c-7ffeee775f6f___RS_Early.B 8991.JPG,PlantVillage\Potato___Early_blight\f7740cb1-3295-4022-ae6c-7ffeee775f6f___RS_Early.B 8991.JPG,Potato___Early_blight,Early Blight,256,256,1.0,65536,18.72,144.96,152.57,118.36,42.8,45.31,57.58,138.63,51.14,9.5,20.91,-30.41,Diseased,Small,Moderate,Green,138.63
f7a5e3e3-796e-4f4a-943c-24d26e2591d4___RS_Early.B 8679.JPG,PlantVillage\Potato___Early_blight\f7a5e3e3-796e-4f4a-943c-24d26e2591d4___RS_Early.B 8679.JPG,Potato___Early_blight,Early Blight,256,256,1.0,65536,18.72,145.66,150.8,121.78,49.12,45.41,56.86,139.41,52.24,9.37,17.07,-26.45,Diseased,Small,Moderate,Green,139.41
f7db505f-aabe-4b96-b719-8c930b5ff471___RS_Early.B 9224.JPG,PlantVillage\Potato___Early_blight\f7db505f-aabe-4b96-b719-8c930b5ff471___RS_Early.B 9224.JPG,Potato___Early_blight,Early Blight,256,256,1.0,65536,20.8,120.59,123.46,96.62,49.63,50.19,55.79,113.56,53.32,10.55,14.86,-25.4,Diseased,Small,Moderate,Green,113.56
f813e04e-a4f1-4c7f-a56d-cf0829801acb___RS_Early.B 8836.JPG,PlantVillage\Potato___Early_blight\f813e04e-a4f1-4c7f-a56d-cf0829801acb___RS_Early.B 8836.JPG,Potato___Early_blight,Early Blight,256,256,1.0,65536,18.37,127.19,127.35,95.92,51.48,51.7,57.95,116.82,55.79,15.56,15.8,-31.35,Diseased,Small,Moderate,Green,116.82
f838c192-a78c-460c-ab90-313dd5014a47___RS_Early.B 7718.JPG,PlantVillage\Potato___Early_blight\f838c192-a78c-460c-ab90-313dd5014a47___RS_Early.B 7718.JPG,Potato___Early_blight,Early Blight,256,256,1.0,65536,20.82,138.56,146.94,124.62,49.81,47.64,57.64,136.71,52.68,2.78,15.35,-18.14,Diseased,Small,Moderate,Green,136.71
f89d5362-f38f-4acf-8fca-2ea154c07cce___RS_Early.B 7018.JPG,PlantVillage\Potato___Early_blight\f89d5362-f38f-4acf-8fca-2ea154c07cce___RS_Early.B 7018.JPG,Potato___Early_blight,Early Blight,256,256,1.0,65536,18.28,131.69,134.03,95.78,48.37,51.2,57.5,120.5,55.34,16.78,20.3,-37.08,Diseased,Small,Moderate,Green,120.5
f8b3542b-559a-4aa4-9f4a-ec4d22f4386f___RS_Early.B 7309.JPG,PlantVillage\Potato___Early_blight\f8b3542b-559a-4aa4-9f4a-ec4d22f4386f___RS_Early.B 7309.JPG,Potato___Early_blight,Early Blight,256,256,1.0,65536,18.07,140.6,147.31,123.68,47.42,47.9,56.78,137.2,51.84,5.1,15.17,-20.27,Diseased,Small,Moderate,Green,137.2
f8b57e69-5902-4253-8404-11811ecf13e8___RS_Early.B 6995.JPG,PlantVillage\Potato___Early_blight\f8b57e69-5902-4253-8404-11811ecf13e8___RS_Early.B 6995.JPG,Potato___Early_blight,Early Blight,256,256,1.0,65536,19.65,141.66,147.39,107.92,42.92,45.82,51.01,132.32,49.84,14.0,22.6,-36.6,Diseased,Small,Moderate,Green,132.32
f8de1c8d-67a0-4825-9ad6-e15809ff909c___RS_Early.B 7348.JPG,PlantVillage\Potato___Early_blight\f8de1c8d-67a0-4825-9ad6-e15809ff909c___RS_Early.B 7348.JPG,Potato___Early_blight,Early Blight,256,256,1.0,65536,17.92,135.57,148.8,121.68,37.77,36.2,49.17,135.35,42.91,0.33,20.17,-20.5,Diseased,Small,Moderate,Green,135.35
f917c191-cca4-4a78-8238-a40b586f9058___RS_Early.B 7945.JPG,PlantVillage\Potato___Early_blight\f917c191-cca4-4a78-8238-a40b586f9058___RS_Early.B 7945.JPG,Potato___Early_blight,Early Blight,256,256,1.0,65536,20.88,136.56,140.97,118.6,54.05,50.69,62.79,132.05,56.9,6.77,13.39,-20.16,Diseased,Small,Moderate,Green,132.04
f9461507-6875-43f7-800d-502ffdb8ec05___RS_Early.B 7604.JPG,PlantVillage\Potato___Early_blight\f9461507-6875-43f7-800d-502ffdb8ec05___RS_Early.B 7604.JPG,Potato___Early_blight,Early Blight,256,256,1.0,65536,15.62,114.49,117.3,95.16,43.11,45.36,56.86,108.98,49.8,8.26,12.47,-20.74,Diseased,Small,Moderate,Green,108.98
f9580dc3-d5d9-4990-a64d-3974a9d1c687___RS_Early.B 8755.JPG,PlantVillage\Potato___Early_blight\f9580dc3-d5d9-4990-a64d-3974a9d1c687___RS_Early.B 8755.JPG,Potato___Early_blight,Early Blight,256,256,1.0,65536,16.21,113.22,117.51,88.91,47.46,47.05,54.21,106.54,51.26,10.01,16.44,-26.45,Diseased,Small,Moderate,Green,106.55
f980fef9-bcf5-47fd-8426-2c503dc35f88___RS_Early.B 6745.JPG,PlantVillage\Potato___Early_blight\f980fef9-bcf5-47fd-8426-2c503dc35f88___RS_Early.B 6745.JPG,Potato___Early_blight,Early Blight,256,256,1.0,65536,21.06,134.16,147.45,123.79,61.19,61.96,67.06,135.13,64.19,-1.46,18.47,-17.01,Diseased,Small,Moderate,Green,135.13
fa61b2e4-413c-4503-a2a2-cff2d8a11351___RS_Early.B 7370.JPG,PlantVillage\Potato___Early_blight\fa61b2e4-413c-4503-a2a2-cff2d8a11351___RS_Early.B 7370.JPG,Potato___Early_blight,Early Blight,256,256,1.0,65536,17.05,158.1,160.62,125.13,53.22,54.55,61.9,147.95,58.95,15.23,19.0,-34.22,Diseased,Small,Moderate,Green,147.95
fa8656fd-03b1-467c-a877-99ce5632d580___RS_Early.B 7630.JPG,PlantVillage\Potato___Early_blight\fa8656fd-03b1-467c-a877-99ce5632d580___RS_Early.B 7630.JPG,Potato___Early_blight,Early Blight,256,256,1.0,65536,20.52,131.72,139.85,121.05,51.19,48.31,58.66,130.87,53.46,1.27,13.47,-14.74,Diseased,Small,Moderate,Green,130.87
faac446b-34ac-414a-9f0e-148d6ee87bfa___RS_Early.B 8934.JPG,PlantVillage\Potato___Early_blight\faac446b-34ac-414a-9f0e-148d6ee87bfa___RS_Early.B 8934.JPG,Potato___Early_blight,Early Blight,256,256,1.0,65536,19.74,145.44,137.49,115.72,47.41,48.66,57.48,132.88,52.89,18.83,6.91,-25.75,Diseased,Small,Moderate,Red,132.88
fb8d862d-29c3-41ab-888d-cef47286ee9a___RS_Early.B 8975.JPG,PlantVillage\Potato___Early_blight\fb8d862d-29c3-41ab-888d-cef47286ee9a___RS_Early.B 8975.JPG,Potato___Early_blight,Early Blight,256,256,1.0,65536,22.82,133.34,137.48,102.6,46.98,49.58,57.22,124.47,53.74,13.3,19.51,-32.81,Diseased,Small,Moderate,Green,124.47
fba7a41d-25df-4a1c-93d1-98d62e3376e0___RS_Early.B 8207.JPG,PlantVillage\Potato___Early_blight\fba7a41d-25df-4a1c-93d1-98d62e3376e0___RS_Early.B 8207.JPG,Potato___Early_blight,Early Blight,256,256,1.0,65536,19.51,111.71,117.62,95.7,52.13,52.19,58.21,108.34,55.04,5.05,13.91,-18.96,Diseased,Small,Moderate,Green,108.34
fbbe7b93-e6da-4dc8-b1ee-ba5646a5e039___RS_Early.B 8216.JPG,PlantVillage\Potato___Early_blight\fbbe7b93-e6da-4dc8-b1ee-ba5646a5e039___RS_Early.B 8216.JPG,Potato___Early_blight,Early Blight,256,256,1.0,65536,19.64,157.34,155.33,119.34,44.25,45.66,56.33,144.0,52.06,20.0,17.0,-37.0,Diseased,Small,Moderate,Red,144.0
fbc1b154-7b53-4ac5-ad3a-5e9e5078a289___RS_Early.B 7551.JPG,PlantVillage\Potato___Early_blight\fbc1b154-7b53-4ac5-ad3a-5e9e5078a289___RS_Early.B 7551.JPG,Potato___Early_blight,Early Blight,256,256,1.0,65536,19.91,141.32,151.23,133.46,49.34,43.19,57.57,142.0,50.9,-1.03,13.83,-12.81,Diseased,Small,Moderate,Green,142.0
fbc7567e-ce08-4ad0-b8fe-ffd98296ce02___RS_Early.B 8607.JPG,PlantVillage\Potato___Early_blight\fbc7567e-ce08-4ad0-b8fe-ffd98296ce02___RS_Early.B 8607.JPG,Potato___Early_blight,Early Blight,256,256,1.0,65536,19.13,123.37,124.81,105.65,53.84,51.43,54.46,117.95,53.97,8.14,10.3,-18.44,Diseased,Small,Moderate,Green,117.94
fc1ab935-21b3-42e7-a870-02fd71c5d845___RS_Early.B 6894.JPG,PlantVillage\Potato___Early_blight\fc1ab935-21b3-42e7-a870-02fd71c5d845___RS_Early.B 6894.JPG,Potato___Early_blight,Early Blight,256,256,1.0,65536,21.17,128.08,137.93,121.14,47.79,47.36,55.58,129.05,50.85,-1.46,13.32,-11.87,Diseased,Small,Moderate,Green,129.05
fc603fb2-e2a0-4990-8a75-0e4f80f40694___RS_Early.B 7584.JPG,PlantVillage\Potato___Early_blight\fc603fb2-e2a0-4990-8a75-0e4f80f40694___RS_Early.B 7584.JPG,Potato___Early_blight,Early Blight,256,256,1.0,65536,18.53,135.76,142.41,122.98,53.93,50.84,60.74,133.72,55.91,3.06,13.04,-16.1,Diseased,Small,Moderate,Green,133.72
fc73fc01-6a63-4b3b-bfed-74625c5b4b05___RS_Early.B 6945.JPG,PlantVillage\Potato___Early_blight\fc73fc01-6a63-4b3b-bfed-74625c5b4b05___RS_Early.B 6945.JPG,Potato___Early_blight,Early Blight,256,256,1.0,65536,19.57,137.79,148.81,131.46,45.59,41.51,55.3,139.35,48.35,-2.35,14.18,-11.84,Diseased,Small,Moderate,Green,139.35
fc87399a-b45c-4b0f-a6c9-54f0e4f9d3c5___RS_Early.B 7277.JPG,PlantVillage\Potato___Early_blight\fc87399a-b45c-4b0f-a6c9-54f0e4f9d3c5___RS_Early.B 7277.JPG,Potato___Early_blight,Early Blight,256,256,1.0,65536,18.94,136.33,147.53,126.84,40.63,37.58,50.23,136.9,43.98,-0.86,15.95,-15.09,Diseased,Small,Moderate,Green,136.9
fcbf4e6c-ba09-40f5-97c2-063bb20844bc___RS_Early.B 6938.JPG,PlantVillage\Potato___Early_blight\fcbf4e6c-ba09-40f5-97c2-063bb20844bc___RS_Early.B 6938.JPG,Potato___Early_blight,Early Blight,256,256,1.0,65536,22.22,137.08,142.39,125.32,49.73,48.81,60.34,134.93,53.7,3.23,11.19,-14.42,Diseased,Small,Moderate,Green,134.93
fd59ab68-681f-4aca-ae95-6f73bf8caad7___RS_Early.B 7118.JPG,PlantVillage\Potato___Early_blight\fd59ab68-681f-4aca-ae95-6f73bf8caad7___RS_Early.B 7118.JPG,Potato___Early_blight,Early Blight,256,256,1.0,65536,18.14,144.44,151.38,118.3,44.23,44.42,60.05,138.04,52.1,9.6,20.01,-29.61,Diseased,Small,Moderate,Green,138.04
fd5b1e1f-48a8-42bd-82b5-cf762504708b___RS_Early.B 8149.JPG,PlantVillage\Potato___Early_blight\fd5b1e1f-48a8-42bd-82b5-cf762504708b___RS_Early.B 8149.JPG,Potato___Early_blight,Early Blight,256,256,1.0,65536,22.1,141.17,147.65,115.19,41.77,41.63,52.82,134.67,47.81,9.75,19.47,-29.23,Diseased,Small,Moderate,Green,134.67
fdc1f5ed-66b5-4564-8957-055905b8a569___RS_Early.B 8244.JPG,PlantVillage\Potato___Early_blight\fdc1f5ed-66b5-4564-8957-055905b8a569___RS_Early.B 8244.JPG,Potato___Early_blight,Early Blight,256,256,1.0,65536,19.47,129.07,133.97,110.55,52.39,51.39,61.03,124.53,56.02,6.81,14.16,-20.97,Diseased,Small,Moderate,Green,124.53
fdc691b0-2b15-4cb6-8f5d-c4e5654389e0___RS_Early.B 7935.JPG,PlantVillage\Potato___Early_blight\fdc691b0-2b15-4cb6-8f5d-c4e5654389e0___RS_Early.B 7935.JPG,Potato___Early_blight,Early Blight,256,256,1.0,65536,18.07,143.54,148.55,115.36,48.23,48.34,57.41,135.82,53.53,11.58,19.1,-30.68,Diseased,Small,Moderate,Green,135.82
fdf3c33c-dad6-4f13-bd58-a31d327d9cb9___RS_Early.B 8947.JPG,PlantVillage\Potato___Early_blight\fdf3c33c-dad6-4f13-bd58-a31d327d9cb9___RS_Early.B 8947.JPG,Potato___Early_blight,Early Blight,256,256,1.0,65536,20.79,127.74,131.34,101.58,46.62,48.32,60.46,120.22,53.83,11.28,16.68,-27.96,Diseased,Small,Moderate,Green,120.22
fe24f700-d37f-4e51-b07c-931e8c3ded81___RS_Early.B 8792.JPG,PlantVillage\Potato___Early_blight\fe24f700-d37f-4e51-b07c-931e8c3ded81___RS_Early.B 8792.JPG,Potato___Early_blight,Early Blight,256,256,1.0,65536,18.21,157.6,148.28,110.93,41.41,42.9,52.79,138.94,50.21,27.99,14.02,-42.01,Diseased,Small,Moderate,Red,138.94
fe2a7818-f2ec-4255-93f0-586c88a41624___RS_Early.B 7043.JPG,PlantVillage\Potato___Early_blight\fe2a7818-f2ec-4255-93f0-586c88a41624___RS_Early.B 7043.JPG,Potato___Early_blight,Early Blight,256,256,1.0,65536,18.94,132.53,140.19,120.74,49.73,47.95,59.37,131.15,53.19,2.06,13.55,-15.62,Diseased,Small,Moderate,Green,131.15
fe772b3d-351c-4d18-9dcb-26feb90afa0d___RS_Early.B 7456.JPG,PlantVillage\Potato___Early_blight\fe772b3d-351c-4d18-9dcb-26feb90afa0d___RS_Early.B 7456.JPG,Potato___Early_blight,Early Blight,256,256,1.0,65536,18.3,128.25,137.09,119.57,51.75,48.72,59.39,128.3,53.95,-0.08,13.18,-13.09,Diseased,Small,Moderate,Green,128.3
ffef8a3b-3e8a-4c24-a27e-64c41708f7a0___RS_Early.B 7132.JPG,PlantVillage\Potato___Early_blight\ffef8a3b-3e8a-4c24-a27e-64c41708f7a0___RS_Early.B 7132.JPG,Potato___Early_blight,Early Blight,256,256,1.0,65536,21.14,137.22,140.26,122.3,55.17,56.03,66.1,133.26,59.82,5.94,10.5,-16.44,Diseased,Small,Moderate,Green,133.26
0051e5e8-d1c4-4a84-bf3a-a426cdad6285___RS_LB 4640.JPG,PlantVillage\Potato___Late_blight\0051e5e8-d1c4-4a84-bf3a-a426cdad6285___RS_LB 4640.JPG,Potato___Late_blight,Late Blight,256,256,1.0,65536,12.48,116.4,113.21,105.87,36.63,30.35,41.07,111.83,36.55,6.86,2.07,-8.93,Diseased,Small,Moderate,Red,111.83
00695906-210d-4a9d-822e-986a17384115___RS_LB 4026.JPG,PlantVillage\Potato___Late_blight\00695906-210d-4a9d-822e-986a17384115___RS_LB 4026.JPG,Potato___Late_blight,Late Blight,256,256,1.0,65536,13.95,115.02,122.03,111.74,39.61,21.36,40.75,116.26,35.31,-1.87,8.65,-6.78,Diseased,Small,Moderate,Green,116.26
006cc01a-1888-4326-9b62-a65cb55a6377___RS_LB 5207.JPG,PlantVillage\Potato___Late_blight\006cc01a-1888-4326-9b62-a65cb55a6377___RS_LB 5207.JPG,Potato___Late_blight,Late Blight,256,256,1.0,65536,13.83,116.89,123.81,109.62,38.06,29.1,45.15,116.77,38.45,0.17,10.55,-10.73,Diseased,Small,Moderate,Green,116.77
0085ef03-aec3-431a-99a1-de286e10c0cf___RS_LB 2949.JPG,PlantVillage\Potato___Late_blight\0085ef03-aec3-431a-99a1-de286e10c0cf___RS_LB 2949.JPG,Potato___Late_blight,Late Blight,256,256,1.0,65536,15.61,113.52,117.13,108.96,39.2,32.98,47.09,113.2,40.31,0.47,5.89,-6.36,Diseased,Small,Moderate,Green,113.2
00b1f292-23dd-44d4-aad3-c1ffb6a6ad5a___RS_LB 4479.JPG,PlantVillage\Potato___Late_blight\00b1f292-23dd-44d4-aad3-c1ffb6a6ad5a___RS_LB 4479.JPG,Potato___Late_blight,Late Blight,256,256,1.0,65536,20.92,133.76,122.15,105.68,45.59,41.41,49.48,120.53,47.05,19.84,2.43,-22.28,Diseased,Small,Moderate,Red,120.53
0114b195-844c-4978-93a9-b0d5aae010f1___RS_LB 2738.JPG,PlantVillage\Potato___Late_blight\0114b195-844c-4978-93a9-b0d5aae010f1___RS_LB 2738.JPG,Potato___Late_blight,Late Blight,256,256,1.0,65536,17.55,133.13,119.35,111.6,49.95,49.08,55.24,121.36,52.26,17.66,-3.02,-14.64,Diseased,Small,Moderate,Red,121.36
01270f5c-a44b-4da7-9398-289088c197ab___RS_LB 2517.JPG,PlantVillage\Potato___Late_blight\01270f5c-a44b-4da7-9398-289088c197ab___RS_LB 2517.JPG,Potato___Late_blight,Late Blight,256,256,1.0,65536,18.94,116.96,122.39,94.72,42.44,34.34,45.55,111.36,42.76,8.4,16.55,-24.95,Diseased,Small,Moderate,Green,111.36
01a8cc9f-074a-4866-87c8-bb5a9e3895b4___RS_LB 2968.JPG,PlantVillage\Potato___Late_blight\01a8cc9f-074a-4866-87c8-bb5a9e3895b4___RS_LB 2968.JPG,Potato___Late_blight,Late Blight,256,256,1.0,65536,14.35,115.36,119.35,105.99,42.34,39.67,49.62,113.57,44.43,2.69,8.67,-11.36,Diseased,Small,Moderate,Green,113.57
01ad74ce-eb28-42c7-9204-778d17cfd45c___RS_LB 2669.JPG,PlantVillage\Potato___Late_blight\01ad74ce-eb28-42c7-9204-778d17cfd45c___RS_LB 2669.JPG,Potato___Late_blight,Late Blight,256,256,1.0,65536,18.15,96.02,98.84,87.44,47.6,41.89,53.33,94.1,48.08,2.88,7.1,-9.98,Diseased,Small,Dark,Green,94.1
0201bf8e-27e3-4c92-ae97-2fb4f665b5d3___RS_LB 4320.JPG,PlantVillage\Potato___Late_blight\0201bf8e-27e3-4c92-ae97-2fb4f665b5d3___RS_LB 4320.JPG,Potato___Late_blight,Late Blight,256,256,1.0,65536,15.8,132.07,118.15,105.52,38.83,36.78,38.97,118.58,39.72,20.24,-0.65,-19.59,Diseased,Small,Moderate,Red,118.58
02212653-e92b-49aa-96b7-9497af51e502___RS_LB 3151.JPG,PlantVillage\Potato___Late_blight\02212653-e92b-49aa-96b7-9497af51e502___RS_LB 3151.JPG,Potato___Late_blight,Late Blight,256,256,1.0,65536,19.64,109.72,105.33,92.89,52.65,48.44,54.93,102.64,52.56,10.61,4.03,-14.64,Diseased,Small,Moderate,Red,102.65
02282fee-ba3f-460e-91e0-630204ab96c2___RS_LB 5031.JPG,PlantVillage\Potato___Late_blight\02282fee-ba3f-460e-91e0-630204ab96c2___RS_LB 5031.JPG,Potato___Late_blight,Late Blight,256,256,1.0,65536,14.37,103.94,117.47,102.66,36.5,31.53,42.54,108.02,37.73,-6.12,14.17,-8.05,Diseased,Small,Moderate,Green,108.02
025f3c76-6d6c-4dad-ba22-e3e72d084ef1___RS_LB 3105.JPG,PlantVillage\Potato___Late_blight\025f3c76-6d6c-4dad-ba22-e3e72d084ef1___RS_LB 3105.JPG,Potato___Late_blight,Late Blight,256,256,1.0,65536,18.21,139.12,137.54,120.5,47.98,41.99,52.49,132.39,48.42,10.1,7.73,-17.83,Diseased,Small,Moderate,Red,132.39
02c8ff21-4e0a-4326-ba8f-089e5cb45b74___RS_LB 4089.JPG,PlantVillage\Potato___Late_blight\02c8ff21-4e0a-4326-ba8f-089e5cb45b74___RS_LB 4089.JPG,Potato___Late_blight,Late Blight,256,256,1.0,65536,12.42,112.77,122.07,110.94,37.0,23.09,44.72,115.26,36.39,-3.74,10.22,-6.48,Diseased,Small,Moderate,Green,115.26
030e8945-d3ce-4ad3-8a91-a14c18285249___RS_LB 2532.JPG,PlantVillage\Potato___Late_blight\030e8945-d3ce-4ad3-8a91-a14c18285249___RS_LB 2532.JPG,Potato___Late_blight,Late Blight,256,256,1.0,65536,17.95,113.36,114.7,103.11,44.91,39.19,46.92,110.39,44.1,4.46,6.46,-10.92,Diseased,Small,Moderate,Green,110.39
031672c9-bf0a-46bf-8b52-d7cdc067612e___RS_LB 5019.JPG,PlantVillage\Potato___Late_blight\031672c9-bf0a-46bf-8b52-d7cdc067612e___RS_LB 5019.JPG,Potato___Late_blight,Late Blight,256,256,1.0,65536,13.75,104.74,117.19,111.16,41.05,31.39,46.58,111.03,40.49,-9.43,9.24,0.19,Diseased,Small,Moderate,Green,111.03
031c39d3-9a91-4e81-85ac-b36512133b0a___RS_LB 5220.JPG,PlantVillage\Potato___Late_blight\031c39d3-9a91-4e81-85ac-b36512133b0a___RS_LB 5220.JPG,Potato___Late_blight,Late Blight,256,256,1.0,65536,13.79,111.3,120.48,102.87,33.74,26.02,40.49,111.55,34.69,-0.37,13.39,-13.03,Diseased,Small,Moderate,Green,111.55
034a54f1-e3e9-4524-a318-9d253d9f1394___RS_LB 2893.JPG,PlantVillage\Potato___Late_blight\034a54f1-e3e9-4524-a318-9d253d9f1394___RS_LB 2893.JPG,Potato___Late_blight,Late Blight,256,256,1.0,65536,14.35,101.07,107.22,93.52,43.23,39.63,47.94,100.61,44.09,0.7,9.93,-10.63,Diseased,Small,Moderate,Green,100.6
0396e413-e165-427a-ba72-04cbae7b8ab0___RS_LB 4751.JPG,PlantVillage\Potato___Late_blight\0396e413-e165-427a-ba72-04cbae7b8ab0___RS_LB 4751.JPG,Potato___Late_blight,Late Blight,256,256,1.0,65536,12.41,135.28,147.86,136.31,34.17,30.24,39.8,139.82,35.42,-6.8,12.07,-5.26,Diseased,Small,Moderate,Green,139.82
03bab48b-962b-4c08-bc98-da95237d20ac___RS_LB 3190.JPG,PlantVillage\Potato___Late_blight\03bab48b-962b-4c08-bc98-da95237d20ac___RS_LB 3190.JPG,Potato___Late_blight,Late Blight,256,256,1.0,65536,18.79,121.8,119.56,99.78,49.67,44.26,54.51,113.71,50.63,12.14,8.76,-20.9,Diseased,Small,Moderate,Red,113.71
0441138d-5f9f-4ede-ab9a-49edabc605b3___RS_LB 4235.JPG,PlantVillage\Potato___Late_blight\0441138d-5f9f-4ede-ab9a-49edabc605b3___RS_LB 4235.JPG,Potato___Late_blight,Late Blight,256,256,1.0,65536,19.83,116.51,114.59,96.12,45.47,37.92,45.34,109.07,44.03,11.15,8.28,-19.42,Diseased,Small,Moderate,Red,109.07
0450570b-44d1-4290-956d-5d970164a2e2___RS_LB 5160.JPG,PlantVillage\Potato___Late_blight\0450570b-44d1-4290-956d-5d970164a2e2___RS_LB 5160.JPG,Potato___Late_blight,Late Blight,256,256,1.0,65536,15.29,95.83,107.63,94.81,43.47,35.12,50.08,99.42,43.71,-5.39,12.31,-6.92,Diseased,Small,Dark,Green,99.42
04b964fd-7033-4cdf-88ef-b1acbcd8183a___RS_LB 2783.JPG,PlantVillage\Potato___Late_blight\04b964fd-7033-4cdf-88ef-b1acbcd8183a___RS_LB 2783.JPG,Potato___Late_blight,Late Blight,256,256,1.0,65536,17.37,111.57,111.4,91.52,51.56,44.1,63.48,104.83,54.46,10.11,9.86,-19.96,Diseased,Small,Moderate,Red,104.83
04bbcc55-93d3-4a19-9137-8de036a8a4db___RS_LB 2647.JPG,PlantVillage\Potato___Late_blight\04bbcc55-93d3-4a19-9137-8de036a8a4db___RS_LB 2647.JPG,Potato___Late_blight,Late Blight,256,256,1.0,65536,14.97,113.1,117.26,107.23,56.99,50.71,64.97,112.53,58.0,0.85,7.1,-7.95,Diseased,Small,Moderate,Green,112.53
04ce7b2d-5e41-43c6-9e11-e1bc4f5e4cca___RS_LB 3224.JPG,PlantVillage\Potato___Late_blight\04ce7b2d-5e41-43c6-9e11-e1bc4f5e4cca___RS_LB 3224.JPG,Potato___Late_blight,Late Blight,256,256,1.0,65536,17.52,137.24,133.12,118.96,45.61,41.91,51.12,129.77,47.03,11.2,5.02,-16.22,Diseased,Small,Moderate,Red,129.77
04fe5855-ec9c-40b3-9893-ca8addc236bd___RS_LB 4913.JPG,PlantVillage\Potato___Late_blight\04fe5855-ec9c-40b3-9893-ca8addc236bd___RS_LB 4913.JPG,Potato___Late_blight,Late Blight,256,256,1.0,65536,19.95,133.14,132.28,116.11,36.85,31.54,43.94,127.17,38.59,8.94,7.66,-16.6,Diseased,Small,Moderate,Red,127.18
050b6d37-4056-4c6c-8359-d7823a488531___RS_LB 3944.JPG,PlantVillage\Potato___Late_blight\050b6d37-4056-4c6c-8359-d7823a488531___RS_LB 3944.JPG,Potato___Late_blight,Late Blight,256,256,1.0,65536,15.91,132.55,140.57,115.49,33.32,24.52,42.5,129.54,35.81,4.52,16.55,-21.07,Diseased,Small,Moderate,Green,129.54
051089cf-e083-4fdb-9256-aac12b8a55d2___RS_LB 4078.JPG,PlantVillage\Potato___Late_blight\051089cf-e083-4fdb-9256-aac12b8a55d2___RS_LB 4078.JPG,Potato___Late_blight,Late Blight,256,256,1.0,65536,11.39,104.59,118.88,107.41,36.8,26.04,37.26,110.29,34.33,-8.56,12.88,-4.32,Diseased,Small,Moderate,Green,110.29
0525ac6e-1d1f-4866-89bd-af4b8ba9c46b___RS_LB 4814.JPG,PlantVillage\Potato___Late_blight\0525ac6e-1d1f-4866-89bd-af4b8ba9c46b___RS_LB 4814.JPG,Potato___Late_blight,Late Blight,256,256,1.0,65536,19.19,125.79,124.57,104.8,45.86,43.63,54.53,118.39,49.19,11.1,9.27,-20.37,Diseased,Small,Moderate,Red,118.39
053c5330-129d-4515-84da-82a701710723___RS_LB 4576.JPG,PlantVillage\Potato___Late_blight\053c5330-129d-4515-84da-82a701710723___RS_LB 4576.JPG,Potato___Late_blight,Late Blight,256,256,1.0,65536,17.85,129.54,118.72,105.58,39.97,32.18,38.9,117.95,38.45,17.39,1.16,-18.55,Diseased,Small,Moderate,Red,117.95
05817623-2c4e-4517-88a1-fe81b9a73742___RS_LB 3920.JPG,PlantVillage\Potato___Late_blight\05817623-2c4e-4517-88a1-fe81b9a73742___RS_LB 3920.JPG,Potato___Late_blight,Late Blight,256,256,1.0,65536,16.67,129.46,130.28,111.82,39.33,31.58,47.43,123.85,40.87,8.41,9.64,-18.05,Diseased,Small,Moderate,Green,123.85
059c9129-51b7-4d6b-9b57-f22e87568a0a___RS_LB 5118.JPG,PlantVillage\Potato___Late_blight\059c9129-51b7-4d6b-9b57-f22e87568a0a___RS_LB 5118.JPG,Potato___Late_blight,Late Blight,256,256,1.0,65536,17.22,107.92,115.12,107.4,47.77,42.25,50.87,110.15,47.23,-3.34,7.46,-4.12,Diseased,Small,Moderate,Green,110.15
05a51957-779c-4a2f-bf2a-d1fb03947793___RS_LB 4772.JPG,PlantVillage\Potato___Late_blight\05a51957-779c-4a2f-bf2a-d1fb03947793___RS_LB 4772.JPG,Potato___Late_blight,Late Blight,256,256,1.0,65536,13.1,147.87,158.13,147.28,35.23,29.23,43.77,151.09,36.91,-4.83,10.55,-5.72,Diseased,Small,Bright,Green,151.09
05c29b23-ecdf-41fc-be67-910bb74cd67c___RS_LB 4016.JPG,PlantVillage\Potato___Late_blight\05c29b23-ecdf-41fc-be67-910bb74cd67c___RS_LB 4016.JPG,Potato___Late_blight,Late Blight,256,256,1.0,65536,12.9,110.57,108.6,102.92,30.12,24.62,38.33,107.36,31.7,4.8,1.86,-6.66,Diseased,Small,Moderate,Red,107.36
0651be8e-a2d1-4b8a-97b8-1dc89d79fd26___RS_LB 3261.JPG,PlantVillage\Potato___Late_blight\0651be8e-a2d1-4b8a-97b8-1dc89d79fd26___RS_LB 3261.JPG,Potato___Late_blight,Late Blight,256,256,1.0,65536,18.2,115.07,114.46,98.43,48.61,41.77,51.31,109.32,48.02,8.63,7.71,-16.34,Diseased,Small,Moderate,Red,109.32
06554e38-28ce-429d-b8e9-520e61e3c58f___RS_LB 2692.JPG,PlantVillage\Potato___Late_blight\06554e38-28ce-429d-b8e9-520e61e3c58f___RS_LB 2692.JPG,Potato___Late_blight,Late Blight,256,256,1.0,65536,15.36,124.81,128.97,110.38,45.82,39.51,53.98,121.39,47.49,5.14,11.38,-16.51,Diseased,Small,Moderate,Green,121.39
0736dad0-be93-484b-9e89-bcb825fefda1___RS_LB 5454.JPG,PlantVillage\Potato___Late_blight\0736dad0-be93-484b-9e89-bcb825fefda1___RS_LB 5454.JPG,Potato___Late_blight,Late Blight,256,256,1.0,65536,15.21,121.22,128.92,100.9,34.78,26.13,44.91,117.01,37.99,6.31,17.86,-24.17,Diseased,Small,Moderate,Green,117.01
073a7489-b8dd-4efc-8393-7f024fe8542a___RS_LB 2617.JPG,PlantVillage\Potato___Late_blight\073a7489-b8dd-4efc-8393-7f024fe8542a___RS_LB 2617.JPG,Potato___Late_blight,Late Blight,256,256,1.0,65536,15.34,97.45,100.11,89.13,41.62,39.14,51.72,95.56,44.74,2.82,6.83,-9.65,Diseased,Small,Dark,Green,95.56
07fea080-7f6b-48e9-b6b5-10d7daf57610___RS_LB 3210.JPG,PlantVillage\Potato___Late_blight\07fea080-7f6b-48e9-b6b5-10d7daf57610___RS_LB 3210.JPG,Potato___Late_blight,Late Blight,256,256,1.0,65536,17.66,136.17,132.35,110.25,46.04,40.47,55.44,126.26,49.07,14.87,9.14,-24.01,Diseased,Small,Moderate,Red,126.26
07ff77ae-07b4-4a2d-9c4a-bb89bb4fb1ef___RS_LB 2985.JPG,PlantVillage\Potato___Late_blight\07ff77ae-07b4-4a2d-9c4a-bb89bb4fb1ef___RS_LB 2985.JPG,Potato___Late_blight,Late Blight,256,256,1.0,65536,20.22,142.12,138.58,119.65,51.05,45.76,55.85,133.45,52.0,13.01,7.69,-20.7,Diseased,Small,Moderate,Red,133.45
08ce9666-2dda-4fa8-8d58-55bb9fa19484___RS_LB 3318.JPG,PlantVillage\Potato___Late_blight\08ce9666-2dda-4fa8-8d58-55bb9fa19484___RS_LB 3318.JPG,Potato___Late_blight,Late Blight,256,256,1.0,65536,18.71,127.5,125.67,108.71,53.28,48.18,57.87,120.62,53.93,10.31,7.57,-17.87,Diseased,Small,Moderate,Red,120.63
08ddae0c-5328-4183-b16e-c980f197e471___RS_LB 2845.JPG,PlantVillage\Potato___Late_blight\08ddae0c-5328-4183-b16e-c980f197e471___RS_LB 2845.JPG,Potato___Late_blight,Late Blight,256,256,1.0,65536,15.0,93.99,99.08,89.58,39.06,36.98,45.26,94.22,40.77,-0.34,7.3,-6.96,Diseased,Small,Dark,Green,94.22
09287918-9f73-4707-823f-f4331f5114a3___RS_LB 2604.JPG,PlantVillage\Potato___Late_blight\09287918-9f73-4707-823f-f4331f5114a3___RS_LB 2604.JPG,Potato___Late_blight,Late Blight,256,256,1.0,65536,14.37,99.15,103.87,98.43,38.59,34.4,44.25,100.48,39.36,-2.0,5.08,-3.07,Diseased,Small,Moderate,Green,100.48
09a215a1-a539-4635-a27f-232229ff11f4___RS_LB 4529.JPG,PlantVillage\Potato___Late_blight\09a215a1-a539-4635-a27f-232229ff11f4___RS_LB 4529.JPG,Potato___Late_blight,Late Blight,256,256,1.0,65536,18.9,125.54,114.59,94.93,47.04,46.48,45.81,111.69,48.14,20.78,4.36,-25.14,Diseased,Small,Moderate,Red,111.69
09a30eff-d386-456d-a6ce-ead7c0d6235b___RS_LB 5068.JPG,PlantVillage\Potato___Late_blight\09a30eff-d386-456d-a6ce-ead7c0d6235b___RS_LB 5068.JPG,Potato___Late_blight,Late Blight,256,256,1.0,65536,13.59,112.47,118.46,121.86,37.36,32.71,43.21,117.6,38.2,-7.7,1.3,6.4,Diseased,Small,Moderate,Blue,117.6
09fa42e4-1736-494e-8c46-50c6900586d6___RS_LB 5212.JPG,PlantVillage\Potato___Late_blight\09fa42e4-1736-494e-8c46-50c6900586d6___RS_LB 5212.JPG,Potato___Late_blight,Late Blight,256,256,1.0,65536,14.82,104.35,113.44,95.47,35.69,27.62,40.93,104.42,35.93,-0.1,13.52,-13.42,Diseased,Small,Moderate,Green,104.42
0acdc2b2-0dde-4073-8542-6fca275ab974___RS_LB 4857.JPG,PlantVillage\Potato___Late_blight\0acdc2b2-0dde-4073-8542-6fca275ab974___RS_LB 4857.JPG,Potato___Late_blight,Late Blight,256,256,1.0,65536,17.49,132.38,141.39,118.72,48.99,39.7,57.69,130.83,50.21,2.33,15.84,-18.16,Diseased,Small,Moderate,Green,130.83
0b092cda-db8c-489d-8c46-23ac3835310d___RS_LB 4480.JPG,PlantVillage\Potato___Late_blight\0b092cda-db8c-489d-8c46-23ac3835310d___RS_LB 4480.JPG,Potato___Late_blight,Late Blight,256,256,1.0,65536,21.79,127.85,115.16,99.16,45.3,41.26,48.14,114.06,46.49,20.69,1.66,-22.35,Diseased,Small,Moderate,Red,114.06
0b2bdc8e-90fd-4bb4-bedb-485502fe8a96___RS_LB 4906.JPG,PlantVillage\Potato___Late_blight\0b2bdc8e-90fd-4bb4-bedb-485502fe8a96___RS_LB 4906.JPG,Potato___Late_blight,Late Blight,256,256,1.0,65536,21.35,125.3,126.32,111.32,45.69,39.55,51.7,120.98,46.42,6.48,8.01,-14.49,Diseased,Small,Moderate,Green,120.98
0c2628d4-8d64-48a9-a157-19a9c902e304___RS_LB 4590.JPG,PlantVillage\Potato___Late_blight\0c2628d4-8d64-48a9-a157-19a9c902e304___RS_LB 4590.JPG,Potato___Late_blight,Late Blight,256,256,1.0,65536,15.13,102.54,105.67,95.92,46.47,40.45,48.78,101.38,45.55,1.75,6.44,-8.19,Diseased,Small,Moderate,Green,101.38
0c83302d-4233-4e98-8ecf-755a970495bb___RS_LB 4904.JPG,PlantVillage\Potato___Late_blight\0c83302d-4233-4e98-8ecf-755a970495bb___RS_LB 4904.JPG,Potato___Late_blight,Late Blight,256,256,1.0,65536,20.22,125.12,125.99,109.79,43.81,36.64,50.02,120.3,44.46,7.23,8.53,-15.76,Diseased,Small,Moderate,Green,120.3
0d8346e1-4624-4979-84e6-1353ca59007a___RS_LB 4079.JPG,PlantVillage\Potato___Late_blight\0d8346e1-4624-4979-84e6-1353ca59007a___RS_LB 4079.JPG,Potato___Late_blight,Late Blight,256,256,1.0,65536,12.18,89.73,104.28,94.04,37.32,26.54,39.06,96.02,35.28,-9.43,12.4,-2.97,Diseased,Small,Dark,Green,96.02
0e068694-63b7-4edf-a93d-f2e9f28efaa6___RS_LB 3923.JPG,PlantVillage\Potato___Late_blight\0e068694-63b7-4edf-a93d-f2e9f28efaa6___RS_LB 3923.JPG,Potato___Late_blight,Late Blight,256,256,1.0,65536,17.64,128.38,129.04,106.85,43.05,36.35,48.99,121.42,44.32,10.43,11.43,-21.86,Diseased,Small,Moderate,Green,121.42
0e7f0484-16eb-4183-b702-0a5b4f94d015___RS_LB 4000.JPG,PlantVillage\Potato___Late_blight\0e7f0484-16eb-4183-b702-0a5b4f94d015___RS_LB 4000.JPG,Potato___Late_blight,Late Blight,256,256,1.0,65536,11.58,91.28,106.6,97.93,35.63,23.74,35.62,98.6,32.76,-10.99,11.99,-1.01,Diseased,Small,Dark,Green,98.6
0eb24a67-a174-43db-86c7-cca8795942a2___RS_LB 4722.JPG,PlantVillage\Potato___Late_blight\0eb24a67-a174-43db-86c7-cca8795942a2___RS_LB 4722.JPG,Potato___Late_blight,Late Blight,256,256,1.0,65536,15.19,109.63,119.12,104.63,35.93,35.89,44.82,111.13,39.56,-2.25,12.0,-9.75,Diseased,Small,Moderate,Green,111.13
0eb28ea9-c9e4-4999-9de2-835682241e53___RS_LB 2708.JPG,PlantVillage\Potato___Late_blight\0eb28ea9-c9e4-4999-9de2-835682241e53___RS_LB 2708.JPG,Potato___Late_blight,Late Blight,256,256,1.0,65536,16.81,131.04,133.68,114.96,51.96,46.36,56.25,126.56,52.34,6.72,10.68,-17.4,Diseased,Small,Moderate,Green,126.56
0f1fb568-1b12-45ef-ad99-c59fa9075693___RS_LB 3242.JPG,PlantVillage\Potato___Late_blight\0f1fb568-1b12-45ef-ad99-c59fa9075693___RS_LB 3242.JPG,Potato___Late_blight,Late Blight,256,256,1.0,65536,18.21,119.52,118.95,106.78,50.11,41.11,50.89,115.08,47.94,6.66,5.8,-12.46,Diseased,Small,Moderate,Red,115.08
0f243024-b1fa-4f96-ac7e-ecaf6dc5bc37___RS_LB 4925.JPG,PlantVillage\Potato___Late_blight\0f243024-b1fa-4f96-ac7e-ecaf6dc5bc37___RS_LB 4925.JPG,Potato___Late_blight,Late Blight,256,256,1.0,65536,19.57,128.36,124.97,113.16,46.99,43.23,52.15,122.16,48.04,9.3,4.21,-13.5,Diseased,Small,Moderate,Red,122.16
0f50da52-cb4a-4391-982a-d6cf9c9d9917___RS_LB 2581.JPG,PlantVillage\Potato___Late_blight\0f50da52-cb4a-4391-982a-d6cf9c9d9917___RS_LB 2581.JPG,Potato___Late_blight,Late Blight,256,256,1.0,65536,16.92,139.76,142.3,124.79,49.04,40.33,52.76,135.62,48.29,6.22,10.03,-16.24,Diseased,Small,Moderate,Green,135.62
0f6eac3b-d674-4c4d-ab3a-88689feec07f___RS_LB 5232.JPG,PlantVillage\Potato___Late_blight\0f6eac3b-d674-4c4d-ab3a-88689feec07f___RS_LB 5232.JPG,Potato___Late_blight,Late Blight,256,256,1.0,65536,14.2,119.69,126.57,115.44,36.93,30.7,42.83,120.57,37.43,-1.31,9.01,-7.7,Diseased,Small,Moderate,Green,120.57
0f824e18-3821-486c-81a1-f1f64cf6e767___RS_LB 4894.JPG,PlantVillage\Potato___Late_blight\0f824e18-3821-486c-81a1-f1f64cf6e767___RS_LB 4894.JPG,Potato___Late_blight,Late Blight,256,256,1.0,65536,17.28,136.98,141.39,122.63,48.06,41.7,56.14,133.67,49.64,4.98,11.58,-16.56,Diseased,Small,Moderate,Green,133.67
0fe7786d-0e2f-4705-839d-898f1d9214b0___RS_LB 2836.JPG,PlantVillage\Potato___Late_blight\0fe7786d-0e2f-4705-839d-898f1d9214b0___RS_LB 2836.JPG,Potato___Late_blight,Late Blight,256,256,1.0,65536,16.46,99.82,105.64,94.78,37.04,30.45,42.73,100.08,37.35,-0.39,8.34,-7.95,Diseased,Small,Moderate,Green,100.08
108aa677-2b51-4d8b-8533-40fba50a275d___RS_LB 3046.JPG,PlantVillage\Potato___Late_blight\108aa677-2b51-4d8b-8533-40fba50a275d___RS_LB 3046.JPG,Potato___Late_blight,Late Blight,256,256,1.0,65536,15.84,119.72,114.7,104.14,39.32,35.72,48.01,112.86,41.85,10.3,2.77,-13.07,Diseased,Small,Moderate,Red,112.85
10f41035-20e2-4037-96b6-474ce343d6c2___RS_LB 2725.JPG,PlantVillage\Potato___Late_blight\10f41035-20e2-4037-96b6-474ce343d6c2___RS_LB 2725.JPG,Potato___Late_blight,Late Blight,256,256,1.0,65536,18.49,140.02,135.44,114.52,58.29,53.42,69.28,129.99,61.7,15.04,8.17,-23.21,Diseased,Small,Moderate,Red,129.99
127521ec-3cc5-4f98-ac73-ad561ec29e73___RS_LB 3219.JPG,PlantVillage\Potato___Late_blight\127521ec-3cc5-4f98-ac73-ad561ec29e73___RS_LB 3219.JPG,Potato___Late_blight,Late Blight,256,256,1.0,65536,21.0,126.54,116.93,104.21,56.86,53.78,59.41,115.89,57.46,15.97,1.55,-17.52,Diseased,Small,Moderate,Red,115.89
12ce2ab1-14c4-4960-81d4-e6ae776510e9___RS_LB 2880.JPG,PlantVillage\Potato___Late_blight\12ce2ab1-14c4-4960-81d4-e6ae776510e9___RS_LB 2880.JPG,Potato___Late_blight,Late Blight,256,256,1.0,65536,14.59,102.89,96.66,87.81,45.16,43.72,50.87,95.79,47.09,10.66,1.31,-11.97,Diseased,Small,Dark,Red,95.79
12d72127-7880-4481-b3c6-caff04116a86___RS_LB 2632.JPG,PlantVillage\Potato___Late_blight\12d72127-7880-4481-b3c6-caff04116a86___RS_LB 2632.JPG,Potato___Late_blight,Late Blight,256,256,1.0,65536,15.41,106.21,108.58,93.8,37.76,30.71,45.52,102.86,39.02,5.02,8.58,-13.6,Diseased,Small,Moderate,Green,102.86
12e2c9b5-fbfc-4bc9-898b-86ead976a615___RS_LB 2702.JPG,PlantVillage\Potato___Late_blight\12e2c9b5-fbfc-4bc9-898b-86ead976a615___RS_LB 2702.JPG,Potato___Late_blight,Late Blight,256,256,1.0,65536,16.78,127.42,131.77,110.35,47.31,40.1,53.05,123.18,48.02,6.36,12.88,-19.25,Diseased,Small,Moderate,Green,123.18
1338edcb-9e0e-458c-845e-206b869f9199___RS_LB 3205.JPG,PlantVillage\Potato___Late_blight\1338edcb-9e0e-458c-845e-206b869f9199___RS_LB 3205.JPG,Potato___Late_blight,Late Blight,256,256,1.0,65536,18.38,125.86,124.4,107.27,51.01,45.66,55.9,119.18,51.72,10.02,7.84,-17.86,Diseased,Small,Moderate,Red,119.18
13b1b19c-6720-4238-b384-4c86ea119ace___RS_LB 2765.JPG,PlantVillage\Potato___Late_blight\13b1b19c-6720-4238-b384-4c86ea119ace___RS_LB 2765.JPG,Potato___Late_blight,Late Blight,256,256,1.0,65536,17.17,110.73,110.63,96.43,51.43,46.21,56.42,105.93,51.96,7.2,7.05,-14.25,Diseased,Small,Moderate,Red,105.93
140cad58-de9c-44b8-afb4-af5751e2e012___RS_LB 3247.JPG,PlantVillage\Potato___Late_blight\140cad58-de9c-44b8-afb4-af5751e2e012___RS_LB 3247.JPG,Potato___Late_blight,Late Blight,256,256,1.0,65536,17.94,126.43,120.07,110.01,54.29,48.69,56.46,118.84,53.68,11.38,1.85,-13.24,Diseased,Small,Moderate,Red,118.84
145216a1-aab7-4f40-851d-a56c436ad0e3___RS_LB 2715.JPG,PlantVillage\Potato___Late_blight\145216a1-aab7-4f40-851d-a56c436ad0e3___RS_LB 2715.JPG,Potato___Late_blight,Late Blight,256,256,1.0,65536,17.01,140.68,147.02,119.39,54.24,44.32,61.22,135.7,54.99,7.48,16.99,-24.46,Diseased,Small,Moderate,Green,135.7
14691d2b-446b-4f0e-921b-60d3b76cbf03___RS_LB 2518.JPG,PlantVillage\Potato___Late_blight\14691d2b-446b-4f0e-921b-60d3b76cbf03___RS_LB 2518.JPG,Potato___Late_blight,Late Blight,256,256,1.0,65536,18.06,121.26,125.19,105.09,56.5,51.34,59.73,117.18,56.63,6.12,12.01,-18.14,Diseased,Small,Moderate,Green,117.18
146c4ea6-cf74-4607-9b8e-19c69c85ec86___RS_LB 4641.JPG,PlantVillage\Potato___Late_blight\146c4ea6-cf74-4607-9b8e-19c69c85ec86___RS_LB 4641.JPG,Potato___Late_blight,Late Blight,256,256,1.0,65536,17.45,121.11,114.31,101.42,48.27,44.48,49.97,112.28,48.32,13.25,3.04,-16.29,Diseased,Small,Moderate,Red,112.28
14b29609-0bde-4d56-ac07-5db1b6df6fce___RS_LB 4983.JPG,PlantVillage\Potato___Late_blight\14b29609-0bde-4d56-ac07-5db1b6df6fce___RS_LB 4983.JPG,Potato___Late_blight,Late Blight,256,256,1.0,65536,19.83,122.81,130.38,109.46,47.97,40.88,54.7,120.88,48.95,2.89,14.25,-17.14,Diseased,Small,Moderate,Green,120.88
152ffbeb-7dda-4313-a792-9faf68c017bf___RS_LB 2830.JPG,PlantVillage\Potato___Late_blight\152ffbeb-7dda-4313-a792-9faf68c017bf___RS_LB 2830.JPG,Potato___Late_blight,Late Blight,256,256,1.0,65536,16.22,111.97,119.75,108.54,44.99,35.53,49.28,113.42,43.9,-2.17,9.49,-7.32,Diseased,Small,Moderate,Green,113.42
1531198a-c611-47ee-af7d-7b124b863870___RS_LB 4793.JPG,PlantVillage\Potato___Late_blight\1531198a-c611-47ee-af7d-7b124b863870___RS_LB 4793.JPG,Potato___Late_blight,Late Blight,256,256,1.0,65536,16.19,99.73,109.88,84.96,46.83,38.49,55.0,98.19,48.35,2.31,17.53,-19.84,Diseased,Small,Dark,Green,98.19
1562e8f9-f2d1-43b3-8deb-6b1687bd20dc___RS_LB 2726.JPG,PlantVillage\Potato___Late_blight\1562e8f9-f2d1-43b3-8deb-6b1687bd20dc___RS_LB 2726.JPG,Potato___Late_blight,Late Blight,256,256,1.0,65536,17.16,109.61,106.32,87.01,44.74,42.2,51.07,100.98,47.22,12.94,8.01,-20.95,Diseased,Small,Moderate,Red,100.98
1650365d-437c-4d36-b110-113a88c1090a___RS_LB 5459.JPG,PlantVillage\Potato___Late_blight\1650365d-437c-4d36-b110-113a88c1090a___RS_LB 5459.JPG,Potato___Late_blight,Late Blight,256,256,1.0,65536,15.65,99.92,105.63,79.46,32.27,25.64,41.12,95.0,35.44,7.38,15.94,-23.32,Diseased,Small,Dark,Green,95.0
16e37160-9dca-4110-a914-955304e7daf5___RS_LB 3033.JPG,PlantVillage\Potato___Late_blight\16e37160-9dca-4110-a914-955304e7daf5___RS_LB 3033.JPG,Potato___Late_blight,Late Blight,256,256,1.0,65536,15.26,89.43,90.7,78.46,40.04,38.86,44.31,86.2,41.5,4.85,6.76,-11.61,Diseased,Small,Dark,Green,86.2
1736a728-bae9-4133-bfca-60a7c3b6382c___RS_LB 4855.JPG,PlantVillage\Potato___Late_blight\1736a728-bae9-4133-bfca-60a7c3b6382c___RS_LB 4855.JPG,Potato___Late_blight,Late Blight,256,256,1.0,65536,17.76,121.71,131.17,107.1,44.75,34.03,51.79,119.99,45.23,2.57,16.77,-19.34,Diseased,Small,Moderate,Green,119.99
17515ff9-075f-45a2-b8e6-1b8ba25c293d___RS_LB 4980.JPG,PlantVillage\Potato___Late_blight\17515ff9-075f-45a2-b8e6-1b8ba25c293d___RS_LB 4980.JPG,Potato___Late_blight,Late Blight,256,256,1.0,65536,19.99,124.69,133.3,109.45,46.93,40.85,53.79,122.48,48.5,3.31,16.23,-19.54,Diseased,Small,Moderate,Green,122.48
1757f48b-435b-4c4a-9de6-47b959ed1e67___RS_LB 5295.JPG,PlantVillage\Potato___Late_blight\1757f48b-435b-4c4a-9de6-47b959ed1e67___RS_LB 5295.JPG,Potato___Late_blight,Late Blight,256,256,1.0,65536,16.74,102.24,107.93,92.88,38.61,34.51,42.08,101.02,39.02,1.83,10.37,-12.2,Diseased,Small,Moderate,Green,101.02
1789b0d1-d850-4e04-8a20-bc3901d4ab0a___RS_LB 5251.JPG,PlantVillage\Potato___Late_blight\1789b0d1-d850-4e04-8a20-bc3901d4ab0a___RS_LB 5251.JPG,Potato___Late_blight,Late Blight,256,256,1.0,65536,14.64,106.81,118.93,101.01,36.23,26.66,38.7,108.92,35.06,-3.16,15.02,-11.86,Diseased,Small,Moderate,Green,108.92
17a07992-ebb9-4368-8cb7-4af40d8ded08___RS_LB 3064.JPG,PlantVillage\Potato___Late_blight\17a07992-ebb9-4368-8cb7-4af40d8ded08___RS_LB 3064.JPG,Potato___Late_blight,Late Blight,256,256,1.0,65536,15.67,112.74,111.48,98.82,48.04,46.08,55.33,107.68,50.37,7.59,5.7,-13.29,Diseased,Small,Moderate,Red,107.68
17d846d2-f2b7-4ba2-847c-7561159334a3___RS_LB 2695.JPG,PlantVillage\Potato___Late_blight\17d846d2-f2b7-4ba2-847c-7561159334a3___RS_LB 2695.JPG,Potato___Late_blight,Late Blight,256,256,1.0,65536,14.73,101.96,103.44,95.89,41.0,35.32,48.27,100.43,42.0,2.29,4.51,-6.8,Diseased,Small,Moderate,Green,100.43
17ed933e-629f-4db2-b4f3-865f69d43589___RS_LB 2599.JPG,PlantVillage\Potato___Late_blight\17ed933e-629f-4db2-b4f3-865f69d43589___RS_LB 2599.JPG,Potato___Late_blight,Late Blight,256,256,1.0,65536,14.24,85.01,91.6,87.04,39.99,31.51,44.2,87.88,39.02,-4.31,5.58,-1.26,Diseased,Small,Dark,Green,87.88
17f8da33-18e6-454b-b9dc-a34c8dd52591___RS_LB 2945.JPG,PlantVillage\Potato___Late_blight\17f8da33-18e6-454b-b9dc-a34c8dd52591___RS_LB 2945.JPG,Potato___Late_blight,Late Blight,256,256,1.0,65536,15.25,101.86,103.94,95.48,42.71,38.67,51.27,100.43,44.68,2.14,5.27,-7.42,Diseased,Small,Moderate,Green,100.43
19323229-6fdc-4231-bd3e-a46ddcff2111___RS_LB 3196.JPG,PlantVillage\Potato___Late_blight\19323229-6fdc-4231-bd3e-a46ddcff2111___RS_LB 3196.JPG,Potato___Late_blight,Late Blight,256,256,1.0,65536,17.4,133.67,129.68,119.54,50.93,43.58,53.85,127.63,50.0,9.06,3.07,-12.14,Diseased,Small,Moderate,Red,127.63
19393f68-e96c-4c93-b4d1-39e1c54e53b1___RS_LB 4051.JPG,PlantVillage\Potato___Late_blight\19393f68-e96c-4c93-b4d1-39e1c54e53b1___RS_LB 4051.JPG,Potato___Late_blight,Late Blight,256,256,1.0,65536,11.49,114.79,124.31,119.6,41.43,26.77,46.05,119.57,39.15,-7.17,7.11,0.06,Diseased,Small,Moderate,Green,119.57
19d8aac3-db88-4a07-84f2-40f7597c2a25___RS_LB 3867.JPG,PlantVillage\Potato___Late_blight\19d8aac3-db88-4a07-84f2-40f7597c2a25___RS_LB 3867.JPG,Potato___Late_blight,Late Blight,256,256,1.0,65536,14.14,120.71,134.15,114.04,39.22,25.51,41.41,122.97,37.03,-3.38,16.77,-13.39,Diseased,Small,Moderate,Green,122.97
1a146bf4-5696-4e19-842e-9e0e1ac7ac6d___RS_LB 5023.JPG,PlantVillage\Potato___Late_blight\1a146bf4-5696-4e19-842e-9e0e1ac7ac6d___RS_LB 5023.JPG,Potato___Late_blight,Late Blight,256,256,1.0,65536,13.63,109.72,122.1,114.32,43.34,33.0,53.74,115.38,44.47,-8.49,10.08,-1.59,Diseased,Small,Moderate,Green,115.38
1a18d84a-8811-4806-830f-d10e98b1800e___RS_LB 3919.JPG,PlantVillage\Potato___Late_blight\1a18d84a-8811-4806-830f-d10e98b1800e___RS_LB 3919.JPG,Potato___Late_blight,Late Blight,256,256,1.0,65536,15.85,126.27,127.64,109.81,43.0,35.11,49.8,121.24,43.81,7.54,9.6,-17.14,Diseased,Small,Moderate,Green,121.24
1a5f4258-21df-4334-a933-2ef073c932ba___RS_LB 3089.JPG,PlantVillage\Potato___Late_blight\1a5f4258-21df-4334-a933-2ef073c932ba___RS_LB 3089.JPG,Potato___Late_blight,Late Blight,256,256,1.0,65536,18.6,144.87,142.78,128.49,54.7,49.09,59.3,138.71,55.0,9.23,6.1,-15.33,Diseased,Small,Moderate,Red,138.71
1a674846-9d13-4a7f-ba03-8931c5dd3d2c___RS_LB 2768.JPG,PlantVillage\Potato___Late_blight\1a674846-9d13-4a7f-ba03-8931c5dd3d2c___RS_LB 2768.JPG,Potato___Late_blight,Late Blight,256,256,1.0,65536,16.57,109.23,107.98,92.54,54.44,49.55,58.92,103.25,54.96,8.97,7.1,-16.07,Diseased,Small,Moderate,Red,103.25
1a68ab56-2000-4d7a-ad4a-88d300104b7d___RS_LB 2594.JPG,PlantVillage\Potato___Late_blight\1a68ab56-2000-4d7a-ad4a-88d300104b7d___RS_LB 2594.JPG,Potato___Late_blight,Late Blight,256,256,1.0,65536,17.5,109.13,117.87,110.18,44.26,34.12,49.75,112.39,43.37,-4.89,8.21,-3.32,Diseased,Small,Moderate,Green,112.39
1a6fc494-81dd-4649-ad8d-a5a6e58a2aa7___RS_LB 2618.JPG,PlantVillage\Potato___Late_blight\1a6fc494-81dd-4649-ad8d-a5a6e58a2aa7___RS_LB 2618.JPG,Potato___Late_blight,Late Blight,256,256,1.0,65536,15.48,98.2,100.11,91.95,37.31,34.41,45.72,96.76,39.6,2.17,5.04,-7.21,Diseased,Small,Dark,Green,96.75
1ab62af3-c0a5-4fab-bb62-e06d6f7ddb59___RS_LB 2908.JPG,PlantVillage\Potato___Late_blight\1ab62af3-c0a5-4fab-bb62-e06d6f7ddb59___RS_LB 2908.JPG,Potato___Late_blight,Late Blight,256,256,1.0,65536,15.64,106.28,103.91,93.52,38.04,34.56,45.36,101.24,39.96,7.56,4.01,-11.57,Diseased,Small,Moderate,Red,101.24
1b7342d7-5d89-4ee3-8b4f-587d79187511___RS_LB 4416.JPG,PlantVillage\Potato___Late_blight\1b7342d7-5d89-4ee3-8b4f-587d79187511___RS_LB 4416.JPG,Potato___Late_blight,Late Blight,256,256,1.0,65536,19.05,130.29,124.22,105.47,48.11,44.01,51.09,119.99,48.98,15.44,6.34,-21.79,Diseased,Small,Moderate,Red,119.99
1b8ae46e-1202-4715-8ad1-fd18046c42d3___RS_LB 3880.JPG,PlantVillage\Potato___Late_blight\1b8ae46e-1202-4715-8ad1-fd18046c42d3___RS_LB 3880.JPG,Potato___Late_blight,Late Blight,256,256,1.0,65536,13.38,119.24,126.07,114.56,38.37,26.28,43.23,119.96,36.97,-1.07,9.17,-8.1,Diseased,Small,Moderate,Green,119.96
1b8f80ae-38a2-4d08-ae92-f80ff4459a73___RS_LB 2554.JPG,PlantVillage\Potato___Late_blight\1b8f80ae-38a2-4d08-ae92-f80ff4459a73___RS_LB 2554.JPG,Potato___Late_blight,Late Blight,256,256,1.0,65536,17.72,113.91,113.66,99.82,46.58,40.37,50.89,109.13,46.62,7.17,6.8,-13.97,Diseased,Small,Moderate,Red,109.13
1c207156-339d-4ec9-9153-9edb3bc95b5f___RS_LB 4833.JPG,PlantVillage\Potato___Late_blight\1c207156-339d-4ec9-9153-9edb3bc95b5f___RS_LB 4833.JPG,Potato___Late_blight,Late Blight,256,256,1.0,65536,18.89,125.38,124.84,109.52,41.76,37.02,47.63,119.92,42.99,8.2,7.39,-15.59,Diseased,Small,Moderate,Red,119.91
1c6412c9-45ce-4814-af8d-274f4e3c9c4e___RS_LB 2746.JPG,PlantVillage\Potato___Late_blight\1c6412c9-45ce-4814-af8d-274f4e3c9c4e___RS_LB 2746.JPG,Potato___Late_blight,Late Blight,256,256,1.0,65536,19.14,126.8,124.85,108.45,54.53,49.41,58.62,120.03,54.94,10.15,7.22,-17.37,Diseased,Small,Moderate,Red,120.03
1c6ec55e-182e-4b7c-b416-07029edfc970___RS_LB 3950.JPG,PlantVillage\Potato___Late_blight\1c6ec55e-182e-4b7c-b416-07029edfc970___RS_LB 3950.JPG,Potato___Late_blight,Late Blight,256,256,1.0,65536,15.96,128.45,135.4,110.06,36.91,27.53,43.83,124.64,38.23,5.71,16.15,-21.86,Diseased,Small,Moderate,Green,124.64
1cd053f6-0016-4680-a924-af15aecd7fb2___RS_LB 4414.JPG,PlantVillage\Potato___Late_blight\1cd053f6-0016-4680-a924-af15aecd7fb2___RS_LB 4414.JPG,Potato___Late_blight,Late Blight,256,256,1.0,65536,18.03,127.9,122.44,99.63,55.03,43.49,57.37,116.65,53.73,16.86,8.68,-25.54,Diseased,Small,Moderate,Red,116.66
1cd0b065-e637-4307-9e0a-9c20dc44cc59___RS_LB 4784.JPG,PlantVillage\Potato___Late_blight\1cd0b065-e637-4307-9e0a-9c20dc44cc59___RS_LB 4784.JPG,Potato___Late_blight,Late Blight,256,256,1.0,65536,19.72,126.07,129.21,109.99,41.99,40.38,49.28,121.76,44.85,6.47,11.18,-17.65,Diseased,Small,Moderate,Green,121.76
1cffe6a1-6fb3-4506-846c-478148a2b678___RS_LB 4380.JPG,PlantVillage\Potato___Late_blight\1cffe6a1-6fb3-4506-846c-478148a2b678___RS_LB 4380.JPG,Potato___Late_blight,Late Blight,256,256,1.0,65536,12.23,113.71,117.45,104.68,41.62,43.57,46.56,111.95,44.29,2.65,8.25,-10.9,Diseased,Small,Moderate,Green,111.95
1d05837e-11e4-40a4-8bd5-cfe5ad67365a___RS_LB 5428.JPG,PlantVillage\Potato___Late_blight\1d05837e-11e4-40a4-8bd5-cfe5ad67365a___RS_LB 5428.JPG,Potato___Late_blight,Late Blight,256,256,1.0,65536,12.61,85.27,100.13,93.02,40.32,31.14,43.59,92.81,39.18,-11.31,10.99,0.32,Diseased,Small,Dark,Green,92.81
1d389389-0585-433a-83c7-30b42db2ca3f___RS_LB 3322.JPG,PlantVillage\Potato___Late_blight\1d389389-0585-433a-83c7-30b42db2ca3f___RS_LB 3322.JPG,Potato___Late_blight,Late Blight,256,256,1.0,65536,19.29,117.44,113.32,101.98,54.3,50.51,57.71,110.92,54.64,9.78,3.61,-13.4,Diseased,Small,Moderate,Red,110.91
1d4acd15-f2b9-4a2e-87da-9d5a2cc6a642___RS_LB 2752.JPG,PlantVillage\Potato___Late_blight\1d4acd15-f2b9-4a2e-87da-9d5a2cc6a642___RS_LB 2752.JPG,Potato___Late_blight,Late Blight,256,256,1.0,65536,19.88,117.18,113.51,92.37,48.18,43.36,51.68,107.69,49.09,14.24,8.73,-22.98,Diseased,Small,Moderate,Red,107.69
1dc41475-aa79-43f1-8648-0c8733d246ca___RS_LB 3319.JPG,PlantVillage\Potato___Late_blight\1dc41475-aa79-43f1-8648-0c8733d246ca___RS_LB 3319.JPG,Potato___Late_blight,Late Blight,256,256,1.0,65536,17.79,129.94,127.86,112.45,50.52,44.75,54.44,123.42,50.67,9.79,6.66,-16.45,Diseased,Small,Moderate,Red,123.42
1e0326a5-b208-447f-9d60-f788ec4b6e3f___RS_LB 4526.JPG,PlantVillage\Potato___Late_blight\1e0326a5-b208-447f-9d60-f788ec4b6e3f___RS_LB 4526.JPG,Potato___Late_blight,Late Blight,256,256,1.0,65536,21.3,140.39,127.29,113.55,46.72,44.19,50.89,127.08,48.6,19.97,0.31,-20.29,Diseased,Small,Moderate,Red,127.08
1e1fde7a-c535-49fd-9670-629f7fb9cb3d___RS_LB 3949.JPG,PlantVillage\Potato___Late_blight\1e1fde7a-c535-49fd-9670-629f7fb9cb3d___RS_LB 3949.JPG,Potato___Late_blight,Late Blight,256,256,1.0,65536,14.73,126.44,128.71,107.18,44.28,35.33,49.47,120.78,44.48,8.5,11.9,-20.4,Diseased,Small,Moderate,Green,120.78
1e3e04cc-3778-4d78-b8f9-d60faa0534b0___RS_LB 5246.JPG,PlantVillage\Potato___Late_blight\1e3e04cc-3778-4d78-b8f9-d60faa0534b0___RS_LB 5246.JPG,Potato___Late_blight,Late Blight,256,256,1.0,65536,13.61,108.54,114.08,103.29,37.38,30.39,42.63,108.64,37.4,-0.15,8.16,-8.02,Diseased,Small,Moderate,Green,108.64
1e69b122-3920-4c4a-bfff-a18f3d6c3f89___RS_LB 4766.JPG,PlantVillage\Potato___Late_blight\1e69b122-3920-4c4a-bfff-a18f3d6c3f89___RS_LB 4766.JPG,Potato___Late_blight,Late Blight,256,256,1.0,65536,12.72,151.42,160.08,150.13,34.36,30.77,43.06,153.88,36.7,-3.68,9.31,-5.63,Diseased,Small,Bright,Green,153.88
1ed357f9-f036-4bf2-b180-1588976eb116___RS_LB 3005.JPG,PlantVillage\Potato___Late_blight\1ed357f9-f036-4bf2-b180-1588976eb116___RS_LB 3005.JPG,Potato___Late_blight,Late Blight,256,256,1.0,65536,15.39,120.85,119.52,97.61,35.27,37.38,43.91,112.66,40.46,12.28,10.29,-22.57,Diseased,Small,Moderate,Red,112.66
1f440bb7-e35d-4bc9-a807-81dac78c54b8___RS_LB 2727.JPG,PlantVillage\Potato___Late_blight\1f440bb7-e35d-4bc9-a807-81dac78c54b8___RS_LB 2727.JPG,Potato___Late_blight,Late Blight,256,256,1.0,65536,18.16,125.89,121.77,104.85,52.99,51.42,58.6,117.5,55.18,12.58,6.4,-18.98,Diseased,Small,Moderate,Red,117.5
1f560f09-0b70-40c9-b907-4cac9ba47b8d___RS_LB 3184.JPG,PlantVillage\Potato___Late_blight\1f560f09-0b70-40c9-b907-4cac9ba47b8d___RS_LB 3184.JPG,Potato___Late_blight,Late Blight,256,256,1.0,65536,16.2,99.93,96.86,81.71,55.17,50.65,57.87,92.84,55.22,10.64,6.04,-16.68,Diseased,Small,Dark,Red,92.83
1f84da28-3025-4cc0-8815-5b6b60205956___RS_LB 3326.JPG,PlantVillage\Potato___Late_blight\1f84da28-3025-4cc0-8815-5b6b60205956___RS_LB 3326.JPG,Potato___Late_blight,Late Blight,256,256,1.0,65536,19.19,115.92,110.28,98.35,53.3,50.53,56.42,108.18,53.97,11.61,3.15,-14.75,Diseased,Small,Moderate,Red,108.18
1fa9afe6-69ab-4206-a8b5-487531391a37___RS_LB 3006.JPG,PlantVillage\Potato___Late_blight\1fa9afe6-69ab-4206-a8b5-487531391a37___RS_LB 3006.JPG,Potato___Late_blight,Late Blight,256,256,1.0,65536,15.46,113.3,112.38,87.61,35.0,34.61,45.01,104.43,40.3,13.3,11.93,-25.23,Diseased,Small,Moderate,Red,104.43
201186ce-cec5-47ef-9f88-bd8c4abab2c8___RS_LB 2813.JPG,PlantVillage\Potato___Late_blight\201186ce-cec5-47ef-9f88-bd8c4abab2c8___RS_LB 2813.JPG,Potato___Late_blight,Late Blight,256,256,1.0,65536,18.57,134.49,138.96,116.84,47.31,41.9,52.69,130.1,48.46,6.59,13.3,-19.89,Diseased,Small,Moderate,Green,130.1
20880dc9-069c-40e5-81be-6d6e33f9519c___RS_LB 4098.JPG,PlantVillage\Potato___Late_blight\20880dc9-069c-40e5-81be-6d6e33f9519c___RS_LB 4098.JPG,Potato___Late_blight,Late Blight,256,256,1.0,65536,13.43,110.34,122.9,96.98,42.14,28.12,50.27,110.07,42.54,0.39,19.24,-19.63,Diseased,Small,Moderate,Green,110.07
20e59080-5a86-4aa8-b5b1-d886a4b273b7___RS_LB 3165.JPG,PlantVillage\Potato___Late_blight\20e59080-5a86-4aa8-b5b1-d886a4b273b7___RS_LB 3165.JPG,Potato___Late_blight,Late Blight,256,256,1.0,65536,19.63,129.02,124.93,111.44,44.65,39.06,49.02,121.8,45.06,10.84,4.7,-15.54,Diseased,Small,Moderate,Red,121.8
2122118e-02ee-452b-864c-adf36ed5ce9c___RS_LB 2890.JPG,PlantVillage\Potato___Late_blight\2122118e-02ee-452b-864c-adf36ed5ce9c___RS_LB 2890.JPG,Potato___Late_blight,Late Blight,256,256,1.0,65536,14.17,84.99,89.93,76.6,41.85,33.38,46.3,83.84,41.23,1.73,9.14,-10.86,Diseased,Small,Dark,Green,83.84
21d8b66f-1ea5-48ad-92e2-9f708a969b7f___RS_LB 4097.JPG,PlantVillage\Potato___Late_blight\21d8b66f-1ea5-48ad-92e2-9f708a969b7f___RS_LB 4097.JPG,Potato___Late_blight,Late Blight,256,256,1.0,65536,14.33,101.0,111.45,90.1,38.99,28.02,46.08,100.85,39.4,0.22,15.9,-16.13,Diseased,Small,Moderate,Green,100.85
224d9d63-c097-4142-b1a6-56f88a7bae2e___RS_LB 2630.JPG,PlantVillage\Potato___Late_blight\224d9d63-c097-4142-b1a6-56f88a7bae2e___RS_LB 2630.JPG,Potato___Late_blight,Late Blight,256,256,1.0,65536,14.71,110.99,114.37,102.41,36.25,32.84,43.85,109.26,38.26,2.59,7.67,-10.27,Diseased,Small,Moderate,Green,109.26
2269e6d9-bb15-49f1-8349-2f0126165960___RS_LB 3197.JPG,PlantVillage\Potato___Late_blight\2269e6d9-bb15-49f1-8349-2f0126165960___RS_LB 3197.JPG,Potato___Late_blight,Late Blight,256,256,1.0,65536,19.2,132.78,128.87,115.17,55.29,48.53,58.02,125.61,54.62,10.77,4.9,-15.66,Diseased,Small,Moderate,Red,125.61
227f2f04-4d59-48d9-958d-5cccc70d3f2b___RS_LB 2772.JPG,PlantVillage\Potato___Late_blight\227f2f04-4d59-48d9-958d-5cccc70d3f2b___RS_LB 2772.JPG,Potato___Late_blight,Late Blight,256,256,1.0,65536,15.97,110.32,111.08,91.02,41.28,40.99,47.88,104.14,44.48,9.27,10.41,-19.68,Diseased,Small,Moderate,Green,104.14
22b19227-ae7e-495e-9fe0-d286fbcf9412___RS_LB 3996.JPG,PlantVillage\Potato___Late_blight\22b19227-ae7e-495e-9fe0-d286fbcf9412___RS_LB 3996.JPG,Potato___Late_blight,Late Blight,256,256,1.0,65536,16.98,105.86,115.26,94.86,44.95,32.04,46.29,105.32,42.42,0.8,14.9,-15.69,Diseased,Small,Moderate,Green,105.33
22bd2a18-a4ba-4c9a-a4d3-2dabc295ccbc___RS_LB 4759.JPG,PlantVillage\Potato___Late_blight\22bd2a18-a4ba-4c9a-a4d3-2dabc295ccbc___RS_LB 4759.JPG,Potato___Late_blight,Late Blight,256,256,1.0,65536,14.08,125.06,137.45,127.95,39.6,32.0,46.93,130.15,40.33,-7.63,10.94,-3.31,Diseased,Small,Moderate,Green,130.15
22d5cf8c-308f-417d-9b05-b00a0791ecef___RS_LB 4797.JPG,PlantVillage\Potato___Late_blight\22d5cf8c-308f-417d-9b05-b00a0791ecef___RS_LB 4797.JPG,Potato___Late_blight,Late Blight,256,256,1.0,65536,17.71,131.43,137.81,121.79,43.19,32.51,47.81,130.34,42.18,1.63,11.2,-12.83,Diseased,Small,Moderate,Green,130.34
2377f6d5-3660-4b5a-b5b3-eea448e7a143___RS_LB 2729.JPG,PlantVillage\Potato___Late_blight\2377f6d5-3660-4b5a-b5b3-eea448e7a143___RS_LB 2729.JPG,Potato___Late_blight,Late Blight,256,256,1.0,65536,17.02,99.23,104.17,81.56,49.91,38.59,52.68,94.99,48.43,6.37,13.78,-20.14,Diseased,Small,Dark,Green,94.99
23ad201a-469e-4687-9321-7329bf747992___RS_LB 4990.JPG,PlantVillage\Potato___Late_blight\23ad201a-469e-4687-9321-7329bf747992___RS_LB 4990.JPG,Potato___Late_blight,Late Blight,256,256,1.0,65536,19.32,102.29,105.42,93.59,44.06,37.31,47.3,100.43,43.38,2.78,7.48,-10.26,Diseased,Small,Moderate,Green,100.43
23e2a413-2191-4a94-a305-c12b4ed24aa3___RS_LB 2555.JPG,PlantVillage\Potato___Late_blight\23e2a413-2191-4a94-a305-c12b4ed24aa3___RS_LB 2555.JPG,Potato___Late_blight,Late Blight,256,256,1.0,65536,17.99,113.59,112.7,99.88,50.74,46.35,53.12,108.72,50.54,7.3,5.96,-13.26,Diseased,Small,Moderate,Red,108.72
2425fba0-8d06-4f05-9d0c-258c39777a37___RS_LB 4915.JPG,PlantVillage\Potato___Late_blight\2425fba0-8d06-4f05-9d0c-258c39777a37___RS_LB 4915.JPG,Potato___Late_blight,Late Blight,256,256,1.0,65536,20.03,124.23,125.69,105.9,39.94,33.06,45.77,118.61,40.93,8.44,10.63,-19.06,Diseased,Small,Moderate,Green,118.61
2438dfce-68a1-4026-a006-4c99a0f6259b___RS_LB 5116.JPG,PlantVillage\Potato___Late_blight\2438dfce-68a1-4026-a006-4c99a0f6259b___RS_LB 5116.JPG,Potato___Late_blight,Late Blight,256,256,1.0,65536,14.95,125.34,127.65,115.57,40.65,38.81,49.75,122.86,43.65,3.73,7.19,-10.92,Diseased,Small,Moderate,Green,122.85
24482fe2-5139-4f73-909e-9ea4a3d8bf5d___RS_LB 4733.JPG,PlantVillage\Potato___Late_blight\24482fe2-5139-4f73-909e-9ea4a3d8bf5d___RS_LB 4733.JPG,Potato___Late_blight,Late Blight,256,256,1.0,65536,14.3,135.09,147.07,136.24,31.64,30.97,36.66,139.47,33.62,-6.56,11.4,-4.84,Diseased,Small,Moderate,Green,139.47
2482a11a-46b1-4e06-9b5c-4af0089b3259___RS_LB 4087.JPG,PlantVillage\Potato___Late_blight\2482a11a-46b1-4e06-9b5c-4af0089b3259___RS_LB 4087.JPG,Potato___Late_blight,Late Blight,256,256,1.0,65536,13.11,100.79,112.26,93.5,36.18,23.85,42.86,102.18,36.03,-2.1,15.12,-13.02,Diseased,Small,Moderate,Green,102.18
2565077d-44d3-4213-82c2-bf5ae9a64368___RS_LB 3295.JPG,PlantVillage\Potato___Late_blight\2565077d-44d3-4213-82c2-bf5ae9a64368___RS_LB 3295.JPG,Potato___Late_blight,Late Blight,256,256,1.0,65536,17.81,121.23,108.43,100.23,57.29,56.18,62.67,109.96,59.41,16.9,-2.29,-14.6,Diseased,Small,Moderate,Red,109.96
2572d994-464a-461e-a0c8-597dc2229c09___RS_LB 2763.JPG,PlantVillage\Potato___Late_blight\2572d994-464a-461e-a0c8-597dc2229c09___RS_LB 2763.JPG,Potato___Late_blight,Late Blight,256,256,1.0,65536,17.98,102.69,103.22,89.38,43.4,36.92,47.94,98.43,43.47,6.39,7.19,-13.58,Diseased,Small,Dark,Green,98.43
2577b25b-c0ac-442b-8093-42e6490bad1e___RS_LB 4319.JPG,PlantVillage\Potato___Late_blight\2577b25b-c0ac-442b-8093-42e6490bad1e___RS_LB 4319.JPG,Potato___Late_blight,Late Blight,256,256,1.0,65536,20.93,125.57,112.06,102.78,47.4,42.31,47.1,113.47,46.61,18.15,-2.11,-16.03,Diseased,Small,Moderate,Red,113.47
25978f86-dca7-4052-bf6b-7d14ce0438ad___RS_LB 5016.JPG,PlantVillage\Potato___Late_blight\25978f86-dca7-4052-bf6b-7d14ce0438ad___RS_LB 5016.JPG,Potato___Late_blight,Late Blight,256,256,1.0,65536,13.76,110.04,118.84,117.85,39.6,33.62,47.0,115.58,40.63,-8.3,4.89,3.41,Diseased,Small,Moderate,Green,115.58
259a9b63-d100-43bd-b611-1c707b9e8842___RS_LB 4562.JPG,PlantVillage\Potato___Late_blight\259a9b63-d100-43bd-b611-1c707b9e8842___RS_LB 4562.JPG,Potato___Late_blight,Late Blight,256,256,1.0,65536,16.39,127.0,124.31,99.27,36.23,25.48,40.18,116.86,36.71,15.21,11.17,-26.38,Diseased,Small,Moderate,Red,116.86
25bf1e56-4039-4d92-9a66-65b62e3b0f4d___RS_LB 4949.JPG,PlantVillage\Potato___Late_blight\25bf1e56-4039-4d92-9a66-65b62e3b0f4d___RS_LB 4949.JPG,Potato___Late_blight,Late Blight,256,256,1.0,65536,19.86,125.85,129.41,111.95,41.8,35.59,46.55,122.41,42.24,5.17,10.51,-15.69,Diseased,Small,Moderate,Green,122.4
2657bf2b-c03e-4ec6-bf6a-4afe8645acec___RS_LB 3110.JPG,PlantVillage\Potato___Late_blight\2657bf2b-c03e-4ec6-bf6a-4afe8645acec___RS_LB 3110.JPG,Potato___Late_blight,Late Blight,256,256,1.0,65536,15.37,131.55,131.57,117.28,48.01,42.28,50.98,126.8,47.71,7.13,7.15,-14.28,Diseased,Small,Moderate,Green,126.8
265e32dc-44f3-40f8-8c5d-8bc223dd0f52___RS_LB 4859.JPG,PlantVillage\Potato___Late_blight\265e32dc-44f3-40f8-8c5d-8bc223dd0f52___RS_LB 4859.JPG,Potato___Late_blight,Late Blight,256,256,1.0,65536,12.99,113.53,124.71,114.84,35.01,25.9,41.12,117.7,34.94,-6.24,10.53,-4.28,Diseased,Small,Moderate,Green,117.69
267d6db0-95db-4945-a6b0-bf05b11ef8ff___RS_LB 3231.JPG,PlantVillage\Potato___Late_blight\267d6db0-95db-4945-a6b0-bf05b11ef8ff___RS_LB 3231.JPG,Potato___Late_blight,Late Blight,256,256,1.0,65536,17.41,128.19,123.77,110.62,54.55,50.04,60.18,120.86,55.58,10.99,4.36,-15.35,Diseased,Small,Moderate,Red,120.86
2717d9f6-68a9-44ca-b290-0311a5356621___RS_LB 4564.JPG,PlantVillage\Potato___Late_blight\2717d9f6-68a9-44ca-b290-0311a5356621___RS_LB 4564.JPG,Potato___Late_blight,Late Blight,256,256,1.0,65536,18.38,126.27,121.28,98.52,37.05,27.34,40.18,115.36,37.3,16.37,8.88,-25.25,Diseased,Small,Moderate,Red,115.36
27f1b297-f65a-458f-80d9-0046fa4c8c11___RS_LB 4332.JPG,PlantVillage\Potato___Late_blight\27f1b297-f65a-458f-80d9-0046fa4c8c11___RS_LB 4332.JPG,Potato___Late_blight,Late Blight,256,256,1.0,65536,13.18,114.49,110.58,99.18,31.9,38.95,37.18,108.08,36.71,9.61,3.74,-13.36,Diseased,Small,Moderate,Red,108.08
2846161c-9ac0-4ef3-b563-aee344dac80d___RS_LB 4851.JPG,PlantVillage\Potato___Late_blight\2846161c-9ac0-4ef3-b563-aee344dac80d___RS_LB 4851.JPG,Potato___Late_blight,Late Blight,256,256,1.0,65536,17.38,133.75,137.16,119.27,38.62,30.24,45.73,130.06,39.49,5.54,10.65,-16.19,Diseased,Small,Moderate,Green,130.06
289cbc85-4659-4db9-95b3-06b14fa36216___RS_LB 3857.JPG,PlantVillage\Potato___Late_blight\289cbc85-4659-4db9-95b3-06b14fa36216___RS_LB 3857.JPG,Potato___Late_blight,Late Blight,256,256,1.0,65536,14.47,124.27,129.6,109.56,39.56,24.9,47.22,121.14,39.29,4.69,12.69,-17.37,Diseased,Small,Moderate,Green,121.14
28cbad12-8d41-4d36-a6df-db0d35ee1ce0___RS_LB 2922.JPG,PlantVillage\Potato___Late_blight\28cbad12-8d41-4d36-a6df-db0d35ee1ce0___RS_LB 2922.JPG,Potato___Late_blight,Late Blight,256,256,1.0,65536,13.57,81.93,84.41,78.32,39.47,37.2,44.39,81.55,40.54,0.57,4.28,-4.85,Diseased,Small,Dark,Green,81.55
2958c571-a4f9-40b3-a091-0f37c4822932___RS_LB 3325.JPG,PlantVillage\Potato___Late_blight\2958c571-a4f9-40b3-a091-0f37c4822932___RS_LB 3325.JPG,Potato___Late_blight,Late Blight,256,256,1.0,65536,18.87,112.02,105.22,92.62,49.85,47.58,54.0,103.29,51.18,13.1,2.89,-16.0,Diseased,Small,Moderate,Red,103.29
296e6201-4b46-4449-9edb-c7659d36cf92___RS_LB 4052.JPG,PlantVillage\Potato___Late_blight\296e6201-4b46-4449-9edb-c7659d36cf92___RS_LB 4052.JPG,Potato___Late_blight,Late Blight,256,256,1.0,65536,14.98,100.58,113.02,101.4,39.28,28.77,43.49,105.0,38.12,-6.62,12.03,-5.4,Diseased,Small,Moderate,Green,105.0
29a30aec-e060-43f2-bd81-27d8ad1cebf2___RS_LB 4911.JPG,PlantVillage\Potato___Late_blight\29a30aec-e060-43f2-bd81-27d8ad1cebf2___RS_LB 4911.JPG,Potato___Late_blight,Late Blight,256,256,1.0,65536,20.64,126.54,127.22,106.75,42.31,36.96,49.51,120.17,44.27,9.56,10.58,-20.14,Diseased,Small,Moderate,Green,120.17
29ad1bd3-9eca-4975-97b9-80d497a62811___RS_LB 2847.JPG,PlantVillage\Potato___Late_blight\29ad1bd3-9eca-4975-97b9-80d497a62811___RS_LB 2847.JPG,Potato___Late_blight,Late Blight,256,256,1.0,65536,15.91,109.27,109.69,101.31,40.84,38.36,48.36,106.75,42.9,3.77,4.4,-8.17,Diseased,Small,Moderate,Green,106.76
29bfc55a-8cb2-4938-b0b5-5e2748fd1a22___RS_LB 5070.JPG,PlantVillage\Potato___Late_blight\29bfc55a-8cb2-4938-b0b5-5e2748fd1a22___RS_LB 5070.JPG,Potato___Late_blight,Late Blight,256,256,1.0,65536,16.42,120.69,130.64,129.28,44.74,42.61,51.73,126.87,46.73,-9.27,5.65,3.61,Diseased,Small,Moderate,Green,126.87
29d49eb8-84d0-402d-9f00-c1149b8b3e16___RS_LB 3031.JPG,PlantVillage\Potato___Late_blight\29d49eb8-84d0-402d-9f00-c1149b8b3e16___RS_LB 3031.JPG,Potato___Late_blight,Late Blight,256,256,1.0,65536,14.55,104.12,107.86,95.62,44.02,39.11,49.44,102.53,44.68,2.38,7.99,-10.37,Diseased,Small,Moderate,Green,102.53
29d84246-f2a5-4c18-8ddc-2f2d38046ae2___RS_LB 2625.JPG,PlantVillage\Potato___Late_blight\29d84246-f2a5-4c18-8ddc-2f2d38046ae2___RS_LB 2625.JPG,Potato___Late_blight,Late Blight,256,256,1.0,65536,17.76,101.65,100.89,86.69,45.87,38.29,50.9,96.41,45.84,7.86,6.72,-14.58,Diseased,Small,Dark,Red,96.41
29dafc9e-eb0f-4f3b-99ab-a617b8163e50___RS_LB 3052.JPG,PlantVillage\Potato___Late_blight\29dafc9e-eb0f-4f3b-99ab-a617b8163e50___RS_LB 3052.JPG,Potato___Late_blight,Late Blight,256,256,1.0,65536,15.09,126.52,119.45,108.69,44.09,40.12,52.45,118.22,46.43,12.46,1.84,-14.3,Diseased,Small,Moderate,Red,118.22
2a0727c6-24d9-4d20-89ed-51bbd36a4b5a___RS_LB 2987.JPG,PlantVillage\Potato___Late_blight\2a0727c6-24d9-4d20-89ed-51bbd36a4b5a___RS_LB 2987.JPG,Potato___Late_blight,Late Blight,256,256,1.0,65536,17.87,110.97,106.94,92.59,47.51,43.52,51.57,103.5,48.3,11.21,5.16,-16.36,Diseased,Small,Moderate,Red,103.5
2a3e5c22-1e37-4ba0-8686-cf7482e4e8d3___RS_LB 4126.JPG,PlantVillage\Potato___Late_blight\2a3e5c22-1e37-4ba0-8686-cf7482e4e8d3___RS_LB 4126.JPG,Potato___Late_blight,Late Blight,256,256,1.0,65536,10.76,112.3,112.82,108.78,32.45,24.89,40.73,111.3,33.37,1.5,2.28,-3.77,Diseased,Small,Moderate,Green,111.3
2a52ba17-febc-49b9-b5ab-52a500d387de___RS_LB 2621.JPG,PlantVillage\Potato___Late_blight\2a52ba17-febc-49b9-b5ab-52a500d387de___RS_LB 2621.JPG,Potato___Late_blight,Late Blight,256,256,1.0,65536,15.2,115.34,118.79,114.35,36.63,33.21,44.33,116.16,38.39,-1.23,3.95,-2.72,Diseased,Small,Moderate,Green,116.16
2addf5f2-acc5-448c-88a1-fe357d9aa9ac___RS_LB 4736.JPG,PlantVillage\Potato___Late_blight\2addf5f2-acc5-448c-88a1-fe357d9aa9ac___RS_LB 4736.JPG,Potato___Late_blight,Late Blight,256,256,1.0,65536,13.97,121.14,134.15,122.42,38.37,34.31,46.51,125.9,40.48,-7.15,12.38,-5.22,Diseased,Small,Moderate,Green,125.9
2af683b8-ad55-450d-9047-630b85a2d128___RS_LB 4614.JPG,PlantVillage\Potato___Late_blight\2af683b8-ad55-450d-9047-630b85a2d128___RS_LB 4614.JPG,Potato___Late_blight,Late Blight,256,256,1.0,65536,13.59,102.65,110.61,92.98,42.53,33.8,47.24,102.08,42.18,0.86,12.79,-13.65,Diseased,Small,Moderate,Green,102.08
2b064606-e6e2-46e0-9788-d1049f0e4fed___RS_LB 4246.JPG,PlantVillage\Potato___Late_blight\2b064606-e6e2-46e0-9788-d1049f0e4fed___RS_LB 4246.JPG,Potato___Late_blight,Late Blight,256,256,1.0,65536,19.87,129.0,118.22,100.46,41.79,39.29,48.42,115.89,44.91,19.67,3.49,-23.15,Diseased,Small,Moderate,Red,115.89
2b7f92a9-9bd8-4461-9588-ab98abf54be0___RS_LB 2575.JPG,PlantVillage\Potato___Late_blight\2b7f92a9-9bd8-4461-9588-ab98abf54be0___RS_LB 2575.JPG,Potato___Late_blight,Late Blight,256,256,1.0,65536,18.9,130.02,130.61,107.31,40.04,33.62,46.75,122.65,41.92,11.06,11.94,-23.0,Diseased,Small,Moderate,Green,122.65
2b974785-090d-4dae-81a2-ce3ebc2a1c68___RS_LB 4634.JPG,PlantVillage\Potato___Late_blight\2b974785-090d-4dae-81a2-ce3ebc2a1c68___RS_LB 4634.JPG,Potato___Late_blight,Late Blight,256,256,1.0,65536,13.95,119.26,118.45,108.28,39.99,34.68,46.02,115.33,40.8,5.9,4.67,-10.57,Diseased,Small,Moderate,Red,115.33
2c1218c8-eaea-4f5a-be4b-34e34a705063___RS_LB 2530.JPG,PlantVillage\Potato___Late_blight\2c1218c8-eaea-4f5a-be4b-34e34a705063___RS_LB 2530.JPG,Potato___Late_blight,Late Blight,256,256,1.0,65536,16.9,129.62,130.8,119.09,49.04,41.57,52.12,126.5,48.07,4.68,6.44,-11.12,Diseased,Small,Moderate,Green,126.5
2c2b39ed-75f9-49f6-a28e-36a2cb608297___RS_LB 2794.JPG,PlantVillage\Potato___Late_blight\2c2b39ed-75f9-49f6-a28e-36a2cb608297___RS_LB 2794.JPG,Potato___Late_blight,Late Blight,256,256,1.0,65536,17.3,132.1,127.37,116.66,47.35,43.8,52.56,125.38,48.47,10.08,3.0,-13.08,Diseased,Small,Moderate,Red,125.38
2c33381e-78d8-47fc-8cea-1459164f46d6___RS_LB 4115.JPG,PlantVillage\Potato___Late_blight\2c33381e-78d8-47fc-8cea-1459164f46d6___RS_LB 4115.JPG,Potato___Late_blight,Late Blight,256,256,1.0,65536,12.72,126.57,128.27,121.23,40.47,26.66,43.95,125.36,37.89,1.82,4.37,-6.19,Diseased,Small,Moderate,Green,125.36
2c3eddb8-f475-42ce-af72-81271630ba07___RS_LB 4991.JPG,PlantVillage\Potato___Late_blight\2c3eddb8-f475-42ce-af72-81271630ba07___RS_LB 4991.JPG,Potato___Late_blight,Late Blight,256,256,1.0,65536,17.84,136.46,140.18,127.35,47.01,39.22,50.39,134.67,46.1,2.69,8.28,-10.97,Diseased,Small,Moderate,Green,134.66
2d736aa6-79a6-42b0-9e92-d859bcd72824___RS_LB 5244.JPG,PlantVillage\Potato___Late_blight\2d736aa6-79a6-42b0-9e92-d859bcd72824___RS_LB 5244.JPG,Potato___Late_blight,Late Blight,256,256,1.0,65536,13.34,102.85,108.0,95.72,34.14,31.81,37.38,102.19,34.89,1.0,8.72,-9.71,Diseased,Small,Moderate,Green,102.19
2d8cbe58-280e-4c93-9b06-26f4279eb4d8___RS_LB 2855.JPG,PlantVillage\Potato___Late_blight\2d8cbe58-280e-4c93-9b06-26f4279eb4d8___RS_LB 2855.JPG,Potato___Late_blight,Late Blight,256,256,1.0,65536,14.64,105.08,109.4,100.97,37.61,31.4,42.16,105.15,37.48,-0.1,6.37,-6.27,Diseased,Small,Moderate,Green,105.15
2e18248f-e251-44c0-b9a5-a198455f43ee___RS_LB 4858.JPG,PlantVillage\Potato___Late_blight\2e18248f-e251-44c0-b9a5-a198455f43ee___RS_LB 4858.JPG,Potato___Late_blight,Late Blight,256,256,1.0,65536,17.04,109.5,118.56,97.26,43.76,32.94,50.33,108.44,43.83,1.59,15.19,-16.77,Diseased,Small,Moderate,Green,108.44
2e2bc24d-9900-4b0b-a8ec-abb444350c03___RS_LB 4701.JPG,PlantVillage\Potato___Late_blight\2e2bc24d-9900-4b0b-a8ec-abb444350c03___RS_LB 4701.JPG,Potato___Late_blight,Late Blight,256,256,1.0,65536,14.72,107.84,112.91,98.6,45.34,40.48,51.62,106.45,46.42,2.08,9.69,-11.77,Diseased,Small,Moderate,Green,106.45
2ea232e4-2e94-426f-b86f-8bc5861f334f___RS_LB 4757.JPG,PlantVillage\Potato___Late_blight\2ea232e4-2e94-426f-b86f-8bc5861f334f___RS_LB 4757.JPG,Potato___Late_blight,Late Blight,256,256,1.0,65536,14.99,140.67,152.36,141.13,34.33,28.59,41.75,144.72,35.71,-6.07,11.46,-5.39,Diseased,Small,Moderate,Green,144.72
2ed031ef-c77f-42d2-83fa-4fbfc66d67b2___RS_LB 5254.JPG,PlantVillage\Potato___Late_blight\2ed031ef-c77f-42d2-83fa-4fbfc66d67b2___RS_LB 5254.JPG,Potato___Late_blight,Late Blight,256,256,1.0,65536,14.19,112.73,125.4,107.45,40.84,30.08,44.4,115.2,39.64,-3.69,15.31,-11.62,Diseased,Small,Moderate,Green,115.19
2ef5c4f6-a798-40fd-8380-f444f3290987___RS_LB 4428.JPG,PlantVillage\Potato___Late_blight\2ef5c4f6-a798-40fd-8380-f444f3290987___RS_LB 4428.JPG,Potato___Late_blight,Late Blight,256,256,1.0,65536,15.94,102.14,112.16,105.52,42.55,32.44,46.61,106.61,41.18,-6.7,8.33,-1.62,Diseased,Small,Moderate,Green,106.61
2f419afc-a232-42c7-b0ff-92d928647a0f___RS_LB 4917.JPG,PlantVillage\Potato___Late_blight\2f419afc-a232-42c7-b0ff-92d928647a0f___RS_LB 4917.JPG,Potato___Late_blight,Late Blight,256,256,1.0,65536,19.53,125.69,123.62,112.18,46.12,41.36,50.26,120.5,46.44,7.8,4.68,-12.48,Diseased,Small,Moderate,Red,120.5
2f6382f7-12fc-4309-b7db-b034b8165c67___RS_LB 4955.JPG,PlantVillage\Potato___Late_blight\2f6382f7-12fc-4309-b7db-b034b8165c67___RS_LB 4955.JPG,Potato___Late_blight,Late Blight,256,256,1.0,65536,19.41,135.49,138.44,122.06,48.06,42.09,54.98,132.0,49.18,5.23,9.66,-14.9,Diseased,Small,Moderate,Green,132.0
2f76c068-ebba-499d-8819-2d12bde41695___RS_LB 3232.JPG,PlantVillage\Potato___Late_blight\2f76c068-ebba-499d-8819-2d12bde41695___RS_LB 3232.JPG,Potato___Late_blight,Late Blight,256,256,1.0,65536,18.75,115.04,109.54,98.8,57.56,55.28,60.23,107.79,58.12,10.87,2.63,-13.49,Diseased,Small,Moderate,Red,107.79
2f7b6898-a342-42a5-a0e5-a9f2bad7eaf1___RS_LB 2831.JPG,PlantVillage\Potato___Late_blight\2f7b6898-a342-42a5-a0e5-a9f2bad7eaf1___RS_LB 2831.JPG,Potato___Late_blight,Late Blight,256,256,1.0,65536,14.67,108.46,117.24,106.16,42.18,31.81,45.58,110.62,40.57,-3.24,9.92,-6.69,Diseased,Small,Moderate,Green,110.62
2f8e6ae7-f6ac-4bab-992b-82e3c51cf476___RS_LB 2743.JPG,PlantVillage\Potato___Late_blight\2f8e6ae7-f6ac-4bab-992b-82e3c51cf476___RS_LB 2743.JPG,Potato___Late_blight,Late Blight,256,256,1.0,65536,18.33,145.36,145.06,125.85,54.48,48.46,60.93,138.76,55.62,9.91,9.46,-19.36,Diseased,Small,Moderate,Red,138.76
304b3fa0-f0cb-41b5-b835-9bd13773150a___RS_LB 4696.JPG,PlantVillage\Potato___Late_blight\304b3fa0-f0cb-41b5-b835-9bd13773150a___RS_LB 4696.JPG,Potato___Late_blight,Late Blight,256,256,1.0,65536,14.56,122.95,124.91,112.14,45.97,41.29,52.94,120.0,47.31,4.43,7.37,-11.79,Diseased,Small,Moderate,Green,120.0
30777af4-cbb4-44bf-946b-f1c5d17704ee___RS_LB 4822.JPG,PlantVillage\Potato___Late_blight\30777af4-cbb4-44bf-946b-f1c5d17704ee___RS_LB 4822.JPG,Potato___Late_blight,Late Blight,256,256,1.0,65536,19.18,127.29,129.51,116.21,49.11,42.13,53.82,124.34,48.94,4.43,7.76,-12.18,Diseased,Small,Moderate,Green,124.34
30920583-57a6-4cc2-81d6-84879ec3af46___RS_LB 4930.JPG,PlantVillage\Potato___Late_blight\30920583-57a6-4cc2-81d6-84879ec3af46___RS_LB 4930.JPG,Potato___Late_blight,Late Blight,256,256,1.0,65536,17.96,126.43,128.34,111.76,39.7,33.13,46.27,122.17,40.74,6.39,9.24,-15.63,Diseased,Small,Moderate,Green,122.18
3112e625-f1d9-428b-a77e-23c6f28e44f8___RS_LB 3035.JPG,PlantVillage\Potato___Late_blight\3112e625-f1d9-428b-a77e-23c6f28e44f8___RS_LB 3035.JPG,Potato___Late_blight,Late Blight,256,256,1.0,65536,15.97,104.43,104.43,93.31,47.02,46.02,52.88,100.72,49.01,5.56,5.56,-11.12,Diseased,Small,Moderate,Blue,100.72
3171caea-9708-45dc-a60b-e347b3e74fb8___RS_LB 5256.JPG,PlantVillage\Potato___Late_blight\3171caea-9708-45dc-a60b-e347b3e74fb8___RS_LB 5256.JPG,Potato___Late_blight,Late Blight,256,256,1.0,65536,13.13,94.02,107.28,89.39,38.21,29.27,41.76,96.9,37.56,-4.31,15.58,-11.27,Diseased,Small,Dark,Green,96.9
317a40c6-c4d8-4b4e-9878-4f742e7f409a___RS_LB 4462.JPG,PlantVillage\Potato___Late_blight\317a40c6-c4d8-4b4e-9878-4f742e7f409a___RS_LB 4462.JPG,Potato___Late_blight,Late Blight,256,256,1.0,65536,15.79,141.25,132.06,116.03,48.66,46.85,52.88,129.78,50.61,17.2,3.42,-20.62,Diseased,Small,Moderate,Red,129.78
319335dc-6a48-4fe4-932b-326f1455f3cd___RS_LB 4703.JPG,PlantVillage\Potato___Late_blight\319335dc-6a48-4fe4-932b-326f1455f3cd___RS_LB 4703.JPG,Potato___Late_blight,Late Blight,256,256,1.0,65536,11.53,109.41,118.06,109.93,37.9,35.74,48.59,112.46,41.32,-4.59,8.39,-3.8,Diseased,Small,Moderate,Green,112.47
31b2a640-4063-41f1-97c5-03ceca0ce131___RS_LB 5439.JPG,PlantVillage\Potato___Late_blight\31b2a640-4063-41f1-97c5-03ceca0ce131___RS_LB 5439.JPG,Potato___Late_blight,Late Blight,256,256,1.0,65536,15.1,103.31,119.28,106.21,40.8,35.27,45.75,109.6,41.42,-9.43,14.52,-5.09,Diseased,Small,Moderate,Green,109.6
31c96e0d-0a6a-42b4-bd7a-0faf2c8e462d___RS_LB 5298.JPG,PlantVillage\Potato___Late_blight\31c96e0d-0a6a-42b4-bd7a-0faf2c8e462d___RS_LB 5298.JPG,Potato___Late_blight,Late Blight,256,256,1.0,65536,14.67,113.41,119.83,105.31,42.55,35.03,47.09,112.85,42.27,0.84,10.47,-11.31,Diseased,Small,Moderate,Green,112.85
31d61797-f3dd-4452-8db9-cdfd8be9ebf2___RS_LB 4823.JPG,PlantVillage\Potato___Late_blight\31d61797-f3dd-4452-8db9-cdfd8be9ebf2___RS_LB 4823.JPG,Potato___Late_blight,Late Blight,256,256,1.0,65536,20.4,125.43,129.43,114.6,49.86,42.63,54.85,123.16,49.77,3.42,9.41,-12.83,Diseased,Small,Moderate,Green,123.15
3221ccec-f264-4046-8252-77a8a357562b___RS_LB 4637.JPG,PlantVillage\Potato___Late_blight\3221ccec-f264-4046-8252-77a8a357562b___RS_LB 4637.JPG,Potato___Late_blight,Late Blight,256,256,1.0,65536,12.87,113.81,114.08,103.68,41.23,31.05,43.72,110.52,39.35,4.93,5.34,-10.27,Diseased,Small,Moderate,Green,110.52
324a0ba8-726a-4e6c-a15f-c32a1904f891___RS_LB 3078.JPG,PlantVillage\Potato___Late_blight\324a0ba8-726a-4e6c-a15f-c32a1904f891___RS_LB 3078.JPG,Potato___Late_blight,Late Blight,256,256,1.0,65536,17.26,135.24,128.85,114.28,57.58,55.93,63.48,126.12,59.73,13.67,4.09,-17.76,Diseased,Small,Moderate,Red,126.12
326919e6-16b9-442b-ada3-e4c37b3ab8ef___RS_LB 3187.JPG,PlantVillage\Potato___Late_blight\326919e6-16b9-442b-ada3-e4c37b3ab8ef___RS_LB 3187.JPG,Potato___Late_blight,Late Blight,256,256,1.0,65536,18.68,122.86,119.07,101.64,58.34,53.11,65.89,114.53,60.06,12.51,6.81,-19.32,Diseased,Small,Moderate,Red,114.52
32e6ace8-7ca9-4f95-a313-6747d321e8da___RS_LB 4698.JPG,PlantVillage\Potato___Late_blight\32e6ace8-7ca9-4f95-a313-6747d321e8da___RS_LB 4698.JPG,Potato___Late_blight,Late Blight,256,256,1.0,65536,15.32,110.1,113.6,98.56,40.21,35.76,45.88,107.42,41.33,4.02,9.27,-13.29,Diseased,Small,Moderate,Green,107.42
33551627-5824-42b9-9547-4df44590fee1___RS_LB 4848.JPG,PlantVillage\Potato___Late_blight\33551627-5824-42b9-9547-4df44590fee1___RS_LB 4848.JPG,Potato___Late_blight,Late Blight,256,256,1.0,65536,17.69,124.54,128.95,109.45,42.27,33.3,50.88,120.98,43.56,5.34,11.96,-17.29,Diseased,Small,Moderate,Green,120.98
3362decd-b0d5-4cc6-81f8-3c051a285875___RS_LB 4109.JPG,PlantVillage\Potato___Late_blight\3362decd-b0d5-4cc6-81f8-3c051a285875___RS_LB 4109.JPG,Potato___Late_blight,Late Blight,256,256,1.0,65536,12.3,128.78,129.66,115.14,37.08,25.13,46.2,124.53,37.74,6.38,7.69,-14.08,Diseased,Small,Moderate,Green,124.53
33938ff2-ee2c-4571-96dd-6229a0cb4e0c___RS_LB 5184.JPG,PlantVillage\Potato___Late_blight\33938ff2-ee2c-4571-96dd-6229a0cb4e0c___RS_LB 5184.JPG,Potato___Late_blight,Late Blight,256,256,1.0,65536,17.6,132.63,140.5,122.49,44.95,35.62,50.19,131.87,44.61,1.13,12.94,-14.07,Diseased,Small,Moderate,Green,131.87
33b849d5-ec92-4acb-88e6-530accf22734___RS_LB 4994.JPG,PlantVillage\Potato___Late_blight\33b849d5-ec92-4acb-88e6-530accf22734___RS_LB 4994.JPG,Potato___Late_blight,Late Blight,256,256,1.0,65536,19.1,129.38,133.59,114.48,40.11,37.35,47.53,125.82,42.68,5.34,11.66,-17.0,Diseased,Small,Moderate,Green,125.82
33baf253-755d-4e3f-8d52-5caf59d0835d___RS_LB 2867.JPG,PlantVillage\Potato___Late_blight\33baf253-755d-4e3f-8d52-5caf59d0835d___RS_LB 2867.JPG,Potato___Late_blight,Late Blight,256,256,1.0,65536,14.67,111.83,110.37,101.06,38.26,37.01,45.78,107.75,40.82,6.11,3.93,-10.04,Diseased,Small,Moderate,Red,107.75
33fa45a7-e6ff-4e75-9c6e-28570fdfedb6___RS_LB 3054.JPG,PlantVillage\Potato___Late_blight\33fa45a7-e6ff-4e75-9c6e-28570fdfedb6___RS_LB 3054.JPG,Potato___Late_blight,Late Blight,256,256,1.0,65536,16.66,110.55,111.87,103.33,38.39,33.47,43.4,108.58,38.81,2.95,4.93,-7.88,Diseased,Small,Moderate,Green,108.58
3456a2d1-59d1-4111-9cc8-16a6b12e973e___RS_LB 5249.JPG,PlantVillage\Potato___Late_blight\3456a2d1-59d1-4111-9cc8-16a6b12e973e___RS_LB 5249.JPG,Potato___Late_blight,Late Blight,256,256,1.0,65536,14.66,121.38,129.05,118.54,39.4,36.9,46.12,122.99,41.23,-2.42,9.09,-6.67,Diseased,Small,Moderate,Green,122.99
350662fe-0ebf-4e6b-9ff9-6ceaf9d22067___RS_LB 3877.JPG,PlantVillage\Potato___Late_blight\350662fe-0ebf-4e6b-9ff9-6ceaf9d22067___RS_LB 3877.JPG,Potato___Late_blight,Late Blight,256,256,1.0,65536,15.03,111.97,120.6,104.68,42.29,30.28,47.59,112.42,41.22,-0.67,12.27,-11.6,Diseased,Small,Moderate,Green,112.42
351386f8-c501-45f6-ab0d-e9c1d1584204___RS_LB 5195.JPG,PlantVillage\Potato___Late_blight\351386f8-c501-45f6-ab0d-e9c1d1584204___RS_LB 5195.JPG,Potato___Late_blight,Late Blight,256,256,1.0,65536,17.1,127.18,126.15,112.28,40.12,35.85,46.55,121.87,41.63,7.97,6.42,-14.39,Diseased,Small,Moderate,Red,121.87
351a1e47-c9b5-4b38-a5c1-b3d390bfe506___RS_LB 4429.JPG,PlantVillage\Potato___Late_blight\351a1e47-c9b5-4b38-a5c1-b3d390bfe506___RS_LB 4429.JPG,Potato___Late_blight,Late Blight,256,256,1.0,65536,16.93,110.29,117.86,106.65,49.55,39.65,54.0,111.6,48.34,-1.97,9.4,-7.43,Diseased,Small,Moderate,Green,111.6
35621849-08fd-442a-a94e-139b2657106e___RS_LB 4055.JPG,PlantVillage\Potato___Late_blight\35621849-08fd-442a-a94e-139b2657106e___RS_LB 4055.JPG,Potato___Late_blight,Late Blight,256,256,1.0,65536,11.35,98.88,108.08,103.46,37.54,25.84,43.18,103.47,36.44,-6.89,6.91,-0.02,Diseased,Small,Moderate,Green,103.47
357bfc61-bb46-4e77-b9eb-eafdd3af7f6f___RS_LB 3082.JPG,PlantVillage\Potato___Late_blight\357bfc61-bb46-4e77-b9eb-eafdd3af7f6f___RS_LB 3082.JPG,Potato___Late_blight,Late Blight,256,256,1.0,65536,15.61,110.46,106.63,98.53,46.58,40.2,53.04,105.21,47.16,7.88,2.13,-10.01,Diseased,Small,Moderate,Red,105.21
35c3e2fe-7b97-4137-adc6-aada45306425___RS_LB 4123.JPG,PlantVillage\Potato___Late_blight\35c3e2fe-7b97-4137-adc6-aada45306425___RS_LB 4123.JPG,Potato___Late_blight,Late Blight,256,256,1.0,65536,11.63,105.97,108.89,101.97,33.95,25.05,42.44,105.61,34.67,0.53,4.92,-5.46,Diseased,Small,Moderate,Green,105.61
36555aa6-0ca3-412c-be9f-50f12500861f___RS_LB 3907.JPG,PlantVillage\Potato___Late_blight\36555aa6-0ca3-412c-be9f-50f12500861f___RS_LB 3907.JPG,Potato___Late_blight,Late Blight,256,256,1.0,65536,15.14,118.13,118.21,102.53,39.89,28.27,42.23,112.96,38.02,7.76,7.88,-15.64,Diseased,Small,Moderate,Green,112.96
36c25644-54cb-405d-abef-700d24652958___RS_LB 2606.JPG,PlantVillage\Potato___Late_blight\36c25644-54cb-405d-abef-700d24652958___RS_LB 2606.JPG,Potato___Late_blight,Late Blight,256,256,1.0,65536,15.73,102.97,107.69,100.72,38.2,37.38,44.8,103.79,40.37,-1.24,5.84,-4.6,Diseased,Small,Moderate,Green,103.79
36d2885d-0bc7-4346-8a13-383e1533a68c___RS_LB 5098.JPG,PlantVillage\Potato___Late_blight\36d2885d-0bc7-4346-8a13-383e1533a68c___RS_LB 5098.JPG,Potato___Late_blight,Late Blight,256,256,1.0,65536,18.06,130.52,134.49,122.58,53.21,48.33,56.33,129.2,52.96,1.98,7.94,-9.92,Diseased,Small,Moderate,Green,129.2
36d3502f-32cd-4ef9-b63d-575db1c18cf8___RS_LB 4908.JPG,PlantVillage\Potato___Late_blight\36d3502f-32cd-4ef9-b63d-575db1c18cf8___RS_LB 4908.JPG,Potato___Late_blight,Late Blight,256,256,1.0,65536,19.54,125.91,126.21,112.05,49.1,43.62,54.62,121.39,49.76,6.78,7.23,-14.01,Diseased,Small,Moderate,Green,121.39
36f84bc9-df52-44b6-b420-29c3881dea1e___RS_LB 4485.JPG,PlantVillage\Potato___Late_blight\36f84bc9-df52-44b6-b420-29c3881dea1e___RS_LB 4485.JPG,Potato___Late_blight,Late Blight,256,256,1.0,65536,17.93,141.85,124.32,107.62,42.88,39.49,49.88,124.6,46.45,25.87,-0.41,-25.46,Diseased,Small,Moderate,Red,124.6
36fc1631-634b-42d3-a865-cc858557a8a8___RS_LB 4427.JPG,PlantVillage\Potato___Late_blight\36fc1631-634b-42d3-a865-cc858557a8a8___RS_LB 4427.JPG,Potato___Late_blight,Late Blight,256,256,1.0,65536,16.43,101.52,111.4,102.72,39.95,33.63,45.76,105.21,40.33,-5.54,9.28,-3.74,Diseased,Small,Moderate,Green,105.21
37075adc-dd51-4a5b-8a6c-0649cb98516b___RS_LB 2678.JPG,PlantVillage\Potato___Late_blight\37075adc-dd51-4a5b-8a6c-0649cb98516b___RS_LB 2678.JPG,Potato___Late_blight,Late Blight,256,256,1.0,65536,18.72,121.91,117.77,103.92,43.18,37.25,47.59,114.53,43.57,11.06,4.86,-15.92,Diseased,Small,Moderate,Red,114.53
377e9523-f375-4c0c-9d66-5abf2abfaefb___RS_LB 2504.JPG,PlantVillage\Potato___Late_blight\377e9523-f375-4c0c-9d66-5abf2abfaefb___RS_LB 2504.JPG,Potato___Late_blight,Late Blight,256,256,1.0,65536,14.34,115.89,115.66,99.49,49.03,43.7,52.0,110.35,48.97,8.32,7.97,-16.29,Diseased,Small,Moderate,Red,110.35
37ac120b-240a-42fc-839c-90c6dea13d85___RS_LB 5214.JPG,PlantVillage\Potato___Late_blight\37ac120b-240a-42fc-839c-90c6dea13d85___RS_LB 5214.JPG,Potato___Late_blight,Late Blight,256,256,1.0,65536,13.27,107.15,116.46,98.37,36.91,25.99,44.2,107.33,37.21,-0.27,13.7,-13.43,Diseased,Small,Moderate,Green,107.33
37c1e3d4-e54b-431a-b370-2a506b6026a2___RS_LB 4461.JPG,PlantVillage\Potato___Late_blight\37c1e3d4-e54b-431a-b370-2a506b6026a2___RS_LB 4461.JPG,Potato___Late_blight,Late Blight,256,256,1.0,65536,17.93,130.95,121.88,101.29,44.04,39.79,49.77,118.04,46.41,19.37,5.76,-25.13,Diseased,Small,Moderate,Red,118.04
37c47f95-2216-4f78-87a1-504b198a4f4c___RS_LB 4327.JPG,PlantVillage\Potato___Late_blight\37c47f95-2216-4f78-87a1-504b198a4f4c___RS_LB 4327.JPG,Potato___Late_blight,Late Blight,256,256,1.0,65536,20.96,129.52,110.29,96.47,40.53,37.85,40.81,112.09,42.0,26.15,-2.7,-23.44,Diseased,Small,Moderate,Red,112.09
37dbf454-f189-4fae-a9e7-a088e7be3f2e___RS_LB 4530.JPG,PlantVillage\Potato___Late_blight\37dbf454-f189-4fae-a9e7-a088e7be3f2e___RS_LB 4530.JPG,Potato___Late_blight,Late Blight,256,256,1.0,65536,12.79,118.32,105.61,86.56,41.49,40.88,41.82,103.49,43.41,22.24,3.17,-25.41,Diseased,Small,Moderate,Red,103.5
3888aab7-b07f-439b-80cc-c7f49004a67c___RS_LB 4156.JPG,PlantVillage\Potato___Late_blight\3888aab7-b07f-439b-80cc-c7f49004a67c___RS_LB 4156.JPG,Potato___Late_blight,Late Blight,256,256,1.0,65536,14.8,119.36,114.98,106.55,32.47,28.71,41.9,113.63,35.21,8.59,2.03,-10.61,Diseased,Small,Moderate,Red,113.63
38c1c136-d91d-4527-aa8f-623a574a41d9___RS_LB 3042.JPG,PlantVillage\Potato___Late_blight\38c1c136-d91d-4527-aa8f-623a574a41d9___RS_LB 3042.JPG,Potato___Late_blight,Late Blight,256,256,1.0,65536,15.97,114.02,115.13,99.13,38.34,34.38,46.93,109.43,40.88,6.89,8.55,-15.44,Diseased,Small,Moderate,Green,109.43
38d82b6e-16ec-4ac6-b42f-29ff524b4e43___RS_LB 5269.JPG,PlantVillage\Potato___Late_blight\38d82b6e-16ec-4ac6-b42f-29ff524b4e43___RS_LB 5269.JPG,Potato___Late_blight,Late Blight,256,256,1.0,65536,17.22,127.52,133.57,114.53,38.01,29.27,45.86,125.21,39.14,3.48,12.54,-16.02,Diseased,Small,Moderate,Green,125.21
38e8e3d1-7c0e-4d66-a926-79538ceadf07___RS_LB 4130.JPG,PlantVillage\Potato___Late_blight\38e8e3d1-7c0e-4d66-a926-79538ceadf07___RS_LB 4130.JPG,Potato___Late_blight,Late Blight,256,256,1.0,65536,12.65,107.73,116.11,109.98,42.39,29.9,49.06,111.28,41.37,-5.32,7.26,-1.94,Diseased,Small,Moderate,Green,111.27
38f1a80d-6961-4763-ada2-7504f388cf2d___RS_LB 3217.JPG,PlantVillage\Potato___Late_blight\38f1a80d-6961-4763-ada2-7504f388cf2d___RS_LB 3217.JPG,Potato___Late_blight,Late Blight,256,256,1.0,65536,18.18,129.6,119.73,109.55,46.5,42.28,51.2,119.63,47.51,14.96,0.16,-15.11,Diseased,Small,Moderate,Red,119.63
38fa4c3b-0541-4d14-80e7-84a1153b9e5f___RS_LB 4713.JPG,PlantVillage\Potato___Late_blight\38fa4c3b-0541-4d14-80e7-84a1153b9e5f___RS_LB 4713.JPG,Potato___Late_blight,Late Blight,256,256,1.0,65536,13.4,104.16,114.22,107.8,35.77,30.77,42.01,108.73,36.71,-6.86,8.25,-1.39,Diseased,Small,Moderate,Green,108.73
3a0033d6-2efc-4926-a9eb-3969d815d630___RS_LB 5144.JPG,PlantVillage\Potato___Late_blight\3a0033d6-2efc-4926-a9eb-3969d815d630___RS_LB 5144.JPG,Potato___Late_blight,Late Blight,256,256,1.0,65536,15.12,107.58,114.75,104.3,40.41,35.47,48.98,108.88,42.22,-1.94,8.8,-6.86,Diseased,Small,Moderate,Green,108.88
3a728bc7-b08d-4a11-bb49-b25d803c3336___RS_LB 4074.JPG,PlantVillage\Potato___Late_blight\3a728bc7-b08d-4a11-bb49-b25d803c3336___RS_LB 4074.JPG,Potato___Late_blight,Late Blight,256,256,1.0,65536,11.67,107.93,119.71,109.94,37.45,20.23,38.45,112.53,33.52,-6.9,10.78,-3.87,Diseased,Small,Moderate,Green,112.53
3b241fa8-12f2-4c80-afe2-0a4cdc8f34a1___RS_LB 5138.JPG,PlantVillage\Potato___Late_blight\3b241fa8-12f2-4c80-afe2-0a4cdc8f34a1___RS_LB 5138.JPG,Potato___Late_blight,Late Blight,256,256,1.0,65536,14.27,105.56,113.41,96.72,35.08,30.8,44.27,105.23,37.76,0.5,12.27,-12.77,Diseased,Small,Moderate,Green,105.23
3c20c90a-788c-4d06-acdb-107f695d901b___RS_LB 4856.JPG,PlantVillage\Potato___Late_blight\3c20c90a-788c-4d06-acdb-107f695d901b___RS_LB 4856.JPG,Potato___Late_blight,Late Blight,256,256,1.0,65536,18.32,107.99,116.5,96.92,45.48,36.97,51.47,107.14,45.74,1.28,14.05,-15.32,Diseased,Small,Moderate,Green,107.14
3c5e5bd4-e805-44b4-a030-51ee6bb1cef6___RS_LB 4139.JPG,PlantVillage\Potato___Late_blight\3c5e5bd4-e805-44b4-a030-51ee6bb1cef6___RS_LB 4139.JPG,Potato___Late_blight,Late Blight,256,256,1.0,65536,14.49,115.88,116.57,94.47,33.51,30.22,42.78,108.97,37.34,10.36,11.39,-21.75,Diseased,Small,Moderate,Green,108.97
3cfeea97-88e1-42e6-b760-0fa125613e9c___RS_LB 4406.JPG,PlantVillage\Potato___Late_blight\3cfeea97-88e1-42e6-b760-0fa125613e9c___RS_LB 4406.JPG,Potato___Late_blight,Late Blight,256,256,1.0,65536,12.43,126.34,122.71,100.54,56.98,47.74,59.82,116.53,56.25,14.72,9.27,-23.99,Diseased,Small,Moderate,Red,116.53
3d4b41e8-18f8-400a-a961-82731c6ac4d5___RS_LB 5157.JPG,PlantVillage\Potato___Late_blight\3d4b41e8-18f8-400a-a961-82731c6ac4d5___RS_LB 5157.JPG,Potato___Late_blight,Late Blight,256,256,1.0,65536,14.84,112.95,118.55,102.71,35.91,32.51,47.19,111.4,39.59,2.32,10.72,-13.04,Diseased,Small,Moderate,Green,111.4
3d4ddc33-b13b-4f7e-8689-1cf82532ef8e___RS_LB 3162.JPG,PlantVillage\Potato___Late_blight\3d4ddc33-b13b-4f7e-8689-1cf82532ef8e___RS_LB 3162.JPG,Potato___Late_blight,Late Blight,256,256,1.0,65536,18.27,131.49,129.52,114.39,50.5,46.33,54.51,125.13,51.13,9.53,6.59,-16.12,Diseased,Small,Moderate,Red,125.13
3d544e81-b7f3-4853-bb65-c78b125d1a6a___RS_LB 3238.JPG,PlantVillage\Potato___Late_blight\3d544e81-b7f3-4853-bb65-c78b125d1a6a___RS_LB 3238.JPG,Potato___Late_blight,Late Blight,256,256,1.0,65536,16.85,119.48,120.22,108.82,50.55,42.23,51.07,116.17,48.4,4.96,6.08,-11.03,Diseased,Small,Moderate,Green,116.17
3e379b4f-29dd-4f14-86e6-11fa37cf3ae9___RS_LB 4789.JPG,PlantVillage\Potato___Late_blight\3e379b4f-29dd-4f14-86e6-11fa37cf3ae9___RS_LB 4789.JPG,Potato___Late_blight,Late Blight,256,256,1.0,65536,16.93,115.31,122.95,100.65,46.37,41.56,51.45,112.97,47.55,3.5,14.97,-18.48,Diseased,Small,Moderate,Green,112.97
3e81c41f-5b6b-4458-8aa8-6a544a8e678c___RS_LB 4963.JPG,PlantVillage\Potato___Late_blight\3e81c41f-5b6b-4458-8aa8-6a544a8e678c___RS_LB 4963.JPG,Potato___Late_blight,Late Blight,256,256,1.0,65536,17.68,131.49,137.64,117.2,46.9,40.38,54.79,128.78,48.48,4.07,13.3,-17.36,Diseased,Small,Moderate,Green,128.78
3f0fd699-1ce7-437e-a899-662a51d59974___RS_LB 2904.JPG,PlantVillage\Potato___Late_blight\3f0fd699-1ce7-437e-a899-662a51d59974___RS_LB 2904.JPG,Potato___Late_blight,Late Blight,256,256,1.0,65536,17.18,113.25,106.68,95.08,39.4,37.75,46.22,105.0,41.96,12.37,2.52,-14.89,Diseased,Small,Moderate,Red,105.0
3f24e6f6-ff9f-4416-9fce-b8153a030de2___RS_LB 2730.JPG,PlantVillage\Potato___Late_blight\3f24e6f6-ff9f-4416-9fce-b8153a030de2___RS_LB 2730.JPG,Potato___Late_blight,Late Blight,256,256,1.0,65536,18.82,110.85,112.35,95.66,54.63,43.92,57.73,106.29,52.97,6.85,9.09,-15.94,Diseased,Small,Moderate,Green,106.29
3f2d7c62-8d58-4a40-9df4-0ab3497b13b9___RS_LB 4487.JPG,PlantVillage\Potato___Late_blight\3f2d7c62-8d58-4a40-9df4-0ab3497b13b9___RS_LB 4487.JPG,Potato___Late_blight,Late Blight,256,256,1.0,65536,17.69,137.77,122.78,101.78,41.86,45.4,43.36,120.78,46.0,25.49,3.0,-28.49,Diseased,Small,Moderate,Red,120.78
3f30c40f-105b-4ce7-a376-d2e6f4681e3b___RS_LB 4921.JPG,PlantVillage\Potato___Late_blight\3f30c40f-105b-4ce7-a376-d2e6f4681e3b___RS_LB 4921.JPG,Potato___Late_blight,Late Blight,256,256,1.0,65536,18.87,123.35,121.89,108.56,42.0,36.12,46.46,117.93,42.27,8.12,5.94,-14.05,Diseased,Small,Moderate,Red,117.93
3f3bd8d4-82d4-456c-a3fc-068a63710d52___RS_LB 4971.JPG,PlantVillage\Potato___Late_blight\3f3bd8d4-82d4-456c-a3fc-068a63710d52___RS_LB 4971.JPG,Potato___Late_blight,Late Blight,256,256,1.0,65536,16.89,134.31,128.25,117.75,38.94,37.63,47.71,126.77,42.23,11.31,2.22,-13.53,Diseased,Small,Moderate,Red,126.77
3f624c56-6bd1-4e7e-8fcd-d6b4480abe12___RS_LB 5215.JPG,PlantVillage\Potato___Late_blight\3f624c56-6bd1-4e7e-8fcd-d6b4480abe12___RS_LB 5215.JPG,Potato___Late_blight,Late Blight,256,256,1.0,65536,14.06,110.68,120.34,101.53,36.34,26.73,43.14,110.85,36.84,-0.26,14.24,-13.98,Diseased,Small,Moderate,Green,110.85
3f6bce87-fb66-44fb-8e76-e282af4869b9___RS_LB 3013.JPG,PlantVillage\Potato___Late_blight\3f6bce87-fb66-44fb-8e76-e282af4869b9___RS_LB 3013.JPG,Potato___Late_blight,Late Blight,256,256,1.0,65536,18.17,95.31,105.99,85.35,45.73,36.23,49.98,95.55,45.14,-0.36,15.66,-15.3,Diseased,Small,Dark,Green,95.55
3f6db123-4a6e-4b8a-9b26-954ccf29cc3c___RS_LB 4695.JPG,PlantVillage\Potato___Late_blight\3f6db123-4a6e-4b8a-9b26-954ccf29cc3c___RS_LB 4695.JPG,Potato___Late_blight,Late Blight,256,256,1.0,65536,15.17,108.16,112.35,95.94,44.13,37.89,50.54,105.48,45.03,4.01,10.29,-14.31,Diseased,Small,Moderate,Green,105.48
3f7f719f-9849-47c5-8f79-0384a64f8e8f___RS_LB 2862.JPG,PlantVillage\Potato___Late_blight\3f7f719f-9849-47c5-8f79-0384a64f8e8f___RS_LB 2862.JPG,Potato___Late_blight,Late Blight,256,256,1.0,65536,15.13,97.16,97.7,87.62,35.35,31.68,42.59,94.16,37.11,4.5,5.31,-9.81,Diseased,Small,Dark,Green,94.16
40285dce-33de-4a59-82f4-2eb1d6d38469___RS_LB 4929.JPG,PlantVillage\Potato___Late_blight\40285dce-33de-4a59-82f4-2eb1d6d38469___RS_LB 4929.JPG,Potato___Late_blight,Late Blight,256,256,1.0,65536,17.92,117.32,115.52,101.99,43.39,37.81,48.89,111.61,44.13,8.56,5.86,-14.42,Diseased,Small,Moderate,Red,111.61
4043044d-1e8d-4861-9152-99660fdffa9e___RS_LB 4438.JPG,PlantVillage\Potato___Late_blight\4043044d-1e8d-4861-9152-99660fdffa9e___RS_LB 4438.JPG,Potato___Late_blight,Late Blight,256,256,1.0,65536,18.87,120.22,117.65,113.92,41.47,35.88,52.52,117.27,43.91,4.43,0.58,-5.01,Diseased,Small,Moderate,Red,117.26
410cba02-24db-487a-a30c-fc7cefba924b___RS_LB 2571.JPG,PlantVillage\Potato___Late_blight\410cba02-24db-487a-a30c-fc7cefba924b___RS_LB 2571.JPG,Potato___Late_blight,Late Blight,256,256,1.0,65536,15.31,104.97,107.24,93.07,40.34,35.06,45.83,101.76,41.12,4.82,8.22,-13.03,Diseased,Small,Moderate,Green,101.76
418e398c-d710-4682-af82-82f1e8822311___RS_LB 5218.JPG,PlantVillage\Potato___Late_blight\418e398c-d710-4682-af82-82f1e8822311___RS_LB 5218.JPG,Potato___Late_blight,Late Blight,256,256,1.0,65536,11.94,105.67,114.11,98.27,34.57,25.17,40.84,106.02,34.75,-0.52,12.14,-11.62,Diseased,Small,Moderate,Green,106.02
41e3b4c0-7aec-4d49-a84c-f37ed2637407___RS_LB 4377.JPG,PlantVillage\Potato___Late_blight\41e3b4c0-7aec-4d49-a84c-f37ed2637407___RS_LB 4377.JPG,Potato___Late_blight,Late Blight,256,256,1.0,65536,14.17,140.29,132.36,113.69,51.24,46.5,58.99,128.78,53.67,17.26,5.38,-22.64,Diseased,Small,Moderate,Red,128.78
420b4d84-d621-4a64-a8bd-30042f1a6609___RS_LB 2778.JPG,PlantVillage\Potato___Late_blight\420b4d84-d621-4a64-a8bd-30042f1a6609___RS_LB 2778.JPG,Potato___Late_blight,Late Blight,256,256,1.0,65536,16.57,110.94,114.83,98.21,47.38,39.83,52.4,108.0,47.36,4.42,10.25,-14.68,Diseased,Small,Moderate,Green,107.99
4215b9d5-c554-4249-80e1-aeaf2106e966___RS_LB 2977.JPG,PlantVillage\Potato___Late_blight\4215b9d5-c554-4249-80e1-aeaf2106e966___RS_LB 2977.JPG,Potato___Late_blight,Late Blight,256,256,1.0,65536,19.15,114.46,113.97,98.12,58.22,50.19,63.56,108.85,58.09,8.42,7.69,-16.1,Diseased,Small,Moderate,Red,108.85
42451eb3-fb45-4b9a-8dd3-c9b9aa3a29c8___RS_LB 4340.JPG,PlantVillage\Potato___Late_blight\42451eb3-fb45-4b9a-8dd3-c9b9aa3a29c8___RS_LB 4340.JPG,Potato___Late_blight,Late Blight,256,256,1.0,65536,18.49,126.28,118.24,90.2,44.52,42.41,48.1,111.57,47.65,22.06,10.0,-32.06,Diseased,Small,Moderate,Red,111.57
42b19bb3-68b6-4c46-a626-f7480718360a___RS_LB 4686.JPG,PlantVillage\Potato___Late_blight\42b19bb3-68b6-4c46-a626-f7480718360a___RS_LB 4686.JPG,Potato___Late_blight,Late Blight,256,256,1.0,65536,15.5,141.56,128.65,107.75,44.95,35.35,44.24,125.99,44.01,23.36,3.99,-27.35,Diseased,Small,Moderate,Red,125.99
42bc0da9-199f-428f-854c-a9b05c57aa75___RS_LB 2770.JPG,PlantVillage\Potato___Late_blight\42bc0da9-199f-428f-854c-a9b05c57aa75___RS_LB 2770.JPG,Potato___Late_blight,Late Blight,256,256,1.0,65536,17.21,121.22,120.81,101.16,36.8,33.84,45.31,114.4,40.06,10.23,9.62,-19.85,Diseased,Small,Moderate,Red,114.4
42cd0719-199a-40a8-aaa0-228bb80e1832___RS_LB 4440.JPG,PlantVillage\Potato___Late_blight\42cd0719-199a-40a8-aaa0-228bb80e1832___RS_LB 4440.JPG,Potato___Late_blight,Late Blight,256,256,1.0,65536,16.41,139.29,134.57,120.35,47.67,42.12,53.8,131.4,48.77,11.83,4.76,-16.58,Diseased,Small,Moderate,Red,131.4
430b0d0d-c0aa-4e5b-9826-34251466f735___RS_LB 4718.JPG,PlantVillage\Potato___Late_blight\430b0d0d-c0aa-4e5b-9826-34251466f735___RS_LB 4718.JPG,Potato___Late_blight,Late Blight,256,256,1.0,65536,13.17,115.0,123.09,121.8,38.47,33.01,44.76,119.96,39.2,-7.45,4.69,2.76,Diseased,Small,Moderate,Green,119.96
4324e62b-d7e0-4caa-a417-5eb3dd8712ee___RS_LB 5452.JPG,PlantVillage\Potato___Late_blight\4324e62b-d7e0-4caa-a417-5eb3dd8712ee___RS_LB 5452.JPG,Potato___Late_blight,Late Blight,256,256,1.0,65536,14.66,107.71,117.78,106.27,39.41,37.82,44.03,110.59,40.83,-4.31,10.79,-6.48,Diseased,Small,Moderate,Green,110.59
4337f628-ff14-4603-9120-8639c78cacea___RS_LB 3183.JPG,PlantVillage\Potato___Late_blight\4337f628-ff14-4603-9120-8639c78cacea___RS_LB 3183.JPG,Potato___Late_blight,Late Blight,256,256,1.0,65536,16.95,126.29,124.22,108.11,54.66,49.99,59.54,119.54,55.47,10.12,7.02,-17.14,Diseased,Small,Moderate,Red,119.54
43396f0d-f05b-4dce-a209-9edcbd62d39c___RS_LB 4407.JPG,PlantVillage\Potato___Late_blight\43396f0d-f05b-4dce-a209-9edcbd62d39c___RS_LB 4407.JPG,Potato___Late_blight,Late Blight,256,256,1.0,65536,11.94,117.56,111.12,85.06,56.64,48.48,61.3,104.58,57.47,19.47,9.81,-29.28,Diseased,Small,Moderate,Red,104.58
4358aa91-bce4-4788-a39f-1e1e4810bd51___RS_LB 3047.JPG,PlantVillage\Potato___Late_blight\4358aa91-bce4-4788-a39f-1e1e4810bd51___RS_LB 3047.JPG,Potato___Late_blight,Late Blight,256,256,1.0,65536,15.59,104.42,97.97,90.76,37.73,35.34,44.21,97.72,39.67,10.06,0.38,-10.43,Diseased,Small,Dark,Red,97.72
437640c6-1680-4d1b-aa0b-c1dd52aa13a5___RS_LB 4926.JPG,PlantVillage\Potato___Late_blight\437640c6-1680-4d1b-aa0b-c1dd52aa13a5___RS_LB 4926.JPG,Potato___Late_blight,Late Blight,256,256,1.0,65536,17.68,121.66,121.45,107.29,46.67,44.19,50.87,116.8,47.8,7.29,6.97,-14.26,Diseased,Small,Moderate,Red,116.8
43dde1e0-8c73-45af-8fbf-d500e450a154___RS_LB 3270.JPG,PlantVillage\Potato___Late_blight\43dde1e0-8c73-45af-8fbf-d500e450a154___RS_LB 3270.JPG,Potato___Late_blight,Late Blight,256,256,1.0,65536,18.65,131.27,126.26,111.34,50.94,45.37,54.03,122.96,50.95,12.47,4.96,-17.43,Diseased,Small,Moderate,Red,122.96
440adc9e-3f21-4373-ab9a-ed003c3588f3___RS_LB 4152.JPG,PlantVillage\Potato___Late_blight\440adc9e-3f21-4373-ab9a-ed003c3588f3___RS_LB 4152.JPG,Potato___Late_blight,Late Blight,256,256,1.0,65536,12.44,112.48,116.71,100.91,33.97,21.39,42.82,110.03,34.54,3.67,10.02,-13.69,Diseased,Small,Moderate,Green,110.03
44112cb9-7423-4983-bb9a-cb32e3ea9ac3___RS_LB 2793.JPG,PlantVillage\Potato___Late_blight\44112cb9-7423-4983-bb9a-cb32e3ea9ac3___RS_LB 2793.JPG,Potato___Late_blight,Late Blight,256,256,1.0,65536,17.0,121.32,119.14,109.89,44.88,41.96,50.8,116.78,46.29,6.81,3.53,-10.34,Diseased,Small,Moderate,Red,116.78
44722935-fb60-4ecf-8503-f8258aa4e3e7___RS_LB 3225.JPG,PlantVillage\Potato___Late_blight\44722935-fb60-4ecf-8503-f8258aa4e3e7___RS_LB 3225.JPG,Potato___Late_blight,Late Blight,256,256,1.0,65536,17.47,121.66,118.76,103.67,50.27,45.34,52.06,114.7,49.93,10.44,6.1,-16.54,Diseased,Small,Moderate,Red,114.7
447c4811-7ed2-4576-81b4-2f67c8993db7___RS_LB 4137.JPG,PlantVillage\Potato___Late_blight\447c4811-7ed2-4576-81b4-2f67c8993db7___RS_LB 4137.JPG,Potato___Late_blight,Late Blight,256,256,1.0,65536,13.64,100.78,101.26,84.1,26.22,23.26,35.26,95.38,29.79,8.1,8.82,-16.92,Diseased,Small,Dark,Green,95.38
456f2c6a-a8c8-4dac-9de1-73668e39cd01___RS_LB 3008.JPG,PlantVillage\Potato___Late_blight\456f2c6a-a8c8-4dac-9de1-73668e39cd01___RS_LB 3008.JPG,Potato___Late_blight,Late Blight,256,256,1.0,65536,14.6,110.57,110.28,91.01,38.9,38.71,50.38,103.95,43.97,9.92,9.49,-19.41,Diseased,Small,Moderate,Red,103.95
461f1af8-a71f-446d-b59c-b7f31dde1c74___RS_LB 2833.JPG,PlantVillage\Potato___Late_blight\461f1af8-a71f-446d-b59c-b7f31dde1c74___RS_LB 2833.JPG,Potato___Late_blight,Late Blight,256,256,1.0,65536,13.92,84.49,91.86,83.55,38.38,31.59,41.71,86.64,37.65,-3.22,7.84,-4.62,Diseased,Small,Dark,Green,86.63
463e8a94-a7e6-4604-a29c-2187500b2318___RS_LB 4244.JPG,PlantVillage\Potato___Late_blight\463e8a94-a7e6-4604-a29c-2187500b2318___RS_LB 4244.JPG,Potato___Late_blight,Late Blight,256,256,1.0,65536,20.42,124.68,114.4,97.5,41.91,39.83,47.02,112.19,44.46,18.73,3.31,-22.04,Diseased,Small,Moderate,Red,112.19
465165a0-33c0-4593-8324-03513e71079d___RS_LB 4445.JPG,PlantVillage\Potato___Late_blight\465165a0-33c0-4593-8324-03513e71079d___RS_LB 4445.JPG,Potato___Late_blight,Late Blight,256,256,1.0,65536,18.07,125.25,117.53,101.44,45.37,42.19,45.82,114.74,45.58,15.76,4.19,-19.95,Diseased,Small,Moderate,Red,114.74
465669d7-b75c-4aab-8ccc-af3566baf2e3___RS_LB 4985.JPG,PlantVillage\Potato___Late_blight\465669d7-b75c-4aab-8ccc-af3566baf2e3___RS_LB 4985.JPG,Potato___Late_blight,Late Blight,256,256,1.0,65536,19.46,132.23,134.54,122.71,46.08,37.99,49.1,129.83,44.93,3.6,7.07,-10.67,Diseased,Small,Moderate,Green,129.83
4664efe7-50ae-4a32-b818-2ec7f3881471___RS_LB 4478.JPG,PlantVillage\Potato___Late_blight\4664efe7-50ae-4a32-b818-2ec7f3881471___RS_LB 4478.JPG,Potato___Late_blight,Late Blight,256,256,1.0,65536,16.19,125.87,108.64,97.21,53.72,50.18,55.28,110.58,54.4,22.94,-2.9,-20.04,Diseased,Small,Moderate,Red,110.57
468629f7-6ca2-4823-9a39-d42b4d92c4bb___RS_LB 5312.JPG,PlantVillage\Potato___Late_blight\468629f7-6ca2-4823-9a39-d42b4d92c4bb___RS_LB 5312.JPG,Potato___Late_blight,Late Blight,256,256,1.0,65536,16.82,114.92,118.86,100.26,42.92,39.9,51.43,111.35,45.72,5.36,11.27,-16.63,Diseased,Small,Moderate,Green,111.35
471fd810-047d-4c87-933b-14c8b46d4b20___RS_LB 5450.JPG,PlantVillage\Potato___Late_blight\471fd810-047d-4c87-933b-14c8b46d4b20___RS_LB 5450.JPG,Potato___Late_blight,Late Blight,256,256,1.0,65536,12.48,104.92,117.82,102.51,43.81,36.28,52.97,108.42,45.38,-5.25,14.1,-8.86,Diseased,Small,Moderate,Green,108.42
4885a2b1-fc77-4b1a-ad55-3fa4b3fe4e1e___RS_LB 4425.JPG,PlantVillage\Potato___Late_blight\4885a2b1-fc77-4b1a-ad55-3fa4b3fe4e1e___RS_LB 4425.JPG,Potato___Late_blight,Late Blight,256,256,1.0,65536,16.25,107.33,113.48,99.17,49.87,39.32,49.68,106.66,46.92,1.0,10.23,-11.24,Diseased,Small,Moderate,Green,106.66
489107b2-13f2-401b-b931-39ca7fd4be2b___RS_LB 2665.JPG,PlantVillage\Potato___Late_blight\489107b2-13f2-401b-b931-39ca7fd4be2b___RS_LB 2665.JPG,Potato___Late_blight,Late Blight,256,256,1.0,65536,16.5,112.18,115.9,102.0,40.52,35.08,46.97,110.03,41.56,3.24,8.81,-12.05,Diseased,Small,Moderate,Green,110.03
48f93953-2de7-4724-9c7b-69dc13a47759___RS_LB 4977.JPG,PlantVillage\Potato___Late_blight\48f93953-2de7-4724-9c7b-69dc13a47759___RS_LB 4977.JPG,Potato___Late_blight,Late Blight,256,256,1.0,65536,19.36,126.42,134.1,113.86,49.31,42.6,55.28,124.79,50.03,2.44,13.96,-16.4,Diseased,Small,Moderate,Green,124.79
49835c13-105d-4afb-95dd-b4ee15f3d287___RS_LB 4099.JPG,PlantVillage\Potato___Late_blight\49835c13-105d-4afb-95dd-b4ee15f3d287___RS_LB 4099.JPG,Potato___Late_blight,Late Blight,256,256,1.0,65536,15.82,130.45,126.04,110.37,37.37,32.93,44.46,122.28,39.5,12.24,5.64,-17.88,Diseased,Small,Moderate,Red,122.29
49d18379-215d-427e-8662-9cde649d4a33___RS_LB 3163.JPG,PlantVillage\Potato___Late_blight\49d18379-215d-427e-8662-9cde649d4a33___RS_LB 3163.JPG,Potato___Late_blight,Late Blight,256,256,1.0,65536,18.52,124.09,117.56,106.2,45.61,41.4,48.11,115.95,45.73,12.21,2.42,-14.63,Diseased,Small,Moderate,Red,115.95
49e55f8e-4d44-452c-8e59-d4c4f0ae1085___RS_LB 4333.JPG,PlantVillage\Potato___Late_blight\49e55f8e-4d44-452c-8e59-d4c4f0ae1085___RS_LB 4333.JPG,Potato___Late_blight,Late Blight,256,256,1.0,65536,12.24,125.75,121.56,115.22,30.3,41.72,40.32,120.84,38.04,7.36,1.08,-8.44,Diseased,Small,Moderate,Red,120.84
49ffd4fb-07ef-4377-9f14-3648deaa8dd2___RS_LB 4453.JPG,PlantVillage\Potato___Late_blight\49ffd4fb-07ef-4377-9f14-3648deaa8dd2___RS_LB 4453.JPG,Potato___Late_blight,Late Blight,256,256,1.0,65536,16.29,130.89,119.97,102.55,52.2,50.26,55.83,117.8,54.09,19.63,3.25,-22.89,Diseased,Small,Moderate,Red,117.8
4a34ce1c-9fde-4707-947a-58432a695741___RS_LB 3277.JPG,PlantVillage\Potato___Late_blight\4a34ce1c-9fde-4707-947a-58432a695741___RS_LB 3277.JPG,Potato___Late_blight,Late Blight,256,256,1.0,65536,16.42,116.51,117.77,103.44,47.61,42.36,54.92,112.57,49.0,5.91,7.79,-13.7,Diseased,Small,Moderate,Green,112.57
4a5c555b-3f00-4553-b6a4-3be268969d7f___RS_LB 4323.JPG,PlantVillage\Potato___Late_blight\4a5c555b-3f00-4553-b6a4-3be268969d7f___RS_LB 4323.JPG,Potato___Late_blight,Late Blight,256,256,1.0,65536,19.85,125.42,111.11,101.38,49.9,42.31,48.03,112.64,47.89,19.18,-2.29,-16.89,Diseased,Small,Moderate,Red,112.64
4a911e79-f9c0-4ba1-aa80-567d653df61c___RS_LB 4038.JPG,PlantVillage\Potato___Late_blight\4a911e79-f9c0-4ba1-aa80-567d653df61c___RS_LB 4038.JPG,Potato___Late_blight,Late Blight,256,256,1.0,65536,11.27,100.57,110.66,103.03,32.87,23.05,39.93,104.75,32.97,-6.28,8.86,-2.59,Diseased,Small,Moderate,Green,104.75
4ac84ca7-f60a-406e-938d-40f4ba5b75ce___RS_LB 2731.JPG,PlantVillage\Potato___Late_blight\4ac84ca7-f60a-406e-938d-40f4ba5b75ce___RS_LB 2731.JPG,Potato___Late_blight,Late Blight,256,256,1.0,65536,18.28,98.64,99.01,83.35,47.38,39.49,49.89,93.67,46.38,7.47,8.01,-15.48,Diseased,Small,Dark,Green,93.67
4afd8bf6-0e1e-4a85-a576-1e8995c88d5c___RS_LB 2505.JPG,PlantVillage\Potato___Late_blight\4afd8bf6-0e1e-4a85-a576-1e8995c88d5c___RS_LB 2505.JPG,Potato___Late_blight,Late Blight,256,256,1.0,65536,14.61,119.19,117.44,103.24,47.84,42.41,50.78,113.29,47.67,8.86,6.22,-15.07,Diseased,Small,Moderate,Red,113.29
4bccc3ae-4246-48f8-9c07-f4a1d5856314___RS_LB 2760.JPG,PlantVillage\Potato___Late_blight\4bccc3ae-4246-48f8-9c07-f4a1d5856314___RS_LB 2760.JPG,Potato___Late_blight,Late Blight,256,256,1.0,65536,19.94,123.87,120.89,104.7,41.02,34.87,45.55,116.49,41.58,11.07,6.61,-17.68,Diseased,Small,Moderate,Red,116.49
4c846678-1c22-4734-b2bf-fb774bf3bb13___RS_LB 4090.JPG,PlantVillage\Potato___Late_blight\4c846678-1c22-4734-b2bf-fb774bf3bb13___RS_LB 4090.JPG,Potato___Late_blight,Late Blight,256,256,1.0,65536,12.29,107.21,120.79,106.22,35.14,22.01,42.41,111.41,34.88,-6.3,14.08,-7.78,Diseased,Small,Moderate,Green,111.41
4ca06863-f89b-497c-bd3a-9bca78f02942___RS_LB 3088.JPG,PlantVillage\Potato___Late_blight\4ca06863-f89b-497c-bd3a-9bca78f02942___RS_LB 3088.JPG,Potato___Late_blight,Late Blight,256,256,1.0,65536,19.11,125.06,125.74,109.46,52.82,48.08,56.54,120.08,53.13,7.46,8.48,-15.94,Diseased,Small,Moderate,Green,120.09
4cc2dba7-6871-481d-8989-07ea683e58b5___RS_LB 4979.JPG,PlantVillage\Potato___Late_blight\4cc2dba7-6871-481d-8989-07ea683e58b5___RS_LB 4979.JPG,Potato___Late_blight,Late Blight,256,256,1.0,65536,19.13,129.09,133.15,116.83,43.72,35.67,49.26,126.36,43.8,4.09,10.2,-14.29,Diseased,Small,Moderate,Green,126.36
4cd2f7ef-e3aa-4b2a-b382-6fea00bfd070___RS_LB 5006.JPG,PlantVillage\Potato___Late_blight\4cd2f7ef-e3aa-4b2a-b382-6fea00bfd070___RS_LB 5006.JPG,Potato___Late_blight,Late Blight,256,256,1.0,65536,18.1,130.48,128.75,116.09,39.41,31.34,45.17,125.1,39.58,8.06,5.47,-13.53,Diseased,Small,Moderate,Red,125.11
4ce7142d-29a5-4fa0-8559-f9a2e6a3f62d___RS_LB 3189.JPG,PlantVillage\Potato___Late_blight\4ce7142d-29a5-4fa0-8559-f9a2e6a3f62d___RS_LB 3189.JPG,Potato___Late_blight,Late Blight,256,256,1.0,65536,16.21,130.81,128.81,112.26,52.32,47.31,57.6,123.96,53.23,10.27,7.28,-17.56,Diseased,Small,Moderate,Red,123.96
4d085c80-4d57-4377-8fb3-eab3a25e5f5c___RS_LB 3060.JPG,PlantVillage\Potato___Late_blight\4d085c80-4d57-4377-8fb3-eab3a25e5f5c___RS_LB 3060.JPG,Potato___Late_blight,Late Blight,256,256,1.0,65536,15.99,110.02,108.13,96.26,49.43,48.2,56.36,104.8,51.82,7.83,4.99,-12.82,Diseased,Small,Moderate,Red,104.8
4d213f48-e73a-45bf-badd-ead51dda60b4___RS_LB 2981.JPG,PlantVillage\Potato___Late_blight\4d213f48-e73a-45bf-badd-ead51dda60b4___RS_LB 2981.JPG,Potato___Late_blight,Late Blight,256,256,1.0,65536,16.53,129.47,126.47,112.44,59.92,56.67,61.87,122.79,59.98,10.02,5.51,-15.53,Diseased,Small,Moderate,Red,122.79
4d56ef9d-bc69-489c-92de-d2fad01d762d___RS_LB 3890.JPG,PlantVillage\Potato___Late_blight\4d56ef9d-bc69-489c-92de-d2fad01d762d___RS_LB 3890.JPG,Potato___Late_blight,Late Blight,256,256,1.0,65536,14.92,115.16,121.9,109.18,35.58,23.2,39.62,115.41,33.93,-0.37,9.73,-9.36,Diseased,Small,Moderate,Green,115.41
4d96b41e-8e2e-4a0d-b9a2-0ab8456e4074___RS_LB 3893.JPG,PlantVillage\Potato___Late_blight\4d96b41e-8e2e-4a0d-b9a2-0ab8456e4074___RS_LB 3893.JPG,Potato___Late_blight,Late Blight,256,256,1.0,65536,14.92,106.92,112.68,90.9,37.37,24.36,39.04,103.5,35.44,5.13,13.77,-18.9,Diseased,Small,Moderate,Green,103.5
4eaf1f96-f7f4-4a92-ba67-0147de20ab72___RS_LB 4830.JPG,PlantVillage\Potato___Late_blight\4eaf1f96-f7f4-4a92-ba67-0147de20ab72___RS_LB 4830.JPG,Potato___Late_blight,Late Blight,256,256,1.0,65536,18.08,118.27,123.4,96.36,45.38,41.3,55.2,112.68,49.07,8.39,16.09,-24.48,Diseased,Small,Moderate,Green,112.68
4f138229-2f00-4374-9c16-3732660bf011___RS_LB 4105.JPG,PlantVillage\Potato___Late_blight\4f138229-2f00-4374-9c16-3732660bf011___RS_LB 4105.JPG,Potato___Late_blight,Late Blight,256,256,1.0,65536,15.24,135.87,138.24,122.74,36.38,27.63,43.24,132.29,36.95,5.38,8.94,-14.32,Diseased,Small,Moderate,Green,132.28
4f249e3b-92a0-43e5-a70d-fe3045630437___RS_LB 3913.JPG,PlantVillage\Potato___Late_blight\4f249e3b-92a0-43e5-a70d-fe3045630437___RS_LB 3913.JPG,Potato___Late_blight,Late Blight,256,256,1.0,65536,15.09,111.02,112.15,104.36,39.66,33.53,46.24,109.18,40.29,2.77,4.46,-7.22,Diseased,Small,Moderate,Green,109.18
4f41de6a-c118-4296-a753-963d1427323c___RS_LB 4561.JPG,PlantVillage\Potato___Late_blight\4f41de6a-c118-4296-a753-963d1427323c___RS_LB 4561.JPG,Potato___Late_blight,Late Blight,256,256,1.0,65536,16.29,122.33,119.48,95.11,37.12,28.03,38.66,112.31,36.99,15.03,10.77,-25.8,Diseased,Small,Moderate,Red,112.31
4fbe268d-dabb-4a25-8283-7968fd91fcdb___RS_LB 4819.JPG,PlantVillage\Potato___Late_blight\4fbe268d-dabb-4a25-8283-7968fd91fcdb___RS_LB 4819.JPG,Potato___Late_blight,Late Blight,256,256,1.0,65536,20.03,125.4,128.71,114.09,47.4,39.14,52.68,122.73,47.16,4.0,8.96,-12.96,Diseased,Small,Moderate,Green,122.73
50abdfe1-411f-4afe-8f78-1ffb7816792f___RS_LB 2694.JPG,PlantVillage\Potato___Late_blight\50abdfe1-411f-4afe-8f78-1ffb7816792f___RS_LB 2694.JPG,Potato___Late_blight,Late Blight,256,256,1.0,65536,15.65,96.81,100.55,84.04,41.8,36.53,47.88,93.8,42.91,4.51,10.13,-14.64,Diseased,Small,Dark,Green,93.8
516099d5-5399-4d6e-916d-014a84a02a18___RS_LB 4118.JPG,PlantVillage\Potato___Late_blight\516099d5-5399-4d6e-916d-014a84a02a18___RS_LB 4118.JPG,Potato___Late_blight,Late Blight,256,256,1.0,65536,12.43,98.37,106.77,96.8,34.99,23.3,38.8,100.65,33.32,-3.42,9.19,-5.77,Diseased,Small,Moderate,Green,100.65
51a85617-5433-4a07-b822-fa1975cf76b1___RS_LB 4778.JPG,PlantVillage\Potato___Late_blight\51a85617-5433-4a07-b822-fa1975cf76b1___RS_LB 4778.JPG,Potato___Late_blight,Late Blight,256,256,1.0,65536,14.28,136.74,140.32,131.16,31.69,30.71,40.12,136.07,34.64,0.99,6.37,-7.37,Diseased,Small,Moderate,Green,136.07
51eb7a7a-99b4-47c4-be2f-2de9f4e5e985___RS_LB 5182.JPG,PlantVillage\Potato___Late_blight\51eb7a7a-99b4-47c4-be2f-2de9f4e5e985___RS_LB 5182.JPG,Potato___Late_blight,Late Blight,256,256,1.0,65536,17.89,123.6,130.37,111.07,45.6,33.49,51.39,121.68,44.85,2.88,13.04,-15.92,Diseased,Small,Moderate,Green,121.68
520c0e9a-1ba4-44fa-aa60-dcdf018a00b3___RS_LB 2850.JPG,PlantVillage\Potato___Late_blight\520c0e9a-1ba4-44fa-aa60-dcdf018a00b3___RS_LB 2850.JPG,Potato___Late_blight,Late Blight,256,256,1.0,65536,14.81,102.53,101.4,94.9,43.03,39.61,47.38,99.61,43.58,4.37,2.69,-7.06,Diseased,Small,Dark,Red,99.61
523537e5-5795-40f6-ad49-9394aeca3f2e___RS_LB 3848.JPG,PlantVillage\Potato___Late_blight\523537e5-5795-40f6-ad49-9394aeca3f2e___RS_LB 3848.JPG,Potato___Late_blight,Late Blight,256,256,1.0,65536,16.09,121.21,131.89,111.37,38.45,27.01,47.32,121.49,39.4,-0.42,15.61,-15.18,Diseased,Small,Moderate,Green,121.49
5239c829-457f-4e6c-b0af-ef5f58abddd0___RS_LB 5329.JPG,PlantVillage\Potato___Late_blight\5239c829-457f-4e6c-b0af-ef5f58abddd0___RS_LB 5329.JPG,Potato___Late_blight,Late Blight,256,256,1.0,65536,14.52,113.87,121.44,109.62,36.87,34.41,46.43,114.97,39.88,-1.66,9.69,-8.03,Diseased,Small,Moderate,Green,114.98
525c5249-eccb-4c23-b5b7-e9d103857432___RS_LB 4077.JPG,PlantVillage\Potato___Late_blight\525c5249-eccb-4c23-b5b7-e9d103857432___RS_LB 4077.JPG,Potato___Late_blight,Late Blight,256,256,1.0,65536,11.59,100.36,114.87,103.85,38.22,24.72,40.16,106.36,35.59,-9.01,12.77,-3.76,Diseased,Small,Moderate,Green,106.36
52c6891d-e627-4ebf-a080-3e8051531f5a___RS_LB 4092.JPG,PlantVillage\Potato___Late_blight\52c6891d-e627-4ebf-a080-3e8051531f5a___RS_LB 4092.JPG,Potato___Late_blight,Late Blight,256,256,1.0,65536,11.88,96.3,107.78,95.93,35.46,23.3,43.31,100.0,35.44,-5.55,11.66,-6.11,Diseased,Small,Dark,Green,100.0
530d9a52-266a-49ca-b0d0-a430acac0011___RS_LB 5054.JPG,PlantVillage\Potato___Late_blight\530d9a52-266a-49ca-b0d0-a430acac0011___RS_LB 5054.JPG,Potato___Late_blight,Late Blight,256,256,1.0,65536,17.53,126.22,121.23,109.87,40.91,36.75,47.24,119.11,42.41,10.67,3.19,-13.85,Diseased,Small,Moderate,Red,119.11
5318452f-222d-4abc-b39c-55fa6c26a82a___RS_LB 3063.JPG,PlantVillage\Potato___Late_blight\5318452f-222d-4abc-b39c-55fa6c26a82a___RS_LB 3063.JPG,Potato___Late_blight,Late Blight,256,256,1.0,65536,14.83,90.3,89.13,79.77,44.75,44.52,52.21,86.4,47.53,5.85,4.09,-9.95,Diseased,Small,Dark,Red,86.4
531a9b98-e034-4a76-81f0-55f597552f6a___RS_LB 5021.JPG,PlantVillage\Potato___Late_blight\531a9b98-e034-4a76-81f0-55f597552f6a___RS_LB 5021.JPG,Potato___Late_blight,Late Blight,256,256,1.0,65536,14.17,108.98,121.17,115.21,34.52,29.27,40.52,115.12,35.42,-9.21,9.07,0.14,Diseased,Small,Moderate,Green,115.12
53367bb0-3f38-4c90-a71d-05592341e4aa___RS_LB 4149.JPG,PlantVillage\Potato___Late_blight\53367bb0-3f38-4c90-a71d-05592341e4aa___RS_LB 4149.JPG,Potato___Late_blight,Late Blight,256,256,1.0,65536,15.27,114.67,119.31,101.74,33.9,22.03,43.15,111.9,34.94,4.15,11.1,-15.25,Diseased,Small,Moderate,Green,111.91
53b09253-988e-4a22-966c-b5a03ed6bc44___RS_LB 2924.JPG,PlantVillage\Potato___Late_blight\53b09253-988e-4a22-966c-b5a03ed6bc44___RS_LB 2924.JPG,Potato___Late_blight,Late Blight,256,256,1.0,65536,13.75,112.21,109.63,100.88,40.1,37.05,48.37,107.57,42.39,6.95,3.09,-10.04,Diseased,Small,Moderate,Red,107.57
53e33b6d-9fc5-441b-b638-3bf067f92a99___RS_LB 2753.JPG,PlantVillage\Potato___Late_blight\53e33b6d-9fc5-441b-b638-3bf067f92a99___RS_LB 2753.JPG,Potato___Late_blight,Late Blight,256,256,1.0,65536,18.71,124.19,120.78,98.39,50.8,47.45,54.92,114.45,52.42,14.61,9.49,-24.09,Diseased,Small,Moderate,Red,114.45
541591d3-3560-4540-ac2c-9749936e80ae___RS_LB 2553.JPG,PlantVillage\Potato___Late_blight\541591d3-3560-4540-ac2c-9749936e80ae___RS_LB 2553.JPG,Potato___Late_blight,Late Blight,256,256,1.0,65536,17.97,128.95,130.42,112.88,48.15,40.19,54.99,124.08,48.81,7.3,9.5,-16.8,Diseased,Small,Moderate,Green,124.08
542c1489-0040-4867-acb3-82f73249e2f8___RS_LB 4592.JPG,PlantVillage\Potato___Late_blight\542c1489-0040-4867-acb3-82f73249e2f8___RS_LB 4592.JPG,Potato___Late_blight,Late Blight,256,256,1.0,65536,14.48,104.85,107.65,97.3,47.69,40.52,50.91,103.27,46.78,2.38,6.57,-8.95,Diseased,Small,Moderate,Green,103.27
546fcdf5-862b-42fb-931d-a51a85dc843c___RS_LB 4403.JPG,PlantVillage\Potato___Late_blight\546fcdf5-862b-42fb-931d-a51a85dc843c___RS_LB 4403.JPG,Potato___Late_blight,Late Blight,256,256,1.0,65536,19.71,124.33,113.23,88.96,48.15,48.35,50.08,108.84,51.05,23.23,6.59,-29.82,Diseased,Small,Moderate,Red,108.84
547d3544-5e37-484b-a853-254376c49081___RS_LB 2556.JPG,PlantVillage\Potato___Late_blight\547d3544-5e37-484b-a853-254376c49081___RS_LB 2556.JPG,Potato___Late_blight,Late Blight,256,256,1.0,65536,16.99,121.17,119.79,108.02,49.64,42.67,52.03,116.32,48.63,7.27,5.2,-12.46,Diseased,Small,Moderate,Red,116.33
54ed9ec4-c9db-46ff-9a9b-1ebdea084b18___RS_LB 2984.JPG,PlantVillage\Potato___Late_blight\54ed9ec4-c9db-46ff-9a9b-1ebdea084b18___RS_LB 2984.JPG,Potato___Late_blight,Late Blight,256,256,1.0,65536,20.12,129.51,126.62,106.65,49.45,44.21,54.41,120.93,50.57,12.87,8.54,-21.41,Diseased,Small,Moderate,Red,120.93
551f74c9-3212-4a08-8f5e-a101b4195e1e___RS_LB 2593.JPG,PlantVillage\Potato___Late_blight\551f74c9-3212-4a08-8f5e-a101b4195e1e___RS_LB 2593.JPG,Potato___Late_blight,Late Blight,256,256,1.0,65536,13.58,90.28,91.28,86.3,39.22,37.0,46.49,89.29,41.16,1.49,3.0,-4.48,Diseased,Small,Dark,Green,89.29
5551d3fa-ed55-46df-8a35-b3c53ffdcd31___RS_LB 4138.JPG,PlantVillage\Potato___Late_blight\5551d3fa-ed55-46df-8a35-b3c53ffdcd31___RS_LB 4138.JPG,Potato___Late_blight,Late Blight,256,256,1.0,65536,12.86,104.69,107.07,84.07,26.71,22.61,36.89,98.61,31.12,9.12,12.69,-21.81,Diseased,Small,Dark,Green,98.61
5576794b-902c-4df2-ae8d-da30faa37d5d___RS_LB 4443.JPG,PlantVillage\Potato___Late_blight\5576794b-902c-4df2-ae8d-da30faa37d5d___RS_LB 4443.JPG,Potato___Late_blight,Late Blight,256,256,1.0,65536,17.71,106.4,106.97,94.55,41.73,34.92,47.83,102.64,42.22,5.64,6.49,-12.14,Diseased,Small,Moderate,Green,102.64
55987838-6174-4182-be76-78ddd50890fb___RS_LB 4714.JPG,PlantVillage\Potato___Late_blight\55987838-6174-4182-be76-78ddd50890fb___RS_LB 4714.JPG,Potato___Late_blight,Late Blight,256,256,1.0,65536,13.58,95.26,103.48,99.66,34.2,30.74,40.58,99.47,35.57,-6.3,6.02,0.28,Diseased,Small,Dark,Green,99.47
55c87fde-32cc-474c-a25a-1846d39aa6f4___RS_LB 2683.JPG,PlantVillage\Potato___Late_blight\55c87fde-32cc-474c-a25a-1846d39aa6f4___RS_LB 2683.JPG,Potato___Late_blight,Late Blight,256,256,1.0,65536,18.69,121.72,118.07,103.18,49.5,43.97,52.24,114.33,49.35,11.09,5.62,-16.71,Diseased,Small,Moderate,Red,114.32
55ed5831-c628-4352-87a8-13077705fb9a___RS_LB 2872.JPG,PlantVillage\Potato___Late_blight\55ed5831-c628-4352-87a8-13077705fb9a___RS_LB 2872.JPG,Potato___Late_blight,Late Blight,256,256,1.0,65536,11.96,113.46,115.35,85.94,45.44,48.48,55.78,104.92,51.86,12.82,15.64,-28.46,Diseased,Small,Moderate,Green,104.92
55fa97d3-71b6-4487-9757-f9195f97ba5a___RS_LB 4047.JPG,PlantVillage\Potato___Late_blight\55fa97d3-71b6-4487-9757-f9195f97ba5a___RS_LB 4047.JPG,Potato___Late_blight,Late Blight,256,256,1.0,65536,11.9,102.36,113.08,104.16,37.31,23.65,42.55,106.53,35.72,-6.26,9.82,-3.56,Diseased,Small,Moderate,Green,106.53
5609c5d1-b66b-4dba-863a-5b3aab384151___RS_LB 3303.JPG,PlantVillage\Potato___Late_blight\5609c5d1-b66b-4dba-863a-5b3aab384151___RS_LB 3303.JPG,Potato___Late_blight,Late Blight,256,256,1.0,65536,19.01,106.39,99.22,87.36,46.69,42.06,50.41,97.66,47.17,13.1,2.34,-15.44,Diseased,Small,Dark,Red,97.66
563f8e2a-0a5f-4920-aee5-ad98269c8144___RS_LB 4798.JPG,PlantVillage\Potato___Late_blight\563f8e2a-0a5f-4920-aee5-ad98269c8144___RS_LB 4798.JPG,Potato___Late_blight,Late Blight,256,256,1.0,65536,18.08,119.64,124.27,111.48,43.31,34.78,47.72,118.46,42.61,1.76,8.71,-10.47,Diseased,Small,Moderate,Green,118.46
5674826f-aeb6-4142-809e-ea9e4fd391c3___RS_LB 2940.JPG,PlantVillage\Potato___Late_blight\5674826f-aeb6-4142-809e-ea9e4fd391c3___RS_LB 2940.JPG,Potato___Late_blight,Late Blight,256,256,1.0,65536,13.98,93.54,95.33,85.37,41.51,38.81,49.33,91.41,43.67,3.18,5.88,-9.06,Diseased,Small,Dark,Green,91.41
56aa566a-41be-4109-91bc-0cc99c385b7f___RS_LB 3843.JPG,PlantVillage\Potato___Late_blight\56aa566a-41be-4109-91bc-0cc99c385b7f___RS_LB 3843.JPG,Potato___Late_blight,Late Blight,256,256,1.0,65536,11.5,99.5,116.54,101.31,34.66,24.22,39.3,105.78,34.19,-9.42,16.14,-6.72,Diseased,Small,Moderate,Green,105.78
573c1cb5-fb43-4b19-886d-638a87bc134b___RS_LB 4007.JPG,PlantVillage\Potato___Late_blight\573c1cb5-fb43-4b19-886d-638a87bc134b___RS_LB 4007.JPG,Potato___Late_blight,Late Blight,256,256,1.0,65536,14.62,106.76,116.02,101.95,34.92,22.43,44.29,108.24,35.53,-2.23,11.67,-9.44,Diseased,Small,Moderate,Green,108.24
57462a7c-a8f4-4b99-b312-a8b6e6a0e6f0___RS_LB 5330.JPG,PlantVillage\Potato___Late_blight\57462a7c-a8f4-4b99-b312-a8b6e6a0e6f0___RS_LB 5330.JPG,Potato___Late_blight,Late Blight,256,256,1.0,65536,14.6,108.13,112.29,99.98,34.24,30.93,42.82,106.8,36.7,1.99,8.24,-10.23,Diseased,Small,Moderate,Green,106.8
5759c134-1965-4dd2-b71a-4eef4048f962___RS_LB 3975.JPG,PlantVillage\Potato___Late_blight\5759c134-1965-4dd2-b71a-4eef4048f962___RS_LB 3975.JPG,Potato___Late_blight,Late Blight,256,256,1.0,65536,16.03,116.74,125.12,105.16,46.67,36.83,48.88,115.67,45.19,1.6,14.17,-15.77,Diseased,Small,Moderate,Green,115.67
57980690-2488-4715-ae89-84e84d17ee10___RS_LB 3978.JPG,PlantVillage\Potato___Late_blight\57980690-2488-4715-ae89-84e84d17ee10___RS_LB 3978.JPG,Potato___Late_blight,Late Blight,256,256,1.0,65536,14.7,117.22,127.93,104.39,46.87,32.07,51.93,116.51,45.46,1.05,17.13,-18.18,Diseased,Small,Moderate,Green,116.51
57a137da-7424-4a9d-9e28-bce63decbdcf___RS_LB 2761.JPG,PlantVillage\Potato___Late_blight\57a137da-7424-4a9d-9e28-bce63decbdcf___RS_LB 2761.JPG,Potato___Late_blight,Late Blight,256,256,1.0,65536,18.75,110.95,108.88,91.8,44.15,40.18,46.75,103.88,44.61,10.61,7.5,-18.11,Diseased,Small,Moderate,Red,103.88
580e8c49-3b1c-46d2-b3f4-68f0b3de0d77___RS_LB 4063.JPG,PlantVillage\Potato___Late_blight\580e8c49-3b1c-46d2-b3f4-68f0b3de0d77___RS_LB 4063.JPG,Potato___Late_blight,Late Blight,256,256,1.0,65536,11.73,96.35,108.83,95.61,35.7,20.8,39.51,100.26,33.56,-5.87,12.85,-6.98,Diseased,Small,Moderate,Green,100.26
58334b81-9aab-4b5c-b655-f7078a81135b___RS_LB 3846.JPG,PlantVillage\Potato___Late_blight\58334b81-9aab-4b5c-b655-f7078a81135b___RS_LB 3846.JPG,Potato___Late_blight,Late Blight,256,256,1.0,65536,11.12,101.85,116.28,98.48,37.26,21.7,43.79,105.54,36.31,-5.53,16.12,-10.59,Diseased,Small,Moderate,Green,105.54
58475c1a-a4c2-43bd-b361-60523b5c62d2___RS_LB 3912.JPG,PlantVillage\Potato___Late_blight\58475c1a-a4c2-43bd-b361-60523b5c62d2___RS_LB 3912.JPG,Potato___Late_blight,Late Blight,256,256,1.0,65536,14.19,113.89,112.79,98.23,37.99,31.13,42.38,108.31,38.13,8.38,6.73,-15.11,Diseased,Small,Moderate,Red,108.3
58adb74c-a1b3-4b9d-95b7-f0721c499388___RS_LB 4326.JPG,PlantVillage\Potato___Late_blight\58adb74c-a1b3-4b9d-95b7-f0721c499388___RS_LB 4326.JPG,Potato___Late_blight,Late Blight,256,256,1.0,65536,21.07,131.01,115.82,100.85,47.08,40.47,49.82,115.89,47.58,22.67,-0.11,-22.56,Diseased,Small,Moderate,Red,115.89
58f100f0-490b-4868-95d1-5883fc3432d3___RS_LB 3302.JPG,PlantVillage\Potato___Late_blight\58f100f0-490b-4868-95d1-5883fc3432d3___RS_LB 3302.JPG,Potato___Late_blight,Late Blight,256,256,1.0,65536,18.77,128.94,122.11,107.68,48.42,44.56,52.71,119.58,49.47,14.04,3.8,-17.85,Diseased,Small,Moderate,Red,119.58
59dcc102-c55f-4a13-991e-8c53db4ce76d___RS_LB 5189.JPG,PlantVillage\Potato___Late_blight\59dcc102-c55f-4a13-991e-8c53db4ce76d___RS_LB 5189.JPG,Potato___Late_blight,Late Blight,256,256,1.0,65536,19.03,136.6,133.52,122.87,43.24,38.72,49.7,131.0,44.51,8.4,3.79,-12.19,Diseased,Small,Moderate,Red,131.0
5a2996c9-ed8f-4c8d-bab3-b68a833b7811___RS_LB 4786.JPG,PlantVillage\Potato___Late_blight\5a2996c9-ed8f-4c8d-bab3-b68a833b7811___RS_LB 4786.JPG,Potato___Late_blight,Late Blight,256,256,1.0,65536,19.49,126.3,130.11,108.58,42.13,38.62,50.45,121.66,45.0,6.96,12.67,-19.62,Diseased,Small,Moderate,Green,121.66
5a42a288-8be0-4985-9ca5-105f75c8ee01___RS_LB 3275.JPG,PlantVillage\Potato___Late_blight\5a42a288-8be0-4985-9ca5-105f75c8ee01___RS_LB 3275.JPG,Potato___Late_blight,Late Blight,256,256,1.0,65536,15.34,110.22,111.5,97.1,45.58,40.13,51.66,106.27,46.49,5.92,7.84,-13.76,Diseased,Small,Moderate,Green,106.27
5a7127de-28ef-47fb-ba00-4b68bf0d4157___RS_LB 2822.JPG,PlantVillage\Potato___Late_blight\5a7127de-28ef-47fb-ba00-4b68bf0d4157___RS_LB 2822.JPG,Potato___Late_blight,Late Blight,256,256,1.0,65536,14.72,107.38,110.81,90.4,37.08,35.26,45.26,102.86,40.44,6.77,11.92,-18.69,Diseased,Small,Moderate,Green,102.86
5ad9dba9-ed81-437e-8d5d-1d6660514462___RS_LB 4439.JPG,PlantVillage\Potato___Late_blight\5ad9dba9-ed81-437e-8d5d-1d6660514462___RS_LB 4439.JPG,Potato___Late_blight,Late Blight,256,256,1.0,65536,12.4,114.81,111.67,107.33,43.55,38.94,54.85,111.27,46.37,5.31,0.6,-5.91,Diseased,Small,Moderate,Red,111.27
5b12fde1-fe3a-49fe-8430-479775018322___RS_LB 3071.JPG,PlantVillage\Potato___Late_blight\5b12fde1-fe3a-49fe-8430-479775018322___RS_LB 3071.JPG,Potato___Late_blight,Late Blight,256,256,1.0,65536,17.63,129.49,128.09,113.61,48.3,40.45,53.41,123.73,48.22,8.64,6.54,-15.18,Diseased,Small,Moderate,Red,123.73
5b3de8b6-0690-4a35-ab9d-ef6617c548ff___RS_LB 2925.JPG,PlantVillage\Potato___Late_blight\5b3de8b6-0690-4a35-ab9d-ef6617c548ff___RS_LB 2925.JPG,Potato___Late_blight,Late Blight,256,256,1.0,65536,17.2,111.35,107.47,101.64,38.07,38.7,44.95,106.82,40.88,6.79,0.98,-7.76,Diseased,Small,Moderate,Red,106.82
5b816f46-32b8-4a67-9e73-760e3358bd06___RS_LB 3226.JPG,PlantVillage\Potato___Late_blight\5b816f46-32b8-4a67-9e73-760e3358bd06___RS_LB 3226.JPG,Potato___Late_blight,Late Blight,256,256,1.0,65536,17.4,126.31,123.63,110.56,53.04,47.99,56.29,120.17,53.0,9.22,5.19,-14.41,Diseased,Small,Moderate,Red,120.17
5ba52ca6-9cd2-4fad-914a-af2f8fea65c6___RS_LB 4740.JPG,PlantVillage\Potato___Late_blight\5ba52ca6-9cd2-4fad-914a-af2f8fea65c6___RS_LB 4740.JPG,Potato___Late_blight,Late Blight,256,256,1.0,65536,14.33,116.98,132.45,121.72,38.76,31.56,43.81,123.72,38.92,-10.11,13.1,-2.99,Diseased,Small,Moderate,Green,123.72
5bbebfcc-4e51-47ba-948c-46be12f1c170___RS_LB 2716.JPG,PlantVillage\Potato___Late_blight\5bbebfcc-4e51-47ba-948c-46be12f1c170___RS_LB 2716.JPG,Potato___Late_blight,Late Blight,256,256,1.0,65536,17.27,111.89,113.71,93.34,45.29,38.27,48.41,106.31,45.14,8.37,11.09,-19.46,Diseased,Small,Moderate,Green,106.31
5c1c57f6-6aff-4bba-892e-43ff02311c3f___RS_LB 4046.JPG,PlantVillage\Potato___Late_blight\5c1c57f6-6aff-4bba-892e-43ff02311c3f___RS_LB 4046.JPG,Potato___Late_blight,Late Blight,256,256,1.0,65536,12.5,103.18,112.03,105.85,36.68,23.59,41.84,107.02,35.09,-5.76,7.52,-1.76,Diseased,Small,Moderate,Green,107.02
5c43ce7b-f04a-4d0d-9305-47f0d83125c5___RS_LB 5033.JPG,PlantVillage\Potato___Late_blight\5c43ce7b-f04a-4d0d-9305-47f0d83125c5___RS_LB 5033.JPG,Potato___Late_blight,Late Blight,256,256,1.0,65536,17.41,131.84,138.03,111.9,42.87,34.47,50.4,127.25,44.49,6.87,16.16,-23.03,Diseased,Small,Moderate,Green,127.26
5d1486fa-750f-47ca-a973-abc45ea5b4fe___RS_LB 4281.JPG,PlantVillage\Potato___Late_blight\5d1486fa-750f-47ca-a973-abc45ea5b4fe___RS_LB 4281.JPG,Potato___Late_blight,Late Blight,256,256,1.0,65536,15.3,105.39,114.15,105.79,29.44,26.66,35.54,108.44,31.03,-4.58,8.56,-3.98,Diseased,Small,Moderate,Green,108.44
5d392db5-bf54-41f4-b76b-e3935dfe0154___RS_LB 3133.JPG,PlantVillage\Potato___Late_blight\5d392db5-bf54-41f4-b76b-e3935dfe0154___RS_LB 3133.JPG,Potato___Late_blight,Late Blight,256,256,1.0,65536,19.35,146.81,143.28,127.46,56.72,51.69,63.38,139.18,58.07,11.45,6.14,-17.59,Diseased,Small,Moderate,Red,139.18
5d85a25d-ed5a-459d-89fc-8bc9118518bc___RS_LB 4646.JPG,PlantVillage\Potato___Late_blight\5d85a25d-ed5a-459d-89fc-8bc9118518bc___RS_LB 4646.JPG,Potato___Late_blight,Late Blight,256,256,1.0,65536,16.61,122.3,100.59,78.77,52.6,44.89,44.81,100.55,50.79,32.62,0.05,-32.68,Diseased,Small,Moderate,Red,100.55
5e0acf9e-2d13-40bb-912c-e32a844fdd78___RS_LB 5292.JPG,PlantVillage\Potato___Late_blight\5e0acf9e-2d13-40bb-912c-e32a844fdd78___RS_LB 5292.JPG,Potato___Late_blight,Late Blight,256,256,1.0,65536,15.71,113.62,118.73,104.36,38.81,32.24,43.29,112.24,38.84,2.07,9.74,-11.81,Diseased,Small,Moderate,Green,112.24
5e356292-3046-4967-b1e7-f3e5cf7d0f75___RS_LB 4459.JPG,PlantVillage\Potato___Late_blight\5e356292-3046-4967-b1e7-f3e5cf7d0f75___RS_LB 4459.JPG,Potato___Late_blight,Late Blight,256,256,1.0,65536,18.44,134.4,124.99,101.39,42.27,40.07,48.44,120.26,45.89,21.21,7.09,-28.31,Diseased,Small,Moderate,Red,120.26
5e8203e5-b699-4d5a-acb5-08a5f06ee984___RS_LB 5291.JPG,PlantVillage\Potato___Late_blight\5e8203e5-b699-4d5a-acb5-08a5f06ee984___RS_LB 5291.JPG,Potato___Late_blight,Late Blight,256,256,1.0,65536,13.68,101.57,111.23,94.97,42.08,31.38,46.98,102.59,41.22,-1.54,12.96,-11.42,Diseased,Small,Moderate,Green,102.59
5e92b00d-92ed-4de5-b3f7-0d14a076cf02___RS_LB 4004.JPG,PlantVillage\Potato___Late_blight\5e92b00d-92ed-4de5-b3f7-0d14a076cf02___RS_LB 4004.JPG,Potato___Late_blight,Late Blight,256,256,1.0,65536,14.95,116.22,119.46,109.71,32.19,23.7,38.36,115.13,32.24,1.63,6.49,-8.13,Diseased,Small,Moderate,Green,115.13
5ebe5b4f-c3e3-435d-b2d5-49fa1002dbaa___RS_LB 2955.JPG,PlantVillage\Potato___Late_blight\5ebe5b4f-c3e3-435d-b2d5-49fa1002dbaa___RS_LB 2955.JPG,Potato___Late_blight,Late Blight,256,256,1.0,65536,17.17,114.11,111.14,96.43,40.98,36.99,45.71,107.23,42.1,10.32,5.87,-16.2,Diseased,Small,Moderate,Red,107.23
5ec337d4-aff8-4174-bae6-72c246db3ce0___RS_LB 3175.JPG,PlantVillage\Potato___Late_blight\5ec337d4-aff8-4174-bae6-72c246db3ce0___RS_LB 3175.JPG,Potato___Late_blight,Late Blight,256,256,1.0,65536,17.94,132.06,132.0,117.98,50.17,43.31,54.28,127.35,49.9,7.06,6.98,-14.05,Diseased,Small,Moderate,Red,127.35
5f0801e0-b127-4596-9f82-eb36f8ee5c85___RS_LB 3852.JPG,PlantVillage\Potato___Late_blight\5f0801e0-b127-4596-9f82-eb36f8ee5c85___RS_LB 3852.JPG,Potato___Late_blight,Late Blight,256,256,1.0,65536,13.67,103.31,114.94,89.99,39.08,24.45,47.04,102.75,39.37,0.84,18.29,-19.13,Diseased,Small,Moderate,Green,102.75
5f6e341d-3a02-4bc5-ae02-c0a343a835ea___RS_LB 4882.JPG,PlantVillage\Potato___Late_blight\5f6e341d-3a02-4bc5-ae02-c0a343a835ea___RS_LB 4882.JPG,Potato___Late_blight,Late Blight,256,256,1.0,65536,16.12,126.66,136.08,115.05,42.95,36.88,51.2,125.93,44.9,1.09,15.22,-16.32,Diseased,Small,Moderate,Green,125.93
5fa21fbf-774d-48ec-916d-c1d7b8c11c82___RS_LB 4795.JPG,PlantVillage\Potato___Late_blight\5fa21fbf-774d-48ec-916d-c1d7b8c11c82___RS_LB 4795.JPG,Potato___Late_blight,Late Blight,256,256,1.0,65536,17.42,124.79,132.85,111.18,45.46,32.84,53.26,122.94,45.54,2.77,14.86,-17.63,Diseased,Small,Moderate,Green,122.94
5fe37f29-fe15-42ac-93b5-90aa5337bd55___RS_LB 2514.JPG,PlantVillage\Potato___Late_blight\5fe37f29-fe15-42ac-93b5-90aa5337bd55___RS_LB 2514.JPG,Potato___Late_blight,Late Blight,256,256,1.0,65536,16.8,119.04,123.9,103.03,49.92,43.55,53.04,115.33,49.8,5.57,12.87,-18.44,Diseased,Small,Moderate,Green,115.32
600100de-8374-4ddd-a816-318235e27948___RS_LB 2895.JPG,PlantVillage\Potato___Late_blight\600100de-8374-4ddd-a816-318235e27948___RS_LB 2895.JPG,Potato___Late_blight,Late Blight,256,256,1.0,65536,15.56,123.18,124.82,112.07,41.74,40.84,51.28,120.02,45.22,4.73,7.19,-11.92,Diseased,Small,Moderate,Green,120.02
6033f0b2-48e7-411c-a39b-86297f412c19___RS_LB 4020.JPG,PlantVillage\Potato___Late_blight\6033f0b2-48e7-411c-a39b-86297f412c19___RS_LB 4020.JPG,Potato___Late_blight,Late Blight,256,256,1.0,65536,13.54,115.13,112.37,107.64,31.1,25.49,39.23,111.71,32.58,5.12,0.99,-6.11,Diseased,Small,Moderate,Red,111.71
60463ced-752c-4af3-9082-1de380c572e4___RS_LB 2580.JPG,PlantVillage\Potato___Late_blight\60463ced-752c-4af3-9082-1de380c572e4___RS_LB 2580.JPG,Potato___Late_blight,Late Blight,256,256,1.0,65536,15.59,124.85,123.73,105.9,46.31,38.62,51.15,118.16,46.47,10.03,8.35,-18.38,Diseased,Small,Moderate,Red,118.16
613b5b7f-225d-4df8-8893-0f30111925ae___RS_LB 4243.JPG,PlantVillage\Potato___Late_blight\613b5b7f-225d-4df8-8893-0f30111925ae___RS_LB 4243.JPG,Potato___Late_blight,Late Blight,256,256,1.0,65536,18.21,125.73,117.54,95.89,45.92,46.9,46.85,113.05,48.23,19.02,6.73,-25.75,Diseased,Small,Moderate,Red,113.05
6148bead-5236-461d-90ca-bc552dc95abc___RS_LB 2983.JPG,PlantVillage\Potato___Late_blight\6148bead-5236-461d-90ca-bc552dc95abc___RS_LB 2983.JPG,Potato___Late_blight,Late Blight,256,256,1.0,65536,16.4,111.85,109.11,94.91,42.63,39.58,48.17,105.29,44.23,9.84,5.73,-15.57,Diseased,Small,Moderate,Red,105.29
625cf166-4cb5-4e6f-ac94-1193698388f2___RS_LB 5427.JPG,PlantVillage\Potato___Late_blight\625cf166-4cb5-4e6f-ac94-1193698388f2___RS_LB 5427.JPG,Potato___Late_blight,Late Blight,256,256,1.0,65536,11.97,75.77,87.27,81.55,35.57,28.84,37.65,81.53,34.55,-8.65,8.61,0.04,Diseased,Small,Dark,Green,81.53
629303c0-a89e-4f67-9ac8-aa769cf3a163___RS_LB 3945.JPG,PlantVillage\Potato___Late_blight\629303c0-a89e-4f67-9ac8-aa769cf3a163___RS_LB 3945.JPG,Potato___Late_blight,Late Blight,256,256,1.0,65536,16.49,109.43,120.26,88.51,43.8,31.43,50.95,106.07,44.81,5.05,21.29,-26.34,Diseased,Small,Moderate,Green,106.07
62d41420-8e32-47d2-9a37-698c07f7dc16___RS_LB 2543.JPG,PlantVillage\Potato___Late_blight\62d41420-8e32-47d2-9a37-698c07f7dc16___RS_LB 2543.JPG,Potato___Late_blight,Late Blight,256,256,1.0,65536,17.99,103.19,102.6,90.6,47.86,42.63,48.95,98.8,46.92,6.59,5.7,-12.29,Diseased,Small,Dark,Red,98.8
63490f84-88b0-4105-bb76-23990e98c692___RS_LB 3041.JPG,PlantVillage\Potato___Late_blight\63490f84-88b0-4105-bb76-23990e98c692___RS_LB 3041.JPG,Potato___Late_blight,Late Blight,256,256,1.0,65536,15.07,125.6,126.74,111.42,45.9,42.32,56.72,121.25,49.19,6.52,8.23,-14.76,Diseased,Small,Moderate,Green,121.25
63dc685e-676c-4c9c-8f83-8f54bc7d6139___RS_LB 4117.JPG,PlantVillage\Potato___Late_blight\63dc685e-676c-4c9c-8f83-8f54bc7d6139___RS_LB 4117.JPG,Potato___Late_blight,Late Blight,256,256,1.0,65536,10.81,101.48,110.2,103.75,35.23,22.63,38.57,105.14,33.07,-5.49,7.59,-2.1,Diseased,Small,Moderate,Green,105.14
63ec8c33-368c-433d-8953-f28f30e5985f___RS_LB 2943.JPG,PlantVillage\Potato___Late_blight\63ec8c33-368c-433d-8953-f28f30e5985f___RS_LB 2943.JPG,Potato___Late_blight,Late Blight,256,256,1.0,65536,14.36,101.21,104.27,95.77,44.75,39.39,53.05,100.42,46.21,1.19,5.78,-6.97,Diseased,Small,Moderate,Green,100.42
6463a976-e8e1-4698-8044-c1b6db0ef5ee___RS_LB 4741.JPG,PlantVillage\Potato___Late_blight\6463a976-e8e1-4698-8044-c1b6db0ef5ee___RS_LB 4741.JPG,Potato___Late_blight,Late Blight,256,256,1.0,65536,13.85,140.08,155.03,144.22,32.54,25.53,36.37,146.44,32.42,-9.54,12.88,-3.33,Diseased,Small,Moderate,Green,146.44
64df88c4-e308-48f3-b475-e2e6206bbd8a___RS_LB 3886.JPG,PlantVillage\Potato___Late_blight\64df88c4-e308-48f3-b475-e2e6206bbd8a___RS_LB 3886.JPG,Potato___Late_blight,Late Blight,256,256,1.0,65536,14.67,117.61,121.15,110.48,39.81,31.72,45.07,116.41,39.5,1.8,7.11,-8.9,Diseased,Small,Moderate,Green,116.41
64fd9d16-28df-4dd7-9bb5-973bbd9ac6db___RS_LB 4654.JPG,PlantVillage\Potato___Late_blight\64fd9d16-28df-4dd7-9bb5-973bbd9ac6db___RS_LB 4654.JPG,Potato___Late_blight,Late Blight,256,256,1.0,65536,18.46,115.28,95.15,71.17,47.73,41.43,45.43,93.87,48.42,32.12,1.92,-34.05,Diseased,Small,Dark,Red,93.87
6522615a-cbe1-4770-a137-25a2c081e1d9___RS_LB 2917.JPG,PlantVillage\Potato___Late_blight\6522615a-cbe1-4770-a137-25a2c081e1d9___RS_LB 2917.JPG,Potato___Late_blight,Late Blight,256,256,1.0,65536,13.07,114.93,116.46,109.27,43.2,37.22,48.66,113.55,43.39,2.06,4.37,-6.43,Diseased,Small,Moderate,Green,113.55
65bab626-51a1-4d16-ab9c-ddd25f4e2e33___RS_LB 4927.JPG,PlantVillage\Potato___Late_blight\65bab626-51a1-4d16-ab9c-ddd25f4e2e33___RS_LB 4927.JPG,Potato___Late_blight,Late Blight,256,256,1.0,65536,16.64,143.72,140.15,131.5,49.3,45.93,55.35,138.46,50.6,7.9,2.54,-10.44,Diseased,Small,Moderate,Red,138.46
6616bc3c-e3be-440d-ac55-ae3bb665e8b4___RS_LB 5071.JPG,PlantVillage\Potato___Late_blight\6616bc3c-e3be-440d-ac55-ae3bb665e8b4___RS_LB 5071.JPG,Potato___Late_blight,Late Blight,256,256,1.0,65536,15.86,127.76,128.07,120.01,40.15,33.43,46.19,125.28,40.43,3.72,4.19,-7.91,Diseased,Small,Moderate,Green,125.28
6637f5da-44b1-43bc-9678-1f1188f1ed7c___RS_LB 4796.JPG,PlantVillage\Potato___Late_blight\6637f5da-44b1-43bc-9678-1f1188f1ed7c___RS_LB 4796.JPG,Potato___Late_blight,Late Blight,256,256,1.0,65536,20.38,104.31,111.91,92.09,44.21,36.07,49.53,102.77,44.38,2.31,13.71,-16.02,Diseased,Small,Moderate,Green,102.77
66473aff-3438-4a8c-8c05-5fed8a4255ae___RS_LB 4473.JPG,PlantVillage\Potato___Late_blight\66473aff-3438-4a8c-8c05-5fed8a4255ae___RS_LB 4473.JPG,Potato___Late_blight,Late Blight,256,256,1.0,65536,14.35,126.68,110.18,99.11,54.21,49.74,56.87,111.99,54.87,22.03,-2.71,-19.32,Diseased,Small,Moderate,Red,111.99
668455c6-f7cf-4dc3-a4a8-858e7d4b55c9___RS_LB 3878.JPG,PlantVillage\Potato___Late_blight\668455c6-f7cf-4dc3-a4a8-858e7d4b55c9___RS_LB 3878.JPG,Potato___Late_blight,Late Blight,256,256,1.0,65536,12.56,102.36,110.08,102.64,32.71,20.02,37.06,105.03,31.0,-4.0,7.57,-3.58,Diseased,Small,Moderate,Green,105.03
67001c81-d182-4bc6-b9b8-f25ddb0a2db4___RS_LB 5231.JPG,PlantVillage\Potato___Late_blight\67001c81-d182-4bc6-b9b8-f25ddb0a2db4___RS_LB 5231.JPG,Potato___Late_blight,Late Blight,256,256,1.0,65536,12.25,102.2,109.88,96.74,34.51,28.29,39.41,102.94,34.79,-1.11,10.41,-9.3,Diseased,Small,Moderate,Green,102.94
6750f885-4754-4e76-91d0-a5e77c86e9fd___RS_LB 4865.JPG,PlantVillage\Potato___Late_blight\6750f885-4754-4e76-91d0-a5e77c86e9fd___RS_LB 4865.JPG,Potato___Late_blight,Late Blight,256,256,1.0,65536,14.27,134.28,139.84,126.65,36.94,26.63,43.66,133.59,36.82,1.04,9.37,-10.41,Diseased,Small,Moderate,Green,133.59
68882ae5-79b6-4681-9e06-af8ae5999779___RS_LB 3952.JPG,PlantVillage\Potato___Late_blight\68882ae5-79b6-4681-9e06-af8ae5999779___RS_LB 3952.JPG,Potato___Late_blight,Late Blight,256,256,1.0,65536,15.34,121.22,122.9,110.55,42.47,33.23,47.37,118.22,41.8,4.5,7.01,-11.51,Diseased,Small,Moderate,Green,118.22
68decf28-de55-477f-9435-56cda245a7ca___RS_LB 3195.JPG,PlantVillage\Potato___Late_blight\68decf28-de55-477f-9435-56cda245a7ca___RS_LB 3195.JPG,Potato___Late_blight,Late Blight,256,256,1.0,65536,16.44,129.82,129.37,111.04,56.98,53.07,62.34,123.41,58.25,9.61,8.94,-18.55,Diseased,Small,Moderate,Red,123.41
699bd8b5-3c57-48c8-be2b-c8a5e12b0764___RS_LB 4083.JPG,PlantVillage\Potato___Late_blight\699bd8b5-3c57-48c8-be2b-c8a5e12b0764___RS_LB 4083.JPG,Potato___Late_blight,Late Blight,256,256,1.0,65536,14.0,101.57,111.82,103.96,41.73,26.25,42.41,105.78,37.8,-6.32,9.06,-2.74,Diseased,Small,Moderate,Green,105.78
6a62fd77-1091-43ad-86a7-f42c56615e5f___RS_LB 4871.JPG,PlantVillage\Potato___Late_blight\6a62fd77-1091-43ad-86a7-f42c56615e5f___RS_LB 4871.JPG,Potato___Late_blight,Late Blight,256,256,1.0,65536,17.07,133.61,138.91,118.42,39.18,29.95,46.86,130.31,40.23,4.94,12.9,-17.84,Diseased,Small,Moderate,Green,130.31
6a6315ef-b37d-4067-80cd-bb2d8adf93ca___RS_LB 2919.JPG,PlantVillage\Potato___Late_blight\6a6315ef-b37d-4067-80cd-bb2d8adf93ca___RS_LB 2919.JPG,Potato___Late_blight,Late Blight,256,256,1.0,65536,16.61,108.68,110.34,102.96,44.38,39.2,50.74,107.33,45.13,2.03,4.51,-6.55,Diseased,Small,Moderate,Green,107.33
6a687e1b-15c3-4752-b428-e14cbe85feab___RS_LB 2803.JPG,PlantVillage\Potato___Late_blight\6a687e1b-15c3-4752-b428-e14cbe85feab___RS_LB 2803.JPG,Potato___Late_blight,Late Blight,256,256,1.0,65536,17.6,104.28,107.09,92.96,41.05,34.61,43.16,101.44,40.24,4.26,8.47,-12.73,Diseased,Small,Moderate,Green,101.44
6a72ed4a-cdb5-4a50-9a0d-efc119066fd7___RS_LB 2865.JPG,PlantVillage\Potato___Late_blight\6a72ed4a-cdb5-4a50-9a0d-efc119066fd7___RS_LB 2865.JPG,Potato___Late_blight,Late Blight,256,256,1.0,65536,15.03,95.8,97.43,86.25,35.33,34.77,42.57,93.16,38.05,3.96,6.4,-10.36,Diseased,Small,Dark,Green,93.16
6af65e0d-c1a5-4a28-9ecb-19e7e6d91a70___RS_LB 4128.JPG,PlantVillage\Potato___Late_blight\6af65e0d-c1a5-4a28-9ecb-19e7e6d91a70___RS_LB 4128.JPG,Potato___Late_blight,Late Blight,256,256,1.0,65536,13.23,112.52,114.45,106.91,36.48,27.5,46.6,111.29,37.81,1.84,4.74,-6.58,Diseased,Small,Moderate,Green,111.29
6be49d30-1b69-435a-a533-21b2b1a7fd41___RS_LB 3309.JPG,PlantVillage\Potato___Late_blight\6be49d30-1b69-435a-a533-21b2b1a7fd41___RS_LB 3309.JPG,Potato___Late_blight,Late Blight,256,256,1.0,65536,16.62,118.08,119.86,108.75,52.36,42.75,53.41,115.56,49.98,3.78,6.45,-10.22,Diseased,Small,Moderate,Green,115.56
6c5ac624-844c-4d01-b030-38e1130e890a___RS_LB 3973.JPG,PlantVillage\Potato___Late_blight\6c5ac624-844c-4d01-b030-38e1130e890a___RS_LB 3973.JPG,Potato___Late_blight,Late Blight,256,256,1.0,65536,15.04,128.08,123.78,114.08,33.39,25.03,38.36,121.98,33.24,9.15,2.7,-11.85,Diseased,Small,Moderate,Red,121.98
6cab0a2b-a2d9-4798-8043-f6ef416ed745___RS_LB 4993.JPG,PlantVillage\Potato___Late_blight\6cab0a2b-a2d9-4798-8043-f6ef416ed745___RS_LB 4993.JPG,Potato___Late_blight,Late Blight,256,256,1.0,65536,19.31,139.89,143.73,123.16,43.26,39.21,53.41,135.59,46.55,6.44,12.21,-18.66,Diseased,Small,Moderate,Green,135.59
6ce76067-e78f-42e3-a1d6-c04f92414038___RS_LB 5267.JPG,PlantVillage\Potato___Late_blight\6ce76067-e78f-42e3-a1d6-c04f92414038___RS_LB 5267.JPG,Potato___Late_blight,Late Blight,256,256,1.0,65536,17.84,122.74,127.0,108.02,45.97,38.29,54.89,119.25,47.58,5.24,11.62,-16.85,Diseased,Small,Moderate,Green,119.25
6d22d4ab-de5f-4944-96f9-4ec495a8e4f1___RS_LB 3109.JPG,PlantVillage\Potato___Late_blight\6d22d4ab-de5f-4944-96f9-4ec495a8e4f1___RS_LB 3109.JPG,Potato___Late_blight,Late Blight,256,256,1.0,65536,16.49,105.98,106.65,92.37,45.32,40.4,47.66,101.67,45.04,6.47,7.47,-13.94,Diseased,Small,Moderate,Green,101.67
6d31cafb-4cf9-455b-ac89-487444b650f7___RS_LB 4236.JPG,PlantVillage\Potato___Late_blight\6d31cafb-4cf9-455b-ac89-487444b650f7___RS_LB 4236.JPG,Potato___Late_blight,Late Blight,256,256,1.0,65536,16.95,110.22,113.5,93.5,47.59,42.98,45.77,105.74,46.32,6.72,11.64,-18.37,Diseased,Small,Moderate,Green,105.74
6d51bd53-2556-410c-b151-547c83a06287___RS_LB 3276.JPG,PlantVillage\Potato___Late_blight\6d51bd53-2556-410c-b151-547c83a06287___RS_LB 3276.JPG,Potato___Late_blight,Late Blight,256,256,1.0,65536,16.32,84.98,88.69,77.32,39.45,35.49,45.15,83.66,40.5,1.97,7.54,-9.51,Diseased,Small,Dark,Green,83.66
6e5ae22d-5e91-4fed-b731-94f80ff63613___RS_LB 5113.JPG,PlantVillage\Potato___Late_blight\6e5ae22d-5e91-4fed-b731-94f80ff63613___RS_LB 5113.JPG,Potato___Late_blight,Late Blight,256,256,1.0,65536,15.21,120.53,121.29,108.26,36.37,33.64,47.05,116.69,39.9,5.76,6.89,-12.64,Diseased,Small,Moderate,Green,116.69
6e9fc91a-e20f-4431-bc54-8492d7ec788e___RS_LB 4527.JPG,PlantVillage\Potato___Late_blight\6e9fc91a-e20f-4431-bc54-8492d7ec788e___RS_LB 4527.JPG,Potato___Late_blight,Late Blight,256,256,1.0,65536,14.34,135.36,125.79,109.0,49.33,44.47,55.21,123.38,51.04,17.96,3.62,-21.58,Diseased,Small,Moderate,Red,123.38
6ecc23ac-9aed-47bb-8ee5-76574de85872___RS_LB 5010.JPG,PlantVillage\Potato___Late_blight\6ecc23ac-9aed-47bb-8ee5-76574de85872___RS_LB 5010.JPG,Potato___Late_blight,Late Blight,256,256,1.0,65536,16.57,121.3,121.75,105.83,36.49,28.39,42.95,116.3,37.18,7.51,8.19,-15.7,Diseased,Small,Moderate,Green,116.29
6f0fffdc-876f-449f-b03e-f25081f2c44f___RS_LB 4096.JPG,PlantVillage\Potato___Late_blight\6f0fffdc-876f-449f-b03e-f25081f2c44f___RS_LB 4096.JPG,Potato___Late_blight,Late Blight,256,256,1.0,65536,13.51,97.61,111.36,85.74,29.22,23.83,35.47,98.24,31.67,-0.95,19.68,-18.74,Diseased,Small,Dark,Green,98.24
6f2f2f80-80f5-4f0b-86f6-a0d9b0fa4cbc___RS_LB 4034.JPG,PlantVillage\Potato___Late_blight\6f2f2f80-80f5-4f0b-86f6-a0d9b0fa4cbc___RS_LB 4034.JPG,Potato___Late_blight,Late Blight,256,256,1.0,65536,11.75,109.3,117.73,111.0,35.23,25.25,42.73,112.68,35.33,-5.06,7.58,-2.52,Diseased,Small,Moderate,Green,112.68
6f5a4763-2865-4bdf-8c7f-49ab7a53126a___RS_LB 5237.JPG,PlantVillage\Potato___Late_blight\6f5a4763-2865-4bdf-8c7f-49ab7a53126a___RS_LB 5237.JPG,Potato___Late_blight,Late Blight,256,256,1.0,65536,13.97,114.16,123.88,104.52,33.17,26.43,39.97,114.19,34.56,-0.04,14.54,-14.5,Diseased,Small,Moderate,Green,114.19
6f669c56-c863-4c71-be49-8d020d3f7d3d___RS_LB 5128.JPG,PlantVillage\Potato___Late_blight\6f669c56-c863-4c71-be49-8d020d3f7d3d___RS_LB 5128.JPG,Potato___Late_blight,Late Blight,256,256,1.0,65536,14.2,118.21,121.36,118.53,47.0,42.57,51.81,119.37,47.3,-1.73,2.99,-1.26,Diseased,Small,Moderate,Green,119.37
6f88dbd4-3e54-47ae-850a-0e9c7d9d700d___RS_LB 4737.JPG,PlantVillage\Potato___Late_blight\6f88dbd4-3e54-47ae-850a-0e9c7d9d700d___RS_LB 4737.JPG,Potato___Late_blight,Late Blight,256,256,1.0,65536,13.1,128.37,141.06,129.62,36.98,33.02,44.73,133.02,38.97,-6.97,12.06,-5.1,Diseased,Small,Moderate,Green,133.02
6fa565d1-4fab-4331-b30d-772babc186a4___RS_LB 3887.JPG,PlantVillage\Potato___Late_blight\6fa565d1-4fab-4331-b30d-772babc186a4___RS_LB 3887.JPG,Potato___Late_blight,Late Blight,256,256,1.0,65536,13.97,116.89,119.68,110.05,38.19,25.2,42.67,115.54,36.35,2.03,6.21,-8.24,Diseased,Small,Moderate,Green,115.54
6fc1834e-7909-4177-9480-6cd9f23109b4___RS_LB 4023.JPG,PlantVillage\Potato___Late_blight\6fc1834e-7909-4177-9480-6cd9f23109b4___RS_LB 4023.JPG,Potato___Late_blight,Late Blight,256,256,1.0,65536,13.89,111.04,116.45,109.05,39.02,22.09,39.75,112.18,34.74,-1.71,6.41,-4.7,Diseased,Small,Moderate,Green,112.18
6fea732f-0819-4ba1-922a-8cbb1a94baff___RS_LB 3336.JPG,PlantVillage\Potato___Late_blight\6fea732f-0819-4ba1-922a-8cbb1a94baff___RS_LB 3336.JPG,Potato___Late_blight,Late Blight,256,256,1.0,65536,18.48,117.34,107.35,94.9,53.11,49.91,57.0,106.53,54.2,16.22,1.22,-17.44,Diseased,Small,Moderate,Red,106.53
7050bb1d-af0d-47c4-8f35-23b9561b8024___RS_LB 3313.JPG,PlantVillage\Potato___Late_blight\7050bb1d-af0d-47c4-8f35-23b9561b8024___RS_LB 3313.JPG,Potato___Late_blight,Late Blight,256,256,1.0,65536,17.47,108.01,110.82,100.13,48.42,37.87,48.51,106.32,45.44,2.53,6.75,-9.28,Diseased,Small,Moderate,Green,106.32
709bddcf-5c54-4fad-8a22-890c00e839a4___RS_LB 4732.JPG,PlantVillage\Potato___Late_blight\709bddcf-5c54-4fad-8a22-890c00e839a4___RS_LB 4732.JPG,Potato___Late_blight,Late Blight,256,256,1.0,65536,13.32,137.66,150.6,137.31,35.21,31.75,42.24,141.86,37.18,-6.29,13.11,-6.82,Diseased,Small,Moderate,Green,141.86
70b8c0ad-be72-4f3f-84ba-7439f83b089b___RS_LB 4446.JPG,PlantVillage\Potato___Late_blight\70b8c0ad-be72-4f3f-84ba-7439f83b089b___RS_LB 4446.JPG,Potato___Late_blight,Late Blight,256,256,1.0,65536,19.16,123.21,114.2,97.25,50.0,44.47,49.85,111.55,49.36,17.48,3.98,-21.46,Diseased,Small,Moderate,Red,111.55
7153262e-7692-441e-9677-056a349d62b8___RS_LB 4813.JPG,PlantVillage\Potato___Late_blight\7153262e-7692-441e-9677-056a349d62b8___RS_LB 4813.JPG,Potato___Late_blight,Late Blight,256,256,1.0,65536,19.21,132.44,132.57,112.2,45.12,42.45,54.96,125.74,48.76,10.05,10.26,-20.31,Diseased,Small,Moderate,Green,125.74
716325d9-fca6-46b4-8f5a-f6729c211200___RS_LB 3958.JPG,PlantVillage\Potato___Late_blight\716325d9-fca6-46b4-8f5a-f6729c211200___RS_LB 3958.JPG,Potato___Late_blight,Late Blight,256,256,1.0,65536,15.08,134.26,132.02,118.65,38.69,33.75,43.01,128.31,39.28,8.93,5.56,-14.49,Diseased,Small,Moderate,Red,128.31
718aefec-0eba-48fe-9798-f45d3d24fade___RS_LB 4119.JPG,PlantVillage\Potato___Late_blight\718aefec-0eba-48fe-9798-f45d3d24fade___RS_LB 4119.JPG,Potato___Late_blight,Late Blight,256,256,1.0,65536,11.75,105.71,112.05,105.52,35.05,22.77,38.62,107.76,32.99,-3.08,6.44,-3.36,Diseased,Small,Moderate,Green,107.76
71cbb155-74cd-42f9-97ac-abca4a10ad79___RS_LB 4456.JPG,PlantVillage\Potato___Late_blight\71cbb155-74cd-42f9-97ac-abca4a10ad79___RS_LB 4456.JPG,Potato___Late_blight,Late Blight,256,256,1.0,65536,15.87,129.72,117.35,94.98,44.89,39.89,51.01,114.02,47.71,23.56,5.0,-28.56,Diseased,Small,Moderate,Red,114.02
71f6c664-3b77-45ef-a1de-e00685c78add___RS_LB 4441.JPG,PlantVillage\Potato___Late_blight\71f6c664-3b77-45ef-a1de-e00685c78add___RS_LB 4441.JPG,Potato___Late_blight,Late Blight,256,256,1.0,65536,16.95,104.91,104.92,97.8,34.34,33.59,41.34,102.54,36.75,3.55,3.56,-7.11,Diseased,Small,Moderate,Green,102.54
7220e643-be85-4361-8c34-f647ebed5dd8___RS_LB 3027.JPG,PlantVillage\Potato___Late_blight\7220e643-be85-4361-8c34-f647ebed5dd8___RS_LB 3027.JPG,Potato___Late_blight,Late Blight,256,256,1.0,65536,15.97,98.34,103.37,89.16,42.28,37.7,48.39,96.96,43.41,2.08,9.62,-11.7,Diseased,Small,Dark,Green,96.96
72485a02-60b9-424a-ba1f-de8078b07176___RS_LB 3148.JPG,PlantVillage\Potato___Late_blight\72485a02-60b9-424a-ba1f-de8078b07176___RS_LB 3148.JPG,Potato___Late_blight,Late Blight,256,256,1.0,65536,19.86,123.97,119.63,105.01,56.11,51.65,59.28,116.2,56.35,11.65,5.14,-16.79,Diseased,Small,Moderate,Red,116.2
7260ba74-3187-4a62-8962-cbea92def2f2___RS_LB 4769.JPG,PlantVillage\Potato___Late_blight\7260ba74-3187-4a62-8962-cbea92def2f2___RS_LB 4769.JPG,Potato___Late_blight,Late Blight,256,256,1.0,65536,12.21,142.8,152.57,138.26,32.75,31.36,42.68,144.54,36.44,-2.62,12.04,-9.42,Diseased,Small,Moderate,Green,144.54
727dd407-7a8b-4edb-9697-726ae947bd63___RS_LB 2646.JPG,PlantVillage\Potato___Late_blight\727dd407-7a8b-4edb-9697-726ae947bd63___RS_LB 2646.JPG,Potato___Late_blight,Late Blight,256,256,1.0,65536,13.86,121.29,123.12,117.95,46.12,45.04,53.95,120.79,48.58,0.75,3.5,-4.26,Diseased,Small,Moderate,Green,120.79
72b12e17-d76f-4254-a4af-3ed3c3859500___RS_LB 3334.JPG,PlantVillage\Potato___Late_blight\72b12e17-d76f-4254-a4af-3ed3c3859500___RS_LB 3334.JPG,Potato___Late_blight,Late Blight,256,256,1.0,65536,19.06,117.1,106.24,97.02,56.65,53.18,58.06,106.79,56.6,15.47,-0.82,-14.65,Diseased,Small,Moderate,Red,106.79
72e10017-f8a6-4813-8036-0cde4dad6057___RS_LB 4666.JPG,PlantVillage\Potato___Late_blight\72e10017-f8a6-4813-8036-0cde4dad6057___RS_LB 4666.JPG,Potato___Late_blight,Late Blight,256,256,1.0,65536,15.83,128.68,109.86,88.92,43.69,37.35,43.11,109.15,44.55,29.29,1.05,-30.35,Diseased,Small,Moderate,Red,109.15
73366261-64f3-4219-a43a-97cda85474a9___RS_LB 3332.JPG,PlantVillage\Potato___Late_blight\73366261-64f3-4219-a43a-97cda85474a9___RS_LB 3332.JPG,Potato___Late_blight,Late Blight,256,256,1.0,65536,17.75,134.87,126.43,116.4,55.27,51.19,61.35,125.9,56.6,13.45,0.79,-14.24,Diseased,Small,Moderate,Red,125.9
734b84f8-3bcb-4abd-bf22-0896a16e8df7___RS_LB 2929.JPG,PlantVillage\Potato___Late_blight\734b84f8-3bcb-4abd-bf22-0896a16e8df7___RS_LB 2929.JPG,Potato___Late_blight,Late Blight,256,256,1.0,65536,15.11,87.31,86.43,80.37,37.41,34.64,44.95,84.7,39.37,3.91,2.59,-6.51,Diseased,Small,Dark,Red,84.7
73d0be73-8a51-417a-ac46-67a37462efa3___RS_LB 4457.JPG,PlantVillage\Potato___Late_blight\73d0be73-8a51-417a-ac46-67a37462efa3___RS_LB 4457.JPG,Potato___Late_blight,Late Blight,256,256,1.0,65536,17.15,132.77,119.93,101.46,49.71,48.25,54.21,118.05,52.39,22.07,2.81,-24.88,Diseased,Small,Moderate,Red,118.05
73fb0463-c023-4749-8c37-dd11304de9b1___RS_LB 3112.JPG,PlantVillage\Potato___Late_blight\73fb0463-c023-4749-8c37-dd11304de9b1___RS_LB 3112.JPG,Potato___Late_blight,Late Blight,256,256,1.0,65536,16.76,121.31,115.63,98.17,45.26,42.08,49.38,111.7,46.72,14.41,5.89,-20.3,Diseased,Small,Moderate,Red,111.7
74277267-6a9f-44d0-95fe-7f52f89630a0___RS_LB 5074.JPG,PlantVillage\Potato___Late_blight\74277267-6a9f-44d0-95fe-7f52f89630a0___RS_LB 5074.JPG,Potato___Late_blight,Late Blight,256,256,1.0,65536,15.05,136.22,135.08,127.01,37.57,30.87,43.75,132.77,37.99,5.18,3.46,-8.64,Diseased,Small,Moderate,Red,132.77
7460b5a9-4356-40b3-acf6-e61601a63b62___RS_LB 4965.JPG,PlantVillage\Potato___Late_blight\7460b5a9-4356-40b3-acf6-e61601a63b62___RS_LB 4965.JPG,Potato___Late_blight,Late Blight,256,256,1.0,65536,19.26,131.4,124.72,115.01,41.02,39.87,48.67,123.71,43.88,11.54,1.51,-13.05,Diseased,Small,Moderate,Red,123.71
749a1b32-7152-4dce-87b4-92af094f6b9b___RS_LB 3310.JPG,PlantVillage\Potato___Late_blight\749a1b32-7152-4dce-87b4-92af094f6b9b___RS_LB 3310.JPG,Potato___Late_blight,Late Blight,256,256,1.0,65536,19.75,102.55,102.98,91.39,51.52,41.61,50.41,98.98,48.35,5.37,6.01,-11.38,Diseased,Small,Dark,Green,98.97
74d51dd6-7990-4d3a-95c6-5d67fac5cdad___RS_LB 2578.JPG,PlantVillage\Potato___Late_blight\74d51dd6-7990-4d3a-95c6-5d67fac5cdad___RS_LB 2578.JPG,Potato___Late_blight,Late Blight,256,256,1.0,65536,16.98,127.3,124.46,106.45,41.97,34.13,47.65,119.4,42.63,11.85,7.58,-19.43,Diseased,Small,Moderate,Red,119.4
74d5c9b6-c99f-4ba2-8180-6c35bb5de820___RS_LB 2811.JPG,PlantVillage\Potato___Late_blight\74d5c9b6-c99f-4ba2-8180-6c35bb5de820___RS_LB 2811.JPG,Potato___Late_blight,Late Blight,256,256,1.0,65536,17.97,115.05,117.63,99.99,56.27,52.62,60.51,110.89,57.09,6.24,10.12,-16.35,Diseased,Small,Moderate,Green,110.89
74ee080b-cad8-4090-9f2a-07411eb8481a___RS_LB 4956.JPG,PlantVillage\Potato___Late_blight\74ee080b-cad8-4090-9f2a-07411eb8481a___RS_LB 4956.JPG,Potato___Late_blight,Late Blight,256,256,1.0,65536,18.21,123.07,123.64,110.13,39.28,31.16,45.32,118.95,39.52,6.18,7.04,-13.22,Diseased,Small,Moderate,Green,118.95
74fdf0aa-c85e-406e-9f2e-6403bd6b994a___RS_LB 4245.JPG,PlantVillage\Potato___Late_blight\74fdf0aa-c85e-406e-9f2e-6403bd6b994a___RS_LB 4245.JPG,Potato___Late_blight,Late Blight,256,256,1.0,65536,18.26,120.8,112.5,93.48,46.49,42.54,54.35,108.92,49.39,17.81,5.36,-23.17,Diseased,Small,Moderate,Red,108.93
7514a101-a131-449a-9dcd-80ba8733f124___RS_LB 4879.JPG,PlantVillage\Potato___Late_blight\7514a101-a131-449a-9dcd-80ba8733f124___RS_LB 4879.JPG,Potato___Late_blight,Late Blight,256,256,1.0,65536,17.86,131.28,137.98,116.18,42.41,37.02,49.71,128.48,44.31,4.2,14.25,-18.45,Diseased,Small,Moderate,Green,128.48
755c96cf-1bfa-4d35-9ad2-c04dba9f64c8___RS_LB 3262.JPG,PlantVillage\Potato___Late_blight\755c96cf-1bfa-4d35-9ad2-c04dba9f64c8___RS_LB 3262.JPG,Potato___Late_blight,Late Blight,256,256,1.0,65536,18.69,108.6,108.89,92.08,53.5,48.53,54.78,103.19,52.93,8.12,8.55,-16.67,Diseased,Small,Moderate,Green,103.19
75a1ae7b-9b93-4a9f-9eca-70b4b9e9f5ff___RS_LB 4739.JPG,PlantVillage\Potato___Late_blight\75a1ae7b-9b93-4a9f-9eca-70b4b9e9f5ff___RS_LB 4739.JPG,Potato___Late_blight,Late Blight,256,256,1.0,65536,13.6,146.5,163.75,151.14,39.83,32.1,45.32,153.8,40.12,-10.94,14.93,-3.98,Diseased,Small,Bright,Green,153.8
75fd327f-c30c-4b73-b7a1-fd11aab8206e___RS_LB 2508.JPG,PlantVillage\Potato___Late_blight\75fd327f-c30c-4b73-b7a1-fd11aab8206e___RS_LB 2508.JPG,Potato___Late_blight,Late Blight,256,256,1.0,65536,13.99,117.22,123.26,104.37,34.9,31.2,47.4,114.95,39.26,3.41,12.46,-15.87,Diseased,Small,Moderate,Green,114.95
762a9cd9-7da1-4885-b677-870da1e41768___RS_LB 2592.JPG,PlantVillage\Potato___Late_blight\762a9cd9-7da1-4885-b677-870da1e41768___RS_LB 2592.JPG,Potato___Late_blight,Late Blight,256,256,1.0,65536,14.25,87.93,89.56,85.1,37.76,35.9,44.76,87.53,39.7,0.6,3.05,-3.65,Diseased,Small,Dark,Green,87.53
764311f2-6fd3-424d-aabc-9ad013a41997___RS_LB 3136.JPG,PlantVillage\Potato___Late_blight\764311f2-6fd3-424d-aabc-9ad013a41997___RS_LB 3136.JPG,Potato___Late_blight,Late Blight,256,256,1.0,65536,17.88,118.11,113.77,101.12,54.42,48.87,58.48,111.0,54.55,10.66,4.16,-14.82,Diseased,Small,Moderate,Red,111.0
7673ac2a-707f-4575-a11d-afe44817bfd4___RS_LB 4342.JPG,PlantVillage\Potato___Late_blight\7673ac2a-707f-4575-a11d-afe44817bfd4___RS_LB 4342.JPG,Potato___Late_blight,Late Blight,256,256,1.0,65536,17.48,123.34,109.27,88.11,36.03,35.02,38.71,106.91,39.38,24.65,3.55,-28.2,Diseased,Small,Moderate,Red,106.91
76be1a95-8bf1-468e-bc6c-f7d8fa5b7e5b___RS_LB 4758.JPG,PlantVillage\Potato___Late_blight\76be1a95-8bf1-468e-bc6c-f7d8fa5b7e5b___RS_LB 4758.JPG,Potato___Late_blight,Late Blight,256,256,1.0,65536,11.05,144.95,157.26,148.45,32.98,28.78,38.85,150.22,34.19,-7.91,10.56,-2.66,Diseased,Small,Bright,Green,150.22
76bea797-306c-4fc5-a868-69394fed05d4___RS_LB 2900.JPG,PlantVillage\Potato___Late_blight\76bea797-306c-4fc5-a868-69394fed05d4___RS_LB 2900.JPG,Potato___Late_blight,Late Blight,256,256,1.0,65536,14.73,107.13,109.51,96.3,37.73,33.77,47.28,104.32,40.41,4.23,7.8,-12.03,Diseased,Small,Moderate,Green,104.31
76ebfd7a-b3d8-4cde-b6b6-7e5132ec269b___RS_LB 4935.JPG,PlantVillage\Potato___Late_blight\76ebfd7a-b3d8-4cde-b6b6-7e5132ec269b___RS_LB 4935.JPG,Potato___Late_blight,Late Blight,256,256,1.0,65536,18.36,140.75,145.32,125.5,43.68,35.72,52.42,137.19,45.27,5.35,12.19,-17.54,Diseased,Small,Moderate,Green,137.19
76ee26db-ef55-43b9-9179-6b9ba15dc21a___RS_LB 4058.JPG,PlantVillage\Potato___Late_blight\76ee26db-ef55-43b9-9179-6b9ba15dc21a___RS_LB 4058.JPG,Potato___Late_blight,Late Blight,256,256,1.0,65536,11.02,118.78,122.35,121.74,41.37,28.46,45.18,120.96,39.03,-3.27,2.09,1.17,Diseased,Small,Moderate,Green,120.96
77164347-18bd-4466-aca9-0f61e6a36468___RS_LB 4155.JPG,PlantVillage\Potato___Late_blight\77164347-18bd-4466-aca9-0f61e6a36468___RS_LB 4155.JPG,Potato___Late_blight,Late Blight,256,256,1.0,65536,15.8,122.7,117.55,108.94,33.53,31.25,43.83,116.39,37.05,9.46,1.73,-11.19,Diseased,Small,Moderate,Red,116.4
7774658c-0dcb-4b7c-a1fa-573de03373dd___RS_LB 3135.JPG,PlantVillage\Potato___Late_blight\7774658c-0dcb-4b7c-a1fa-573de03373dd___RS_LB 3135.JPG,Potato___Late_blight,Late Blight,256,256,1.0,65536,18.63,116.02,112.4,96.56,54.57,49.07,57.6,108.33,54.52,11.54,6.11,-17.65,Diseased,Small,Moderate,Red,108.33
777a492f-3dfb-4bcf-8b33-a9b09fb21e6e___RS_LB 4866.JPG,PlantVillage\Potato___Late_blight\777a492f-3dfb-4bcf-8b33-a9b09fb21e6e___RS_LB 4866.JPG,Potato___Late_blight,Late Blight,256,256,1.0,65536,16.36,136.32,144.62,121.93,39.65,30.89,46.77,134.29,40.73,3.04,15.49,-18.53,Diseased,Small,Moderate,Green,134.29
77c271bd-0798-4336-8bea-f2a80e8e8906___RS_LB 3290.JPG,PlantVillage\Potato___Late_blight\77c271bd-0798-4336-8bea-f2a80e8e8906___RS_LB 3290.JPG,Potato___Late_blight,Late Blight,256,256,1.0,65536,18.85,120.43,115.52,101.57,49.17,42.02,52.87,112.51,48.89,11.89,4.52,-16.41,Diseased,Small,Moderate,Red,112.51
77e2a857-e169-42f4-9886-708024781837___RS_LB 4705.JPG,PlantVillage\Potato___Late_blight\77e2a857-e169-42f4-9886-708024781837___RS_LB 4705.JPG,Potato___Late_blight,Late Blight,256,256,1.0,65536,11.4,111.26,122.09,114.02,42.77,37.41,57.01,115.79,46.7,-6.79,9.45,-2.66,Diseased,Small,Moderate,Green,115.79
77f5fdf0-42c5-4af9-92d8-366e6a3a2017___RS_LB 4071.JPG,PlantVillage\Potato___Late_blight\77f5fdf0-42c5-4af9-92d8-366e6a3a2017___RS_LB 4071.JPG,Potato___Late_blight,Late Blight,256,256,1.0,65536,12.95,104.94,114.4,104.97,37.22,21.79,38.03,108.1,33.5,-4.74,9.44,-4.7,Diseased,Small,Moderate,Green,108.1
782bc9dd-286b-46ee-b896-fa5520f57b0c___RS_LB 4408.JPG,PlantVillage\Potato___Late_blight\782bc9dd-286b-46ee-b896-fa5520f57b0c___RS_LB 4408.JPG,Potato___Late_blight,Late Blight,256,256,1.0,65536,17.88,115.48,110.88,90.46,49.97,46.17,52.99,105.61,50.96,14.81,7.91,-22.72,Diseased,Small,Moderate,Red,105.61
78f43f26-36e5-43c2-9b87-a08d8a0b8a11___RS_LB 2843.JPG,PlantVillage\Potato___Late_blight\78f43f26-36e5-43c2-9b87-a08d8a0b8a11___RS_LB 2843.JPG,Potato___Late_blight,Late Blight,256,256,1.0,65536,15.21,113.3,120.81,107.94,43.65,38.36,52.93,114.01,45.69,-1.07,10.19,-9.12,Diseased,Small,Moderate,Green,114.02
78fe147d-b9c8-460d-ba04-65fa82b39184___RS_LB 4870.JPG,PlantVillage\Potato___Late_blight\78fe147d-b9c8-460d-ba04-65fa82b39184___RS_LB 4870.JPG,Potato___Late_blight,Late Blight,256,256,1.0,65536,16.17,135.77,141.64,120.04,45.42,36.49,54.56,132.48,46.98,4.93,13.73,-18.67,Diseased,Small,Moderate,Green,132.48
790eb0ba-6878-4b5a-85fb-481aa37783a3___RS_LB 3872.JPG,PlantVillage\Potato___Late_blight\790eb0ba-6878-4b5a-85fb-481aa37783a3___RS_LB 3872.JPG,Potato___Late_blight,Late Blight,256,256,1.0,65536,14.72,119.63,119.73,109.98,31.43,27.25,36.24,116.45,32.18,4.77,4.93,-9.7,Diseased,Small,Moderate,Green,116.45
792d4339-f459-4ef6-aef9-431c64c95cc1___RS_LB 3251.JPG,PlantVillage\Potato___Late_blight\792d4339-f459-4ef6-aef9-431c64c95cc1___RS_LB 3251.JPG,Potato___Late_blight,Late Blight,256,256,1.0,65536,16.97,140.35,133.76,123.34,54.64,50.78,56.64,132.48,54.53,11.8,1.92,-13.72,Diseased,Small,Moderate,Red,132.48
793aaf75-3085-4bbb-bace-33a9593c3c94___RS_LB 4847.JPG,PlantVillage\Potato___Late_blight\793aaf75-3085-4bbb-bace-33a9593c3c94___RS_LB 4847.JPG,Potato___Late_blight,Late Blight,256,256,1.0,65536,18.69,134.88,142.14,117.85,46.34,39.78,56.51,131.62,49.11,4.89,15.77,-20.66,Diseased,Small,Moderate,Green,131.62
794ef65d-1a4c-445a-b77c-f00d36ec82c6___RS_LB 2869.JPG,PlantVillage\Potato___Late_blight\794ef65d-1a4c-445a-b77c-f00d36ec82c6___RS_LB 2869.JPG,Potato___Late_blight,Late Blight,256,256,1.0,65536,13.42,100.35,102.38,77.52,37.66,39.11,49.85,93.42,44.03,10.4,13.45,-23.85,Diseased,Small,Dark,Green,93.42
794fae1d-55b2-4275-8fce-174728963813___RS_LB 2841.JPG,PlantVillage\Potato___Late_blight\794fae1d-55b2-4275-8fce-174728963813___RS_LB 2841.JPG,Potato___Late_blight,Late Blight,256,256,1.0,65536,15.13,111.74,118.73,105.79,38.35,33.68,46.18,112.09,40.09,-0.52,9.97,-9.45,Diseased,Small,Moderate,Green,112.09
7a0b26a9-4abe-4e84-ad20-699b0c0cd27e___RS_LB 4376.JPG,PlantVillage\Potato___Late_blight\7a0b26a9-4abe-4e84-ad20-699b0c0cd27e___RS_LB 4376.JPG,Potato___Late_blight,Late Blight,256,256,1.0,65536,14.6,113.69,107.58,85.4,44.9,43.99,47.1,102.22,46.95,17.2,8.03,-25.23,Diseased,Small,Moderate,Red,102.22
7a4371b2-72c6-414e-b73e-6e4b4adab72f___RS_LB 3289.JPG,PlantVillage\Potato___Late_blight\7a4371b2-72c6-414e-b73e-6e4b4adab72f___RS_LB 3289.JPG,Potato___Late_blight,Late Blight,256,256,1.0,65536,19.02,113.77,107.92,92.27,50.32,43.72,51.39,104.65,49.43,13.68,4.89,-18.57,Diseased,Small,Moderate,Red,104.65
7b32b8b9-6b65-44e6-a3e5-edd7a5d62ec4___RS_LB 4142.JPG,PlantVillage\Potato___Late_blight\7b32b8b9-6b65-44e6-a3e5-edd7a5d62ec4___RS_LB 4142.JPG,Potato___Late_blight,Late Blight,256,256,1.0,65536,12.67,101.37,108.59,90.61,32.68,24.43,40.48,100.19,33.99,1.77,12.6,-14.37,Diseased,Small,Moderate,Green,100.19
7b38a18a-65a4-4162-b48a-658b846be5a2___RS_LB 2733.JPG,PlantVillage\Potato___Late_blight\7b38a18a-65a4-4162-b48a-658b846be5a2___RS_LB 2733.JPG,Potato___Late_blight,Late Blight,256,256,1.0,65536,18.53,114.03,115.94,95.34,55.7,47.43,59.11,108.44,55.09,8.39,11.25,-19.64,Diseased,Small,Moderate,Green,108.44
7b5a2c96-f276-477a-8e7e-3325b02719a7___RS_LB 4613.JPG,PlantVillage\Potato___Late_blight\7b5a2c96-f276-477a-8e7e-3325b02719a7___RS_LB 4613.JPG,Potato___Late_blight,Late Blight,256,256,1.0,65536,13.75,109.74,116.68,100.4,48.24,39.38,54.04,108.94,48.07,1.2,11.61,-12.81,Diseased,Small,Moderate,Green,108.94
7bf67e1e-57c8-4f68-bc5a-56b2a69f30ec___RS_LB 2509.JPG,PlantVillage\Potato___Late_blight\7bf67e1e-57c8-4f68-bc5a-56b2a69f30ec___RS_LB 2509.JPG,Potato___Late_blight,Late Blight,256,256,1.0,65536,13.32,112.67,120.58,110.07,39.19,40.25,48.57,114.44,43.1,-2.66,9.21,-6.55,Diseased,Small,Moderate,Green,114.44
7c0ff85c-0a94-4ba3-9abf-010ba81a4780___RS_LB 4003.JPG,PlantVillage\Potato___Late_blight\7c0ff85c-0a94-4ba3-9abf-010ba81a4780___RS_LB 4003.JPG,Potato___Late_blight,Late Blight,256,256,1.0,65536,14.99,114.66,120.37,105.14,33.16,23.4,40.1,113.39,33.54,1.91,10.47,-12.38,Diseased,Small,Moderate,Green,113.39
7ce28b45-467c-4962-a030-f621b4bc76a8___RS_LB 2644.JPG,PlantVillage\Potato___Late_blight\7ce28b45-467c-4962-a030-f621b4bc76a8___RS_LB 2644.JPG,Potato___Late_blight,Late Blight,256,256,1.0,65536,17.27,110.11,118.43,98.98,52.2,42.0,59.31,109.17,52.27,1.4,13.89,-15.28,Diseased,Small,Moderate,Green,109.17
7d885e39-d832-473f-bf81-c22855e481c3___RS_LB 3946.JPG,PlantVillage\Potato___Late_blight\7d885e39-d832-473f-bf81-c22855e481c3___RS_LB 3946.JPG,Potato___Late_blight,Late Blight,256,256,1.0,65536,15.41,122.62,127.55,101.41,43.43,35.48,47.35,117.19,43.87,8.14,15.54,-23.68,Diseased,Small,Moderate,Green,117.19
7dfb162c-0384-46b3-bbf7-f0929bd00921___RS_LB 5235.JPG,PlantVillage\Potato___Late_blight\7dfb162c-0384-46b3-bbf7-f0929bd00921___RS_LB 5235.JPG,Potato___Late_blight,Late Blight,256,256,1.0,65536,13.63,103.58,112.95,99.08,35.71,29.6,40.37,105.2,35.97,-2.43,11.62,-9.18,Diseased,Small,Moderate,Green,105.2
7e0d53ac-3088-473e-a40e-50223afd4e60___RS_LB 2568.JPG,PlantVillage\Potato___Late_blight\7e0d53ac-3088-473e-a40e-50223afd4e60___RS_LB 2568.JPG,Potato___Late_blight,Late Blight,256,256,1.0,65536,16.25,126.44,126.77,110.19,43.86,36.86,51.43,121.14,45.12,7.96,8.46,-16.42,Diseased,Small,Moderate,Green,121.13
7e1b19fc-c79d-4898-9e69-9843dd8aa1b6___RS_LB 3137.JPG,PlantVillage\Potato___Late_blight\7e1b19fc-c79d-4898-9e69-9843dd8aa1b6___RS_LB 3137.JPG,Potato___Late_blight,Late Blight,256,256,1.0,65536,18.48,107.3,100.41,89.35,53.69,48.52,55.63,99.02,53.22,12.42,2.09,-14.51,Diseased,Small,Dark,Red,99.02
7e1cd97d-b5a3-4c92-b258-0aa90e6fb806___RS_LB 4826.JPG,PlantVillage\Potato___Late_blight\7e1cd97d-b5a3-4c92-b258-0aa90e6fb806___RS_LB 4826.JPG,Potato___Late_blight,Late Blight,256,256,1.0,65536,16.55,128.85,131.14,110.74,42.81,38.18,52.1,123.58,45.66,7.92,11.34,-19.26,Diseased,Small,Moderate,Green,123.58
7e486917-7f31-4a26-b0ca-6175ebc2beee___RS_LB 4113.JPG,PlantVillage\Potato___Late_blight\7e486917-7f31-4a26-b0ca-6175ebc2beee___RS_LB 4113.JPG,Potato___Late_blight,Late Blight,256,256,1.0,65536,11.67,103.77,106.91,102.92,33.99,22.24,36.57,104.53,31.61,-1.15,3.56,-2.41,Diseased,Small,Moderate,Green,104.53
7ec28081-7b26-4519-a406-48ff4edb69ea___RS_LB 2622.JPG,PlantVillage\Potato___Late_blight\7ec28081-7b26-4519-a406-48ff4edb69ea___RS_LB 2622.JPG,Potato___Late_blight,Late Blight,256,256,1.0,65536,13.72,96.54,100.26,94.29,34.9,30.84,41.8,97.03,36.22,-0.73,4.84,-4.11,Diseased,Small,Dark,Green,97.03
7eeb65d4-122d-45db-b6b0-820cbb6f2dc5___RS_LB 4539.JPG,PlantVillage\Potato___Late_blight\7eeb65d4-122d-45db-b6b0-820cbb6f2dc5___RS_LB 4539.JPG,Potato___Late_blight,Late Blight,256,256,1.0,65536,19.28,125.27,119.07,95.92,46.78,39.25,49.87,113.42,47.24,17.78,8.47,-26.25,Diseased,Small,Moderate,Red,113.42
7efcdebc-93be-4168-9965-2b2be46823d8___RS_LB 3249.JPG,PlantVillage\Potato___Late_blight\7efcdebc-93be-4168-9965-2b2be46823d8___RS_LB 3249.JPG,Potato___Late_blight,Late Blight,256,256,1.0,65536,18.27,132.42,126.61,113.82,47.7,43.29,50.75,124.28,47.98,12.2,3.49,-15.7,Diseased,Small,Moderate,Red,124.28
7f2933ec-8a70-453c-8e5f-4eb9d25eac6c___RS_LB 3917.JPG,PlantVillage\Potato___Late_blight\7f2933ec-8a70-453c-8e5f-4eb9d25eac6c___RS_LB 3917.JPG,Potato___Late_blight,Late Blight,256,256,1.0,65536,13.98,128.9,127.19,121.01,37.85,30.08,44.48,125.7,38.08,4.8,2.24,-7.04,Diseased,Small,Moderate,Red,125.7
7f90c344-54de-4053-a406-3a67f9fb1108___RS_LB 3283.JPG,PlantVillage\Potato___Late_blight\7f90c344-54de-4053-a406-3a67f9fb1108___RS_LB 3283.JPG,Potato___Late_blight,Late Blight,256,256,1.0,65536,19.07,109.19,102.89,85.42,55.26,53.12,55.83,99.16,55.67,15.03,5.58,-20.62,Diseased,Small,Dark,Red,99.17
805f68c3-b0a9-4072-8ef6-4c48d804e888___RS_LB 5159.JPG,PlantVillage\Potato___Late_blight\805f68c3-b0a9-4072-8ef6-4c48d804e888___RS_LB 5159.JPG,Potato___Late_blight,Late Blight,256,256,1.0,65536,13.9,90.09,102.12,88.97,42.49,33.5,48.23,93.73,42.27,-5.45,12.59,-7.13,Diseased,Small,Dark,Green,93.73
80a20af8-9759-4c07-8d0c-d48edc9925c6___RS_LB 5289.JPG,PlantVillage\Potato___Late_blight\80a20af8-9759-4c07-8d0c-d48edc9925c6___RS_LB 5289.JPG,Potato___Late_blight,Late Blight,256,256,1.0,65536,15.09,103.82,114.76,95.93,40.12,30.5,44.34,104.84,39.52,-1.52,14.89,-13.36,Diseased,Small,Moderate,Green,104.84
80bdc2a3-66b8-4d95-abe7-65c7806f7cbf___RS_LB 3073.JPG,PlantVillage\Potato___Late_blight\80bdc2a3-66b8-4d95-abe7-65c7806f7cbf___RS_LB 3073.JPG,Potato___Late_blight,Late Blight,256,256,1.0,65536,17.25,120.02,116.14,105.61,47.74,46.88,55.83,113.92,50.68,9.15,3.32,-12.47,Diseased,Small,Moderate,Red,113.92
80e39105-97cd-4368-9e3a-b5498ae1c0a2___RS_LB 4474.JPG,PlantVillage\Potato___Late_blight\80e39105-97cd-4368-9e3a-b5498ae1c0a2___RS_LB 4474.JPG,Potato___Late_blight,Late Blight,256,256,1.0,65536,14.64,128.04,110.26,96.84,47.92,43.66,50.92,111.71,49.28,24.48,-2.18,-22.31,Diseased,Small,Moderate,Red,111.71
8137ed93-0e40-4bcd-9da7-f69ad5a08cd5___RS_LB 3059.JPG,PlantVillage\Potato___Late_blight\8137ed93-0e40-4bcd-9da7-f69ad5a08cd5___RS_LB 3059.JPG,Potato___Late_blight,Late Blight,256,256,1.0,65536,15.5,113.37,111.24,100.82,43.75,42.15,51.87,108.47,46.45,7.34,4.15,-11.49,Diseased,Small,Moderate,Red,108.48
815516f8-6fb1-4f92-bdff-63349e5ee83f___RS_LB 3237.JPG,PlantVillage\Potato___Late_blight\815516f8-6fb1-4f92-bdff-63349e5ee83f___RS_LB 3237.JPG,Potato___Late_blight,Late Blight,256,256,1.0,65536,17.82,128.94,121.53,109.84,58.46,52.66,61.47,120.1,58.18,13.25,2.14,-15.39,Diseased,Small,Moderate,Red,120.1
8192a596-e2e9-4451-a33d-a92a26a739ee___RS_LB 2624.JPG,PlantVillage\Potato___Late_blight\8192a596-e2e9-4451-a33d-a92a26a739ee___RS_LB 2624.JPG,Potato___Late_blight,Late Blight,256,256,1.0,65536,18.45,105.29,106.66,88.69,48.31,40.87,53.17,100.21,48.41,7.61,9.67,-17.29,Diseased,Small,Moderate,Green,100.21
81e4675f-5f16-4c8a-be12-acb79f46575e___RS_LB 3111.JPG,PlantVillage\Potato___Late_blight\81e4675f-5f16-4c8a-be12-acb79f46575e___RS_LB 3111.JPG,Potato___Late_blight,Late Blight,256,256,1.0,65536,16.34,128.06,124.5,106.46,45.21,42.75,52.65,119.67,48.0,12.58,7.23,-19.81,Diseased,Small,Moderate,Red,119.67
82967117-2bcc-4949-b060-738e7b66b755___RS_LB 4744.JPG,PlantVillage\Potato___Late_blight\82967117-2bcc-4949-b060-738e7b66b755___RS_LB 4744.JPG,Potato___Late_blight,Late Blight,256,256,1.0,65536,12.77,142.14,156.76,145.24,30.99,24.08,36.31,148.05,31.5,-8.86,13.07,-4.21,Diseased,Small,Moderate,Green,148.05
82e0f1d2-e996-427b-9216-6b46aedbc07f___RS_LB 4880.JPG,PlantVillage\Potato___Late_blight\82e0f1d2-e996-427b-9216-6b46aedbc07f___RS_LB 4880.JPG,Potato___Late_blight,Late Blight,256,256,1.0,65536,16.35,121.26,128.72,106.74,36.67,30.11,45.04,118.91,38.86,3.53,14.72,-18.25,Diseased,Small,Moderate,Green,118.91
82eb4f72-487c-4f4e-ace6-cc44a24978ec___RS_LB 2600.JPG,PlantVillage\Potato___Late_blight\82eb4f72-487c-4f4e-ace6-cc44a24978ec___RS_LB 2600.JPG,Potato___Late_blight,Late Blight,256,256,1.0,65536,15.57,105.56,114.92,106.61,42.63,33.22,47.2,109.03,41.64,-5.2,8.83,-3.63,Diseased,Small,Moderate,Green,109.03
83f821e6-0924-4bbe-8977-0e11c220aed0___RS_LB 5011.JPG,PlantVillage\Potato___Late_blight\83f821e6-0924-4bbe-8977-0e11c220aed0___RS_LB 5011.JPG,Potato___Late_blight,Late Blight,256,256,1.0,65536,17.61,118.21,118.09,109.63,41.07,34.37,45.22,115.31,40.67,4.35,4.17,-8.52,Diseased,Small,Moderate,Red,115.31
84182903-22be-4563-8276-d72413958ada___RS_LB 4027.JPG,PlantVillage\Potato___Late_blight\84182903-22be-4563-8276-d72413958ada___RS_LB 4027.JPG,Potato___Late_blight,Late Blight,256,256,1.0,65536,14.38,110.56,124.47,103.54,39.98,27.41,43.46,112.86,38.58,-3.44,17.42,-13.98,Diseased,Small,Moderate,Green,112.86
841a4e5a-7aa6-4b32-a2b2-436874a48fdb___RS_LB 4469.JPG,PlantVillage\Potato___Late_blight\841a4e5a-7aa6-4b32-a2b2-436874a48fdb___RS_LB 4469.JPG,Potato___Late_blight,Late Blight,256,256,1.0,65536,18.72,119.39,116.4,93.17,42.49,35.57,46.62,109.65,43.42,14.61,10.12,-24.73,Diseased,Small,Moderate,Red,109.65
84559c6d-0589-4d8d-8fc3-a818b067f85c___RS_LB 4608.JPG,PlantVillage\Potato___Late_blight\84559c6d-0589-4d8d-8fc3-a818b067f85c___RS_LB 4608.JPG,Potato___Late_blight,Late Blight,256,256,1.0,65536,13.37,102.15,111.22,90.5,39.69,32.75,45.13,101.29,40.42,1.29,14.9,-16.19,Diseased,Small,Moderate,Green,101.29
84e85005-c647-4381-8762-c487074c9571___RS_LB 5186.JPG,PlantVillage\Potato___Late_blight\84e85005-c647-4381-8762-c487074c9571___RS_LB 5186.JPG,Potato___Late_blight,Late Blight,256,256,1.0,65536,16.21,123.79,133.25,112.84,49.6,39.46,55.4,123.29,49.31,0.74,14.94,-15.69,Diseased,Small,Moderate,Green,123.29
84f666da-9e17-4e90-9813-0ed64da175d9___RS_LB 2536.JPG,PlantVillage\Potato___Late_blight\84f666da-9e17-4e90-9813-0ed64da175d9___RS_LB 2536.JPG,Potato___Late_blight,Late Blight,256,256,1.0,65536,17.67,132.14,128.11,119.11,50.38,46.91,54.61,126.45,51.03,8.52,2.49,-11.01,Diseased,Small,Moderate,Red,126.45
8542cb42-d817-4850-b42f-1fa7083e37d9___RS_LB 4780.JPG,PlantVillage\Potato___Late_blight\8542cb42-d817-4850-b42f-1fa7083e37d9___RS_LB 4780.JPG,Potato___Late_blight,Late Blight,256,256,1.0,65536,16.23,146.5,152.88,141.47,38.31,35.71,49.48,146.95,41.86,-0.67,8.89,-8.22,Diseased,Small,Moderate,Green,146.95
856b9ab9-c5af-43f1-a320-097b7380d314___RS_LB 2789.JPG,PlantVillage\Potato___Late_blight\856b9ab9-c5af-43f1-a320-097b7380d314___RS_LB 2789.JPG,Potato___Late_blight,Late Blight,256,256,1.0,65536,16.29,108.91,105.79,91.46,45.26,43.29,54.62,102.05,48.58,10.29,5.6,-15.89,Diseased,Small,Moderate,Red,102.05
85bbcdd2-a9fe-46d1-8e0e-f4e2c5e885fe___RS_LB 3218.JPG,PlantVillage\Potato___Late_blight\85bbcdd2-a9fe-46d1-8e0e-f4e2c5e885fe___RS_LB 3218.JPG,Potato___Late_blight,Late Blight,256,256,1.0,65536,20.03,125.56,116.43,106.68,51.42,48.46,55.78,116.23,52.54,14.01,0.31,-14.32,Diseased,Small,Moderate,Red,116.22
85d29f87-cb27-4ffa-9ad8-9c47f9a53b33___RS_LB 4437.JPG,PlantVillage\Potato___Late_blight\85d29f87-cb27-4ffa-9ad8-9c47f9a53b33___RS_LB 4437.JPG,Potato___Late_blight,Late Blight,256,256,1.0,65536,16.5,115.93,110.03,108.95,34.22,37.2,42.73,111.64,38.33,6.44,-2.41,-4.03,Diseased,Small,Moderate,Red,111.64
85d60a7c-4a4c-4fcf-8743-21b4c03ff12c___RS_LB 3868.JPG,PlantVillage\Potato___Late_blight\85d60a7c-4a4c-4fcf-8743-21b4c03ff12c___RS_LB 3868.JPG,Potato___Late_blight,Late Blight,256,256,1.0,65536,14.56,127.87,135.61,116.6,41.38,31.17,43.56,126.69,39.85,1.77,13.37,-15.14,Diseased,Small,Moderate,Green,126.69
86323439-ca8d-4819-ae81-800e50f85770___RS_LB 2826.JPG,PlantVillage\Potato___Late_blight\86323439-ca8d-4819-ae81-800e50f85770___RS_LB 2826.JPG,Potato___Late_blight,Late Blight,256,256,1.0,65536,14.91,112.63,118.89,90.49,37.18,35.08,43.72,107.34,40.7,7.94,17.33,-25.28,Diseased,Small,Moderate,Green,107.34
8692ff0d-260b-4fb9-9598-efa91456c2bd___RS_LB 5438.JPG,PlantVillage\Potato___Late_blight\8692ff0d-260b-4fb9-9598-efa91456c2bd___RS_LB 5438.JPG,Potato___Late_blight,Late Blight,256,256,1.0,65536,14.61,109.09,121.39,114.1,37.63,31.78,43.05,114.86,38.1,-8.66,9.79,-1.14,Diseased,Small,Moderate,Green,114.86
86944800-4984-44f9-9c72-53fcb7324a3b___RS_LB 4015.JPG,PlantVillage\Potato___Late_blight\86944800-4984-44f9-9c72-53fcb7324a3b___RS_LB 4015.JPG,Potato___Late_blight,Late Blight,256,256,1.0,65536,13.41,116.72,112.59,103.52,32.16,26.76,39.95,110.94,33.85,8.66,2.47,-11.13,Diseased,Small,Moderate,Red,110.94
87681326-2843-4e63-9042-602b08a98a66___RS_LB 4145.JPG,PlantVillage\Potato___Late_blight\87681326-2843-4e63-9042-602b08a98a66___RS_LB 4145.JPG,Potato___Late_blight,Late Blight,256,256,1.0,65536,12.36,117.93,115.47,110.95,29.2,20.29,37.17,114.79,29.84,4.72,1.03,-5.75,Diseased,Small,Moderate,Red,114.78
8797bc6a-f738-4caf-9569-797fdf28cd24___RS_LB 2903.JPG,PlantVillage\Potato___Late_blight\8797bc6a-f738-4caf-9569-797fdf28cd24___RS_LB 2903.JPG,Potato___Late_blight,Late Blight,256,256,1.0,65536,15.77,102.37,97.87,86.26,35.92,33.69,42.48,95.5,38.15,10.3,3.56,-13.86,Diseased,Small,Dark,Red,95.5
87c99be5-a930-410f-8529-e79e030cba0c___RS_LB 5294.JPG,PlantVillage\Potato___Late_blight\87c99be5-a930-410f-8529-e79e030cba0c___RS_LB 5294.JPG,Potato___Late_blight,Late Blight,256,256,1.0,65536,16.14,104.8,110.14,96.43,38.51,33.7,41.93,103.79,38.61,1.51,9.53,-11.04,Diseased,Small,Moderate,Green,103.79
8829e413-5a7a-4680-b873-e71dfa9dbfe4___RS_LB 3974.JPG,PlantVillage\Potato___Late_blight\8829e413-5a7a-4680-b873-e71dfa9dbfe4___RS_LB 3974.JPG,Potato___Late_blight,Late Blight,256,256,1.0,65536,15.47,115.03,121.41,96.83,43.93,29.1,44.46,111.09,41.15,5.91,15.48,-21.39,Diseased,Small,Moderate,Green,111.09
889b0741-2110-47a9-a2d2-90194e5d7676___RS_LB 4787.JPG,PlantVillage\Potato___Late_blight\889b0741-2110-47a9-a2d2-90194e5d7676___RS_LB 4787.JPG,Potato___Late_blight,Late Blight,256,256,1.0,65536,18.48,123.62,127.14,108.04,41.06,37.47,49.66,119.6,43.83,6.03,11.31,-17.35,Diseased,Small,Moderate,Green,119.6
889d5479-9d54-49b1-9aba-3af34e377592___RS_LB 2635.JPG,PlantVillage\Potato___Late_blight\889d5479-9d54-49b1-9aba-3af34e377592___RS_LB 2635.JPG,Potato___Late_blight,Late Blight,256,256,1.0,65536,14.06,107.82,113.67,93.2,40.3,36.52,44.71,104.9,41.55,4.39,13.16,-17.55,Diseased,Small,Moderate,Green,104.9
890ffd2b-7365-4a91-b0e1-f414da0a17a4___RS_LB 3216.JPG,PlantVillage\Potato___Late_blight\890ffd2b-7365-4a91-b0e1-f414da0a17a4___RS_LB 3216.JPG,Potato___Late_blight,Late Blight,256,256,1.0,65536,17.35,132.35,127.79,112.1,45.47,39.86,52.17,124.08,46.92,12.4,5.57,-17.97,Diseased,Small,Moderate,Red,124.08
891ddb02-a289-4d8e-8380-7568686b7a08___RS_LB 3193.JPG,PlantVillage\Potato___Late_blight\891ddb02-a289-4d8e-8380-7568686b7a08___RS_LB 3193.JPG,Potato___Late_blight,Late Blight,256,256,1.0,65536,17.84,122.1,120.96,100.64,54.58,50.9,59.2,114.57,55.87,11.3,9.59,-20.89,Diseased,Small,Moderate,Red,114.57
89ad1a3c-db3c-4d75-9c92-64cea1433f89___RS_LB 2820.JPG,PlantVillage\Potato___Late_blight\89ad1a3c-db3c-4d75-9c92-64cea1433f89___RS_LB 2820.JPG,Potato___Late_blight,Late Blight,256,256,1.0,65536,15.96,123.85,122.8,99.5,37.05,33.63,44.71,115.39,40.34,12.7,11.13,-23.83,Diseased,Small,Moderate,Red,115.38
89c3b470-f3e6-4a8c-90a0-edfc0ef73085___RS_LB 4543.JPG,PlantVillage\Potato___Late_blight\89c3b470-f3e6-4a8c-90a0-edfc0ef73085___RS_LB 4543.JPG,Potato___Late_blight,Late Blight,256,256,1.0,65536,16.78,136.81,123.38,113.74,49.04,44.31,51.58,124.64,49.32,18.25,-1.9,-16.35,Diseased,Small,Moderate,Red,124.64
8a2f2feb-3738-4675-9cb6-b1911a056dd1___RS_LB 2601.JPG,PlantVillage\Potato___Late_blight\8a2f2feb-3738-4675-9cb6-b1911a056dd1___RS_LB 2601.JPG,Potato___Late_blight,Late Blight,256,256,1.0,65536,15.57,106.89,111.62,101.29,41.43,34.83,51.19,106.6,43.22,0.44,7.53,-7.97,Diseased,Small,Moderate,Green,106.6
8a70b737-9270-49ca-9fd2-e6468592c393___RS_LB 2978.JPG,PlantVillage\Potato___Late_blight\8a70b737-9270-49ca-9fd2-e6468592c393___RS_LB 2978.JPG,Potato___Late_blight,Late Blight,256,256,1.0,65536,18.2,117.72,117.69,99.33,57.49,50.03,61.49,111.58,57.2,9.21,9.16,-18.37,Diseased,Small,Moderate,Red,111.58
8aab9abd-f5e3-4653-80d9-317bef625ae2___RS_LB 5221.JPG,PlantVillage\Potato___Late_blight\8aab9abd-f5e3-4653-80d9-317bef625ae2___RS_LB 5221.JPG,Potato___Late_blight,Late Blight,256,256,1.0,65536,13.1,111.81,120.41,104.98,34.46,25.48,41.09,112.4,34.86,-0.88,12.01,-11.13,Diseased,Small,Moderate,Green,112.4
8acd2e1a-f965-4abb-bd16-8c0a4e918d2c___RS_LB 4644.JPG,PlantVillage\Potato___Late_blight\8acd2e1a-f965-4abb-bd16-8c0a4e918d2c___RS_LB 4644.JPG,Potato___Late_blight,Late Blight,256,256,1.0,65536,16.25,126.64,107.25,86.4,52.36,44.43,47.0,106.76,50.78,29.82,0.73,-30.55,Diseased,Small,Moderate,Red,106.76
8b0ef54c-6d28-47bb-a657-287afbb8a620___RS_LB 3298.JPG,PlantVillage\Potato___Late_blight\8b0ef54c-6d28-47bb-a657-287afbb8a620___RS_LB 3298.JPG,Potato___Late_blight,Late Blight,256,256,1.0,65536,18.78,123.27,109.56,102.42,56.69,55.82,61.76,111.75,58.79,17.28,-3.28,-14.0,Diseased,Small,Moderate,Red,111.75
8bf37a1e-4535-4919-953e-69376f5be48a___RS_LB 2611.JPG,PlantVillage\Potato___Late_blight\8bf37a1e-4535-4919-953e-69376f5be48a___RS_LB 2611.JPG,Potato___Late_blight,Late Blight,256,256,1.0,65536,15.5,99.59,102.62,98.06,44.06,40.24,50.67,100.09,45.23,-0.75,3.8,-3.05,Diseased,Small,Moderate,Green,100.09
8c1960cd-20e2-4a9c-a1ee-9800289b884f___RS_LB 3941.JPG,PlantVillage\Potato___Late_blight\8c1960cd-20e2-4a9c-a1ee-9800289b884f___RS_LB 3941.JPG,Potato___Late_blight,Late Blight,256,256,1.0,65536,15.67,135.9,138.61,108.88,34.86,23.68,44.69,127.8,37.92,12.16,16.22,-28.37,Diseased,Small,Moderate,Green,127.8
8c3c1c3f-5cf0-4daa-9267-243cf1b47927___RS_LB 5005.JPG,PlantVillage\Potato___Late_blight\8c3c1c3f-5cf0-4daa-9267-243cf1b47927___RS_LB 5005.JPG,Potato___Late_blight,Late Blight,256,256,1.0,65536,16.67,128.88,128.0,112.92,36.13,28.29,41.9,123.26,36.62,8.42,7.1,-15.52,Diseased,Small,Moderate,Red,123.27
8c894440-a022-41a8-9545-51ff4286d29f___RS_LB 5126.JPG,PlantVillage\Potato___Late_blight\8c894440-a022-41a8-9545-51ff4286d29f___RS_LB 5126.JPG,Potato___Late_blight,Late Blight,256,256,1.0,65536,14.4,104.49,108.28,104.43,43.81,40.9,50.3,105.73,45.21,-1.86,3.82,-1.96,Diseased,Small,Moderate,Green,105.73
8cd26c99-237b-4910-98ae-3e930c760f56___RS_LB 4061.JPG,PlantVillage\Potato___Late_blight\8cd26c99-237b-4910-98ae-3e930c760f56___RS_LB 4061.JPG,Potato___Late_blight,Late Blight,256,256,1.0,65536,12.02,105.82,111.14,106.41,39.16,27.42,42.1,107.79,36.86,-2.96,5.03,-2.07,Diseased,Small,Moderate,Green,107.79
8e1d2020-3d04-46b1-bd71-82922e1aeaa6___RS_LB 5017.JPG,PlantVillage\Potato___Late_blight\8e1d2020-3d04-46b1-bd71-82922e1aeaa6___RS_LB 5017.JPG,Potato___Late_blight,Late Blight,256,256,1.0,65536,16.63,95.03,102.77,103.45,46.84,38.28,51.64,100.42,46.08,-8.08,3.53,4.55,Diseased,Small,Moderate,Blue,100.42
8e78b212-d2b4-4551-a1c1-70268ec75b0d___RS_LB 2958.JPG,PlantVillage\Potato___Late_blight\8e78b212-d2b4-4551-a1c1-70268ec75b0d___RS_LB 2958.JPG,Potato___Late_blight,Late Blight,256,256,1.0,65536,17.38,100.0,97.67,88.4,38.83,36.27,46.26,95.36,40.98,6.97,3.47,-10.44,Diseased,Small,Dark,Red,95.36
8e864e28-d161-4888-bf90-fd9467bfe9c2___RS_LB 4574.JPG,PlantVillage\Potato___Late_blight\8e864e28-d161-4888-bf90-fd9467bfe9c2___RS_LB 4574.JPG,Potato___Late_blight,Late Blight,256,256,1.0,65536,16.07,123.52,116.39,98.51,39.72,28.27,42.64,112.8,38.84,16.07,5.38,-21.45,Diseased,Small,Moderate,Red,112.81
8eb5691c-0098-45f6-a782-e297ed340bc0___RS_LB 4153.JPG,PlantVillage\Potato___Late_blight\8eb5691c-0098-45f6-a782-e297ed340bc0___RS_LB 4153.JPG,Potato___Late_blight,Late Blight,256,256,1.0,65536,13.57,105.0,102.95,89.8,28.61,25.88,38.07,99.25,32.01,8.63,5.55,-14.18,Diseased,Small,Dark,Red,99.25
8ecb7cf3-9be5-4c3e-9714-2d5987987ad0___RS_LB 5205.JPG,PlantVillage\Potato___Late_blight\8ecb7cf3-9be5-4c3e-9714-2d5987987ad0___RS_LB 5205.JPG,Potato___Late_blight,Late Blight,256,256,1.0,65536,14.74,109.94,114.59,103.75,36.62,28.86,41.8,109.43,36.43,0.77,7.75,-8.52,Diseased,Small,Moderate,Green,109.43
8ee9f477-92a7-43a0-9377-0535b218a21d___RS_LB 5266.JPG,PlantVillage\Potato___Late_blight\8ee9f477-92a7-43a0-9377-0535b218a21d___RS_LB 5266.JPG,Potato___Late_blight,Late Blight,256,256,1.0,65536,17.8,122.73,127.77,109.4,40.45,32.14,47.73,119.97,41.34,4.14,11.71,-15.85,Diseased,Small,Moderate,Green,119.97
8f12dae8-d44b-4d16-8815-4da5f9a9ff55___RS_LB 4283.JPG,PlantVillage\Potato___Late_blight\8f12dae8-d44b-4d16-8815-4da5f9a9ff55___RS_LB 4283.JPG,Potato___Late_blight,Late Blight,256,256,1.0,65536,14.85,101.31,109.83,98.88,29.44,22.15,40.89,103.34,32.12,-3.05,9.74,-6.69,Diseased,Small,Moderate,Green,103.34
8f634ae3-010a-4a08-aae9-2aa43bc73a0a___RS_LB 4069.JPG,PlantVillage\Potato___Late_blight\8f634ae3-010a-4a08-aae9-2aa43bc73a0a___RS_LB 4069.JPG,Potato___Late_blight,Late Blight,256,256,1.0,65536,12.68,112.02,124.33,113.03,41.55,25.63,42.6,116.46,37.82,-6.66,11.81,-5.15,Diseased,Small,Moderate,Green,116.46
8f80caee-38ed-4b49-9596-6f66c3cb9c1b___RS_LB 2535.JPG,PlantVillage\Potato___Late_blight\8f80caee-38ed-4b49-9596-6f66c3cb9c1b___RS_LB 2535.JPG,Potato___Late_blight,Late Blight,256,256,1.0,65536,17.04,120.52,117.96,107.15,52.02,48.15,55.45,115.21,52.28,7.96,4.13,-12.09,Diseased,Small,Moderate,Red,115.21
8f8e338a-b6ac-4ca7-b3f3-596dc15eb140___RS_LB 3970.JPG,PlantVillage\Potato___Late_blight\8f8e338a-b6ac-4ca7-b3f3-596dc15eb140___RS_LB 3970.JPG,Potato___Late_blight,Late Blight,256,256,1.0,65536,15.9,133.02,130.95,119.91,33.22,26.48,38.32,127.96,33.53,7.59,4.48,-12.07,Diseased,Small,Moderate,Red,127.96
8f93f47b-2ee7-482b-9e18-20af5eb98d79___RS_LB 4889.JPG,PlantVillage\Potato___Late_blight\8f93f47b-2ee7-482b-9e18-20af5eb98d79___RS_LB 4889.JPG,Potato___Late_blight,Late Blight,256,256,1.0,65536,15.93,134.67,136.58,118.11,34.53,27.55,42.41,129.79,36.32,7.32,10.2,-17.52,Diseased,Small,Moderate,Green,129.79
9001b18c-b659-4c56-9dfb-0d0bf64a7b4a___RS_LB 4987.JPG,PlantVillage\Potato___Late_blight\9001b18c-b659-4c56-9dfb-0d0bf64a7b4a___RS_LB 4987.JPG,Potato___Late_blight,Late Blight,256,256,1.0,65536,20.06,125.19,129.26,114.7,46.07,39.65,48.9,123.05,45.46,3.21,9.32,-12.52,Diseased,Small,Moderate,Green,123.05
9009c86e-1205-4694-b0bb-ef7cf78dd104___RS_LB 3995.JPG,PlantVillage\Potato___Late_blight\9009c86e-1205-4694-b0bb-ef7cf78dd104___RS_LB 3995.JPG,Potato___Late_blight,Late Blight,256,256,1.0,65536,16.15,103.93,114.42,91.77,45.32,31.68,48.23,103.37,43.36,0.84,16.57,-17.41,Diseased,Small,Moderate,Green,103.37
90302aa5-644e-4857-b60f-92f6aed488fa___RS_LB 3246.JPG,PlantVillage\Potato___Late_blight\90302aa5-644e-4857-b60f-92f6aed488fa___RS_LB 3246.JPG,Potato___Late_blight,Late Blight,256,256,1.0,65536,19.13,110.45,105.9,95.49,50.82,45.22,52.51,103.95,50.01,9.76,2.93,-12.69,Diseased,Small,Moderate,Red,103.95
9032d569-294e-4b8b-a70f-ecff949e43e2___RS_LB 3998.JPG,PlantVillage\Potato___Late_blight\9032d569-294e-4b8b-a70f-ecff949e43e2___RS_LB 3998.JPG,Potato___Late_blight,Late Blight,256,256,1.0,65536,11.41,93.43,102.36,101.21,31.32,18.89,33.73,99.0,29.0,-8.36,5.04,3.32,Diseased,Small,Dark,Green,99.0
90596f7b-1efa-4595-8d57-bcbd4c48253f___RS_LB 4753.JPG,PlantVillage\Potato___Late_blight\90596f7b-1efa-4595-8d57-bcbd4c48253f___RS_LB 4753.JPG,Potato___Late_blight,Late Blight,256,256,1.0,65536,12.84,137.56,149.28,141.07,37.36,32.17,44.01,142.63,38.47,-7.62,9.97,-2.35,Diseased,Small,Moderate,Green,142.64
908546cd-34b8-4502-ab09-0c5bb7c1d87b___RS_LB 4912.JPG,PlantVillage\Potato___Late_blight\908546cd-34b8-4502-ab09-0c5bb7c1d87b___RS_LB 4912.JPG,Potato___Late_blight,Late Blight,256,256,1.0,65536,20.32,126.59,127.64,106.94,38.3,32.86,45.94,120.39,40.54,9.3,10.88,-20.17,Diseased,Small,Moderate,Green,120.39
90c2a92c-9e38-49a3-aefe-e1805fe64537___RS_LB 3016.JPG,PlantVillage\Potato___Late_blight\90c2a92c-9e38-49a3-aefe-e1805fe64537___RS_LB 3016.JPG,Potato___Late_blight,Late Blight,256,256,1.0,65536,18.6,109.49,115.21,96.91,50.55,41.07,53.63,107.2,49.31,3.43,12.02,-15.44,Diseased,Small,Moderate,Green,107.2
910139a3-cd42-4adc-a24b-3602fd4de7d3___RS_LB 4415.JPG,PlantVillage\Potato___Late_blight\910139a3-cd42-4adc-a24b-3602fd4de7d3___RS_LB 4415.JPG,Potato___Late_blight,Late Blight,256,256,1.0,65536,21.09,120.96,116.23,95.06,52.78,45.18,55.22,110.75,52.46,15.31,8.23,-23.54,Diseased,Small,Moderate,Red,110.75
9157168d-8377-4a75-8dc2-d7c951efeb55___RS_LB 4978.JPG,PlantVillage\Potato___Late_blight\9157168d-8377-4a75-8dc2-d7c951efeb55___RS_LB 4978.JPG,Potato___Late_blight,Late Blight,256,256,1.0,65536,16.31,123.83,130.08,110.72,41.86,33.57,46.2,121.54,41.67,3.42,12.81,-16.23,Diseased,Small,Moderate,Green,121.54
919150bd-372b-44e0-a70e-a13e60dccbce___RS_LB 3263.JPG,PlantVillage\Potato___Late_blight\919150bd-372b-44e0-a70e-a13e60dccbce___RS_LB 3263.JPG,Potato___Late_blight,Late Blight,256,256,1.0,65536,17.62,106.13,105.84,91.29,49.62,44.46,51.4,101.09,49.07,7.56,7.13,-14.69,Diseased,Small,Moderate,Red,101.09
9254f86d-5d83-4217-a7f5-84d08e1b93ee___RS_LB 4037.JPG,PlantVillage\Potato___Late_blight\9254f86d-5d83-4217-a7f5-84d08e1b93ee___RS_LB 4037.JPG,Potato___Late_blight,Late Blight,256,256,1.0,65536,12.38,109.65,120.58,107.87,38.58,29.68,46.15,112.7,39.13,-4.58,11.82,-7.24,Diseased,Small,Moderate,Green,112.7
929dd251-5fbb-406f-9313-a71e5f96b31c___RS_LB 4781.JPG,PlantVillage\Potato___Late_blight\929dd251-5fbb-406f-9313-a71e5f96b31c___RS_LB 4781.JPG,Potato___Late_blight,Late Blight,256,256,1.0,65536,13.93,135.61,140.76,131.34,35.55,31.72,46.55,135.9,38.65,-0.44,7.28,-6.84,Diseased,Small,Moderate,Green,135.9
93905331-a3b3-43dd-8596-d8f7e6b3e88f___RS_LB 3306.JPG,PlantVillage\Potato___Late_blight\93905331-a3b3-43dd-8596-d8f7e6b3e88f___RS_LB 3306.JPG,Potato___Late_blight,Late Blight,256,256,1.0,65536,18.13,124.42,117.83,106.11,53.44,49.13,57.72,116.12,54.08,12.46,2.56,-15.02,Diseased,Small,Moderate,Red,116.12
93935af4-3aae-4dd6-90d9-fb28e439faf0___RS_LB 3299.JPG,PlantVillage\Potato___Late_blight\93935af4-3aae-4dd6-90d9-fb28e439faf0___RS_LB 3299.JPG,Potato___Late_blight,Late Blight,256,256,1.0,65536,16.76,136.94,122.89,115.02,60.24,61.5,67.99,124.95,63.98,17.98,-3.09,-14.89,Diseased,Small,Moderate,Red,124.95
939a9a98-cbc9-4b83-bb47-395f26d7fddd___RS_LB 4293.JPG,PlantVillage\Potato___Late_blight\939a9a98-cbc9-4b83-bb47-395f26d7fddd___RS_LB 4293.JPG,Potato___Late_blight,Late Blight,256,256,1.0,65536,21.48,128.31,117.11,90.88,37.65,34.79,46.91,112.1,43.08,24.31,7.51,-31.83,Diseased,Small,Moderate,Red,112.1
93d91b96-e024-477c-9b76-796e3f1614d4___RS_LB 3297.JPG,PlantVillage\Potato___Late_blight\93d91b96-e024-477c-9b76-796e3f1614d4___RS_LB 3297.JPG,Potato___Late_blight,Late Blight,256,256,1.0,65536,17.31,127.88,114.95,109.13,69.92,69.1,72.77,117.32,71.05,15.84,-3.55,-12.29,Diseased,Small,Moderate,Red,117.32
9475f5bf-607b-4091-8a6d-8f09921478a7___RS_LB 5191.JPG,PlantVillage\Potato___Late_blight\9475f5bf-607b-4091-8a6d-8f09921478a7___RS_LB 5191.JPG,Potato___Late_blight,Late Blight,256,256,1.0,65536,19.4,129.43,126.98,114.39,44.65,40.66,52.49,123.6,46.66,8.75,5.07,-13.82,Diseased,Small,Moderate,Red,123.6
94c50d24-cfd7-486c-a4ac-a10f552d0f8b___RS_LB 4329.JPG,PlantVillage\Potato___Late_blight\94c50d24-cfd7-486c-a4ac-a10f552d0f8b___RS_LB 4329.JPG,Potato___Late_blight,Late Blight,256,256,1.0,65536,16.01,131.81,114.16,94.37,39.27,40.7,40.31,113.45,42.91,27.54,1.07,-28.62,Diseased,Small,Moderate,Red,113.45
94ebce3c-2945-44a4-aa81-1abe8e4beea2___RS_LB 3953.JPG,PlantVillage\Potato___Late_blight\94ebce3c-2945-44a4-aa81-1abe8e4beea2___RS_LB 3953.JPG,Potato___Late_blight,Late Blight,256,256,1.0,65536,16.23,120.82,125.66,107.94,40.77,30.17,45.24,118.14,39.95,4.02,11.28,-15.29,Diseased,Small,Moderate,Green,118.14
954d36cb-4a20-4889-83dd-4cba7e7180f8___RS_LB 4536.JPG,PlantVillage\Potato___Late_blight\954d36cb-4a20-4889-83dd-4cba7e7180f8___RS_LB 4536.JPG,Potato___Late_blight,Late Blight,256,256,1.0,65536,18.87,126.13,115.07,102.45,45.35,37.04,46.37,114.55,44.19,17.37,0.78,-18.15,Diseased,Small,Moderate,Red,114.55
9570095c-02e9-497b-bec1-4e526f3462e5___RS_LB 2815.JPG,PlantVillage\Potato___Late_blight\9570095c-02e9-497b-bec1-4e526f3462e5___RS_LB 2815.JPG,Potato___Late_blight,Late Blight,256,256,1.0,65536,18.77,131.51,131.22,113.18,52.41,44.94,57.41,125.3,52.55,9.31,8.87,-18.19,Diseased,Small,Moderate,Red,125.3
95816fab-df6d-4730-8f52-4b64aac47e3d___RS_LB 3056.JPG,PlantVillage\Potato___Late_blight\95816fab-df6d-4730-8f52-4b64aac47e3d___RS_LB 3056.JPG,Potato___Late_blight,Late Blight,256,256,1.0,65536,14.98,112.31,113.66,103.68,42.29,35.46,46.11,109.88,41.76,3.64,5.67,-9.31,Diseased,Small,Moderate,Green,109.88
958a4438-2ced-4d8c-af73-871376cf6ed5___RS_LB 4483.JPG,PlantVillage\Potato___Late_blight\958a4438-2ced-4d8c-af73-871376cf6ed5___RS_LB 4483.JPG,Potato___Late_blight,Late Blight,256,256,1.0,65536,20.44,128.11,113.53,97.38,45.14,41.57,47.43,113.01,46.5,22.65,0.78,-23.44,Diseased,Small,Moderate,Red,113.01
9631fd8f-244c-4047-98e4-aecc907624c1___RS_LB 4573.JPG,PlantVillage\Potato___Late_blight\9631fd8f-244c-4047-98e4-aecc907624c1___RS_LB 4573.JPG,Potato___Late_blight,Late Blight,256,256,1.0,65536,14.09,128.9,120.89,105.74,38.87,29.51,38.57,118.51,37.17,15.59,3.57,-19.15,Diseased,Small,Moderate,Red,118.51
967a677a-712c-447f-ba27-f59818944af0___RS_LB 4353.JPG,PlantVillage\Potato___Late_blight\967a677a-712c-447f-ba27-f59818944af0___RS_LB 4353.JPG,Potato___Late_blight,Late Blight,256,256,1.0,65536,18.11,122.32,112.79,96.39,47.02,40.86,50.29,110.5,47.45,17.73,3.44,-21.17,Diseased,Small,Moderate,Red,110.5
96879d98-11ca-40c7-9708-9ca8f235f407___RS_LB 2739.JPG,PlantVillage\Potato___Late_blight\96879d98-11ca-40c7-9708-9ca8f235f407___RS_LB 2739.JPG,Potato___Late_blight,Late Blight,256,256,1.0,65536,19.52,119.31,105.85,95.49,55.89,53.22,57.09,106.88,56.28,18.64,-1.55,-17.08,Diseased,Small,Moderate,Red,106.88
969aa93b-46d1-478c-a398-dcb4ed7d27bd___RS_LB 2870.JPG,PlantVillage\Potato___Late_blight\969aa93b-46d1-478c-a398-dcb4ed7d27bd___RS_LB 2870.JPG,Potato___Late_blight,Late Blight,256,256,1.0,65536,13.86,122.8,123.25,105.86,40.62,42.06,53.71,117.3,46.55,8.24,8.93,-17.17,Diseased,Small,Moderate,Green,117.3
96a70433-9204-4a41-acad-d39932559068___RS_LB 3200.JPG,PlantVillage\Potato___Late_blight\96a70433-9204-4a41-acad-d39932559068___RS_LB 3200.JPG,Potato___Late_blight,Late Blight,256,256,1.0,65536,19.53,118.45,114.49,101.34,54.82,46.13,56.24,111.43,53.09,10.54,4.59,-15.13,Diseased,Small,Moderate,Red,111.43
971ec52d-67e9-4438-80f6-a6aa32fdc946___RS_LB 3048.JPG,PlantVillage\Potato___Late_blight\971ec52d-67e9-4438-80f6-a6aa32fdc946___RS_LB 3048.JPG,Potato___Late_blight,Late Blight,256,256,1.0,65536,15.75,116.88,110.38,103.36,44.53,42.09,50.4,110.2,46.14,10.01,0.26,-10.27,Diseased,Small,Moderate,Red,110.21
974344ba-438f-4190-b71c-875924190fdc___RS_LB 3866.JPG,PlantVillage\Potato___Late_blight\974344ba-438f-4190-b71c-875924190fdc___RS_LB 3866.JPG,Potato___Late_blight,Late Blight,256,256,1.0,65536,13.6,127.39,132.51,114.77,36.19,21.79,38.05,124.89,33.66,3.75,11.43,-15.18,Diseased,Small,Moderate,Green,124.89
977cefff-6bb2-41d4-9496-d30e03c71112___RS_LB 3287.JPG,PlantVillage\Potato___Late_blight\977cefff-6bb2-41d4-9496-d30e03c71112___RS_LB 3287.JPG,Potato___Late_blight,Late Blight,256,256,1.0,65536,18.64,123.82,116.46,102.15,51.92,46.87,57.12,114.14,52.91,14.51,3.47,-17.98,Diseased,Small,Moderate,Red,114.14
97a903b7-9b9b-4014-9052-a284f21bfd53___RS_LB 2511.JPG,PlantVillage\Potato___Late_blight\97a903b7-9b9b-4014-9052-a284f21bfd53___RS_LB 2511.JPG,Potato___Late_blight,Late Blight,256,256,1.0,65536,15.3,97.73,110.58,92.94,39.82,36.65,50.53,100.42,43.39,-4.03,15.24,-11.21,Diseased,Small,Moderate,Green,100.42
97babc05-67f1-49d4-9821-6fb8294da5e8___RS_LB 4541.JPG,PlantVillage\Potato___Late_blight\97babc05-67f1-49d4-9821-6fb8294da5e8___RS_LB 4541.JPG,Potato___Late_blight,Late Blight,256,256,1.0,65536,14.09,129.88,111.6,98.4,45.07,40.2,45.27,113.29,45.45,24.88,-2.54,-22.34,Diseased,Small,Moderate,Red,113.29
98a806fd-2839-4069-b40b-08522c34ccdc___RS_LB 3032.JPG,PlantVillage\Potato___Late_blight\98a806fd-2839-4069-b40b-08522c34ccdc___RS_LB 3032.JPG,Potato___Late_blight,Late Blight,256,256,1.0,65536,14.54,104.57,105.35,93.9,42.42,40.4,47.35,101.28,43.8,4.94,6.12,-11.06,Diseased,Small,Moderate,Green,101.27
98f31440-de70-4c5f-be88-cdf2cb160d76___RS_LB 4947.JPG,PlantVillage\Potato___Late_blight\98f31440-de70-4c5f-be88-cdf2cb160d76___RS_LB 4947.JPG,Potato___Late_blight,Late Blight,256,256,1.0,65536,18.6,130.58,133.05,116.88,41.35,34.07,46.62,126.84,41.62,5.62,9.32,-14.94,Diseased,Small,Moderate,Green,126.84
990428a4-bfa8-450d-a755-fade1df0a214___RS_LB 4082.JPG,PlantVillage\Potato___Late_blight\990428a4-bfa8-450d-a755-fade1df0a214___RS_LB 4082.JPG,Potato___Late_blight,Late Blight,256,256,1.0,65536,14.1,93.32,104.14,97.41,40.23,25.41,41.91,98.29,36.88,-7.45,8.78,-1.32,Diseased,Small,Dark,Green,98.29
99064106-3789-4de4-b109-ebc83a20d94b___RS_LB 2757.JPG,PlantVillage\Potato___Late_blight\99064106-3789-4de4-b109-ebc83a20d94b___RS_LB 2757.JPG,Potato___Late_blight,Late Blight,256,256,1.0,65536,16.78,118.02,118.12,101.46,44.92,38.45,51.66,112.53,46.0,8.24,8.38,-16.61,Diseased,Small,Moderate,Green,112.53
9933b288-b5fe-4cbf-a9fa-58ef769b6f7c___RS_LB 2540.JPG,PlantVillage\Potato___Late_blight\9933b288-b5fe-4cbf-a9fa-58ef769b6f7c___RS_LB 2540.JPG,Potato___Late_blight,Late Blight,256,256,1.0,65536,16.18,127.16,126.51,115.04,49.15,44.92,51.46,122.9,48.9,6.39,5.41,-11.79,Diseased,Small,Moderate,Red,122.9
9934bde8-1c89-4ba6-95e6-015a69540873___RS_LB 4146.JPG,PlantVillage\Potato___Late_blight\9934bde8-1c89-4ba6-95e6-015a69540873___RS_LB 4146.JPG,Potato___Late_blight,Late Blight,256,256,1.0,65536,14.13,116.25,118.09,106.58,31.1,21.67,38.63,113.64,31.65,3.91,6.67,-10.58,Diseased,Small,Moderate,Green,113.64
9996efa6-219d-4f07-aa12-dc8ca40609b9___RS_LB 2840.JPG,PlantVillage\Potato___Late_blight\9996efa6-219d-4f07-aa12-dc8ca40609b9___RS_LB 2840.JPG,Potato___Late_blight,Late Blight,256,256,1.0,65536,14.64,113.75,118.38,108.01,40.79,35.17,45.87,113.38,41.06,0.55,7.5,-8.05,Diseased,Small,Moderate,Green,113.38
9a179173-fbfb-4e92-9959-58b826625c9b___RS_LB 4761.JPG,PlantVillage\Potato___Late_blight\9a179173-fbfb-4e92-9959-58b826625c9b___RS_LB 4761.JPG,Potato___Late_blight,Late Blight,256,256,1.0,65536,13.19,133.01,145.51,136.19,37.03,32.94,41.58,138.24,37.73,-7.84,10.91,-3.07,Diseased,Small,Moderate,Green,138.24
9a726ce3-7b21-48de-b522-25d19f3c10e3___RS_LB 4765.JPG,PlantVillage\Potato___Late_blight\9a726ce3-7b21-48de-b522-25d19f3c10e3___RS_LB 4765.JPG,Potato___Late_blight,Late Blight,256,256,1.0,65536,12.52,135.82,145.03,133.36,31.78,28.46,41.7,138.07,34.81,-3.38,10.44,-7.06,Diseased,Small,Moderate,Green,138.07
9a7d732b-12e2-400f-9206-068df63de1ba___RS_LB 2926.JPG,PlantVillage\Potato___Late_blight\9a7d732b-12e2-400f-9206-068df63de1ba___RS_LB 2926.JPG,Potato___Late_blight,Late Blight,256,256,1.0,65536,15.89,103.84,100.35,97.79,36.71,37.14,43.31,100.66,39.25,4.77,-0.46,-4.31,Diseased,Small,Moderate,Red,100.66
9bdce182-987e-4996-8cc8-34694b4e24e9___RS_LB 2837.JPG,PlantVillage\Potato___Late_blight\9bdce182-987e-4996-8cc8-34694b4e24e9___RS_LB 2837.JPG,Potato___Late_blight,Late Blight,256,256,1.0,65536,15.67,108.93,114.02,102.55,40.03,29.79,45.14,108.5,39.13,0.65,8.28,-8.93,Diseased,Small,Moderate,Green,108.5
9c0e8576-642f-47a6-a053-c52e9025b7f6___RS_LB 4134.JPG,PlantVillage\Potato___Late_blight\9c0e8576-642f-47a6-a053-c52e9025b7f6___RS_LB 4134.JPG,Potato___Late_blight,Late Blight,256,256,1.0,65536,11.25,101.17,106.22,99.91,35.94,23.87,37.79,102.43,33.22,-1.9,5.68,-3.79,Diseased,Small,Moderate,Green,102.43
9c230647-02da-4948-9c52-dfc87bb1d34a___RS_LB 4593.JPG,PlantVillage\Potato___Late_blight\9c230647-02da-4948-9c52-dfc87bb1d34a___RS_LB 4593.JPG,Potato___Late_blight,Late Blight,256,256,1.0,65536,13.22,108.57,109.0,100.94,43.64,38.3,45.53,106.17,42.76,3.6,4.24,-7.85,Diseased,Small,Moderate,Green,106.17
9c3ad8d7-58cb-4e7d-85c0-22f5cf105906___RS_LB 4680.JPG,PlantVillage\Potato___Late_blight\9c3ad8d7-58cb-4e7d-85c0-22f5cf105906___RS_LB 4680.JPG,Potato___Late_blight,Late Blight,256,256,1.0,65536,17.41,122.42,111.21,85.36,43.94,34.9,41.82,106.33,43.28,24.13,7.32,-31.46,Diseased,Small,Moderate,Red,106.33
9c6155e6-eb4b-4ef9-bcd5-812803cb16d9___RS_LB 3268.JPG,PlantVillage\Potato___Late_blight\9c6155e6-eb4b-4ef9-bcd5-812803cb16d9___RS_LB 3268.JPG,Potato___Late_blight,Late Blight,256,256,1.0,65536,17.67,137.38,136.23,115.21,53.49,44.86,59.31,129.61,53.86,11.67,9.93,-21.6,Diseased,Small,Moderate,Red,129.61
9caba61f-ea63-4ea5-9d85-1f22b6a1a006___RS_LB 4451.JPG,PlantVillage\Potato___Late_blight\9caba61f-ea63-4ea5-9d85-1f22b6a1a006___RS_LB 4451.JPG,Potato___Late_blight,Late Blight,256,256,1.0,65536,17.05,128.54,128.99,98.53,48.52,44.37,55.6,118.69,51.72,14.78,15.46,-30.23,Diseased,Small,Moderate,Green,118.69
9ccb00a6-1542-4b0e-bd90-e7f1ff10e7f7___RS_LB 3058.JPG,PlantVillage\Potato___Late_blight\9ccb00a6-1542-4b0e-bd90-e7f1ff10e7f7___RS_LB 3058.JPG,Potato___Late_blight,Late Blight,256,256,1.0,65536,15.78,115.22,118.0,108.9,45.77,39.68,49.7,114.04,45.4,1.77,5.94,-7.71,Diseased,Small,Moderate,Green,114.04
9cd7c33b-e29a-4300-ba19-183fb6c82aca___RS_LB 4124.JPG,PlantVillage\Potato___Late_blight\9cd7c33b-e29a-4300-ba19-183fb6c82aca___RS_LB 4124.JPG,Potato___Late_blight,Late Blight,256,256,1.0,65536,13.65,111.18,113.03,109.09,31.0,23.88,38.62,111.1,31.78,0.12,2.89,-3.01,Diseased,Small,Moderate,Green,111.1
9d0f96e2-93c7-4202-b1d1-6f878c066be7___RS_LB 3106.JPG,PlantVillage\Potato___Late_blight\9d0f96e2-93c7-4202-b1d1-6f878c066be7___RS_LB 3106.JPG,Potato___Late_blight,Late Blight,256,256,1.0,65536,17.66,123.43,123.11,106.26,49.19,43.78,52.98,117.6,49.45,8.74,8.27,-17.01,Diseased,Small,Moderate,Red,117.6
9dae6946-8d64-403b-bc51-b1b58cf8050b___RS_LB 4028.JPG,PlantVillage\Potato___Late_blight\9dae6946-8d64-403b-bc51-b1b58cf8050b___RS_LB 4028.JPG,Potato___Late_blight,Late Blight,256,256,1.0,65536,15.45,96.44,110.19,87.57,39.16,28.91,43.2,98.07,38.71,-2.44,18.18,-15.74,Diseased,Small,Dark,Green,98.07
9e1dc573-9cc5-4bc1-9c95-63c7bfba54f1___RS_LB 2976.JPG,PlantVillage\Potato___Late_blight\9e1dc573-9cc5-4bc1-9c95-63c7bfba54f1___RS_LB 2976.JPG,Potato___Late_blight,Late Blight,256,256,1.0,65536,20.28,120.69,122.67,101.8,58.57,50.81,64.77,115.05,59.08,8.46,11.42,-19.88,Diseased,Small,Moderate,Green,115.05
9e38f130-d8bb-4872-9e46-f43c7d0877c7___RS_LB 5096.JPG,PlantVillage\Potato___Late_blight\9e38f130-d8bb-4872-9e46-f43c7d0877c7___RS_LB 5096.JPG,Potato___Late_blight,Late Blight,256,256,1.0,65536,19.07,132.6,135.81,123.03,51.27,45.84,54.51,130.48,50.96,3.18,8.0,-11.18,Diseased,Small,Moderate,Green,130.48
9e5a95bd-b8d0-455f-bc85-b51a2086c88b___RS_LB 5326.JPG,PlantVillage\Potato___Late_blight\9e5a95bd-b8d0-455f-bc85-b51a2086c88b___RS_LB 5326.JPG,Potato___Late_blight,Late Blight,256,256,1.0,65536,14.76,116.81,123.91,111.8,41.88,38.56,52.14,117.51,44.84,-1.04,9.6,-8.56,Diseased,Small,Moderate,Green,117.51
9e979a65-61bf-4d07-a444-7c22ae1a58b1___RS_LB 4886.JPG,PlantVillage\Potato___Late_blight\9e979a65-61bf-4d07-a444-7c22ae1a58b1___RS_LB 4886.JPG,Potato___Late_blight,Late Blight,256,256,1.0,65536,16.8,140.26,141.63,123.39,32.58,27.85,40.48,135.09,35.03,7.75,9.8,-17.56,Diseased,Small,Moderate,Green,135.09
9f5acd9c-13b2-4246-a938-77774ba89318___RS_LB 3153.JPG,PlantVillage\Potato___Late_blight\9f5acd9c-13b2-4246-a938-77774ba89318___RS_LB 3153.JPG,Potato___Late_blight,Late Blight,256,256,1.0,65536,17.6,123.95,119.94,108.84,55.75,50.57,58.59,117.58,55.44,9.56,3.55,-13.1,Diseased,Small,Moderate,Red,117.58
9f9623f9-e632-4342-b698-95a0521953f9___RS_LB 3068.JPG,PlantVillage\Potato___Late_blight\9f9623f9-e632-4342-b698-95a0521953f9___RS_LB 3068.JPG,Potato___Late_blight,Late Blight,256,256,1.0,65536,16.39,136.25,138.9,118.35,49.75,41.67,56.12,131.17,50.37,7.62,11.6,-19.23,Diseased,Small,Moderate,Green,131.17
9fa413c2-d724-4bc6-8aed-954a472cf228___RS_LB 4754.JPG,PlantVillage\Potato___Late_blight\9fa413c2-d724-4bc6-8aed-954a472cf228___RS_LB 4754.JPG,Potato___Late_blight,Late Blight,256,256,1.0,65536,14.02,142.61,154.71,145.53,35.46,29.72,41.2,147.62,36.14,-7.5,10.64,-3.13,Diseased,Small,Moderate,Green,147.62
9fa8f0a5-50ba-41d9-8132-077a807fcf86___RS_LB 4045.JPG,PlantVillage\Potato___Late_blight\9fa8f0a5-50ba-41d9-8132-077a807fcf86___RS_LB 4045.JPG,Potato___Late_blight,Late Blight,256,256,1.0,65536,11.17,99.75,109.24,101.35,35.66,22.46,39.58,103.44,33.64,-5.54,8.69,-3.15,Diseased,Small,Moderate,Green,103.45
a0622f86-c94d-4b59-9483-68c57dee81fa___RS_LB 4794.JPG,PlantVillage\Potato___Late_blight\a0622f86-c94d-4b59-9483-68c57dee81fa___RS_LB 4794.JPG,Potato___Late_blight,Late Blight,256,256,1.0,65536,15.77,102.16,111.6,93.27,40.87,33.21,47.97,102.34,41.8,-0.27,13.88,-13.61,Diseased,Small,Moderate,Green,102.34
a0c129b8-4fb3-406d-b2f6-1309fec50c70___RS_LB 5139.JPG,PlantVillage\Potato___Late_blight\a0c129b8-4fb3-406d-b2f6-1309fec50c70___RS_LB 5139.JPG,Potato___Late_blight,Late Blight,256,256,1.0,65536,14.38,109.2,116.11,108.76,43.36,39.16,50.35,111.35,44.66,-3.24,7.14,-3.9,Diseased,Small,Moderate,Green,111.36
a10d340a-b35c-4310-be59-caa58bb0d500___RS_LB 5154.JPG,PlantVillage\Potato___Late_blight\a10d340a-b35c-4310-be59-caa58bb0d500___RS_LB 5154.JPG,Potato___Late_blight,Late Blight,256,256,1.0,65536,15.57,106.97,112.35,98.91,33.75,31.58,42.97,106.08,36.85,1.34,9.41,-10.75,Diseased,Small,Moderate,Green,106.08
a1523281-33d2-4cc4-910a-3d614a4cd085___RS_LB 2816.JPG,PlantVillage\Potato___Late_blight\a1523281-33d2-4cc4-910a-3d614a4cd085___RS_LB 2816.JPG,Potato___Late_blight,Late Blight,256,256,1.0,65536,18.97,132.9,132.87,114.0,50.64,43.02,55.61,126.59,50.81,9.47,9.41,-18.88,Diseased,Small,Moderate,Red,126.59
a1f3508d-496b-4dd5-a820-d30acafd7d9b___RS_LB 2970.JPG,PlantVillage\Potato___Late_blight\a1f3508d-496b-4dd5-a820-d30acafd7d9b___RS_LB 2970.JPG,Potato___Late_blight,Late Blight,256,256,1.0,65536,15.43,109.63,113.68,98.9,50.99,48.0,56.28,107.4,52.24,3.35,9.41,-12.76,Diseased,Small,Moderate,Green,107.4
a221647c-0dda-468b-93f9-81f50b14ff81___RS_LB 3942.JPG,PlantVillage\Potato___Late_blight\a221647c-0dda-468b-93f9-81f50b14ff81___RS_LB 3942.JPG,Potato___Late_blight,Late Blight,256,256,1.0,65536,14.63,124.67,130.04,97.1,38.13,28.0,45.75,117.27,40.65,11.1,19.15,-30.26,Diseased,Small,Moderate,Green,117.27
a24f3bec-3fbb-461a-81ef-ab791ceb66e2___RS_LB 4818.JPG,PlantVillage\Potato___Late_blight\a24f3bec-3fbb-461a-81ef-ab791ceb66e2___RS_LB 4818.JPG,Potato___Late_blight,Late Blight,256,256,1.0,65536,17.7,124.25,123.98,102.85,39.72,36.08,49.19,117.03,43.21,10.84,10.43,-21.26,Diseased,Small,Moderate,Red,117.03
a2b27b82-4459-4dcb-a065-92a75f3c9c4b___RS_LB 5018.JPG,PlantVillage\Potato___Late_blight\a2b27b82-4459-4dcb-a065-92a75f3c9c4b___RS_LB 5018.JPG,Potato___Late_blight,Late Blight,256,256,1.0,65536,14.12,108.85,121.28,114.66,39.45,29.04,44.31,114.93,38.47,-9.12,9.53,-0.41,Diseased,Small,Moderate,Green,114.93
a30baff1-96fb-4df5-9511-e131359b5fd8___RS_LB 4464.JPG,PlantVillage\Potato___Late_blight\a30baff1-96fb-4df5-9511-e131359b5fd8___RS_LB 4464.JPG,Potato___Late_blight,Late Blight,256,256,1.0,65536,20.66,118.15,113.39,89.28,44.54,40.09,47.36,106.94,45.87,16.81,9.67,-26.49,Diseased,Small,Moderate,Red,106.94
a3389c1f-d888-430d-bcf7-a546247ad6d2___RS_LB 3092.JPG,PlantVillage\Potato___Late_blight\a3389c1f-d888-430d-bcf7-a546247ad6d2___RS_LB 3092.JPG,Potato___Late_blight,Late Blight,256,256,1.0,65536,18.24,129.66,128.5,112.25,53.82,48.83,57.21,123.47,53.98,9.29,7.54,-16.83,Diseased,Small,Moderate,Red,123.47
a33c54fb-6b78-4235-b34e-42f85f6bc5b8___RS_LB 5060.JPG,PlantVillage\Potato___Late_blight\a33c54fb-6b78-4235-b34e-42f85f6bc5b8___RS_LB 5060.JPG,Potato___Late_blight,Late Blight,256,256,1.0,65536,16.01,126.33,120.7,108.72,38.69,33.05,44.7,118.58,39.79,11.61,3.17,-14.79,Diseased,Small,Moderate,Red,118.58
a343cad1-3b4d-4761-b222-d0bbc0f4bdc0___RS_LB 2569.JPG,PlantVillage\Potato___Late_blight\a343cad1-3b4d-4761-b222-d0bbc0f4bdc0___RS_LB 2569.JPG,Potato___Late_blight,Late Blight,256,256,1.0,65536,16.49,108.71,106.1,94.32,41.51,36.21,46.1,103.04,41.94,8.5,4.59,-13.09,Diseased,Small,Moderate,Red,103.04
a34d3777-22c7-4723-8b85-f766e042c121___RS_LB 4375.JPG,PlantVillage\Potato___Late_blight\a34d3777-22c7-4723-8b85-f766e042c121___RS_LB 4375.JPG,Potato___Late_blight,Late Blight,256,256,1.0,65536,13.64,129.64,123.63,110.22,57.41,50.07,58.35,121.16,55.99,12.72,3.7,-16.42,Diseased,Small,Moderate,Red,121.16
a3bf27ee-b4ec-4f72-a25b-9d47b4cd100d___RS_LB 2889.JPG,PlantVillage\Potato___Late_blight\a3bf27ee-b4ec-4f72-a25b-9d47b4cd100d___RS_LB 2889.JPG,Potato___Late_blight,Late Blight,256,256,1.0,65536,14.56,81.62,87.4,72.76,38.38,31.43,42.59,80.6,38.22,1.54,10.21,-11.75,Diseased,Small,Dark,Green,80.59
a3e80876-49cd-4856-9253-8df14fc36dcd___RS_LB 3851.JPG,PlantVillage\Potato___Late_blight\a3e80876-49cd-4856-9253-8df14fc36dcd___RS_LB 3851.JPG,Potato___Late_blight,Late Blight,256,256,1.0,65536,14.27,115.49,123.61,106.53,46.06,34.93,55.0,115.21,46.59,0.42,12.6,-13.02,Diseased,Small,Moderate,Green,115.21
a440233c-0ef8-408f-8ebb-1c12e8bc4464___RS_LB 4768.JPG,PlantVillage\Potato___Late_blight\a440233c-0ef8-408f-8ebb-1c12e8bc4464___RS_LB 4768.JPG,Potato___Late_blight,Late Blight,256,256,1.0,65536,13.53,140.91,151.86,136.61,31.59,29.51,40.83,143.13,34.93,-3.32,13.1,-9.78,Diseased,Small,Moderate,Green,143.13
a4534f9b-87ca-4ce0-a6f8-84f94544ef37___RS_LB 2775.JPG,PlantVillage\Potato___Late_blight\a4534f9b-87ca-4ce0-a6f8-84f94544ef37___RS_LB 2775.JPG,Potato___Late_blight,Late Blight,256,256,1.0,65536,14.56,102.1,101.61,84.05,39.73,37.24,47.49,95.92,42.55,9.26,8.54,-17.8,Diseased,Small,Dark,Red,95.92
a5028ead-ac95-4a90-89cb-aaac512d502a___RS_LB 3957.JPG,PlantVillage\Potato___Late_blight\a5028ead-ac95-4a90-89cb-aaac512d502a___RS_LB 3957.JPG,Potato___Late_blight,Late Blight,256,256,1.0,65536,15.17,111.74,119.31,96.28,36.09,29.7,41.14,109.11,37.21,3.94,15.3,-19.24,Diseased,Small,Moderate,Green,109.11
a5a6ebeb-2535-441d-acf5-33bce305fa14___RS_LB 3304.JPG,PlantVillage\Potato___Late_blight\a5a6ebeb-2535-441d-acf5-33bce305fa14___RS_LB 3304.JPG,Potato___Late_blight,Late Blight,256,256,1.0,65536,20.17,120.32,114.0,99.54,55.32,50.98,58.74,111.29,55.78,13.55,4.07,-17.61,Diseased,Small,Moderate,Red,111.29
a5aabda7-209a-4e1e-966c-de2a1ccc7869___RS_LB 5046.JPG,PlantVillage\Potato___Late_blight\a5aabda7-209a-4e1e-966c-de2a1ccc7869___RS_LB 5046.JPG,Potato___Late_blight,Late Blight,256,256,1.0,65536,17.62,140.5,140.75,119.76,38.59,31.14,45.75,133.67,40.17,10.25,10.62,-20.87,Diseased,Small,Moderate,Green,133.67
a6623827-bcdc-40ed-81e6-5cde1a1da997___RS_LB 3179.JPG,PlantVillage\Potato___Late_blight\a6623827-bcdc-40ed-81e6-5cde1a1da997___RS_LB 3179.JPG,Potato___Late_blight,Late Blight,256,256,1.0,65536,19.04,126.53,126.57,112.29,47.14,39.91,48.58,121.8,45.87,7.09,7.17,-14.26,Diseased,Small,Moderate,Green,121.8
a69b634c-1bb1-4098-9da0-8393f9b8d6e1___RS_LB 5120.JPG,PlantVillage\Potato___Late_blight\a69b634c-1bb1-4098-9da0-8393f9b8d6e1___RS_LB 5120.JPG,Potato___Late_blight,Late Blight,256,256,1.0,65536,15.26,106.76,113.3,108.04,45.53,39.6,47.06,109.37,44.27,-3.91,5.9,-1.99,Diseased,Small,Moderate,Green,109.37
a6b27bfe-0e60-4984-98ca-af4b2316dfff___RS_LB 3881.JPG,PlantVillage\Potato___Late_blight\a6b27bfe-0e60-4984-98ca-af4b2316dfff___RS_LB 3881.JPG,Potato___Late_blight,Late Blight,256,256,1.0,65536,13.74,122.64,123.09,115.67,32.67,21.79,36.71,120.47,31.22,3.26,3.93,-7.19,Diseased,Small,Moderate,Green,120.47
a6f75dd1-c290-4116-be6a-e3c94e40aa2a___RS_LB 3265.JPG,PlantVillage\Potato___Late_blight\a6f75dd1-c290-4116-be6a-e3c94e40aa2a___RS_LB 3265.JPG,Potato___Late_blight,Late Blight,256,256,1.0,65536,16.84,91.09,97.7,88.44,46.62,42.83,51.89,92.41,47.42,-1.98,7.93,-5.95,Diseased,Small,Dark,Green,92.41
a7097c51-bb53-4149-8140-4b9c3d94dbd4___RS_LB 4108.JPG,PlantVillage\Potato___Late_blight\a7097c51-bb53-4149-8140-4b9c3d94dbd4___RS_LB 4108.JPG,Potato___Late_blight,Late Blight,256,256,1.0,65536,13.53,110.87,112.77,97.54,32.0,25.47,40.45,107.06,33.9,5.71,8.57,-14.28,Diseased,Small,Moderate,Green,107.06
a74a91d8-1a9d-4fa8-bc4b-26a32635a84d___RS_LB 3840.JPG,PlantVillage\Potato___Late_blight\a74a91d8-1a9d-4fa8-bc4b-26a32635a84d___RS_LB 3840.JPG,Potato___Late_blight,Late Blight,256,256,1.0,65536,10.21,101.2,115.45,103.91,35.84,21.8,39.99,106.85,34.02,-8.48,12.89,-4.42,Diseased,Small,Moderate,Green,106.85
a7dad20a-b0c0-408b-a961-17928319e17f___RS_LB 4645.JPG,PlantVillage\Potato___Late_blight\a7dad20a-b0c0-408b-a961-17928319e17f___RS_LB 4645.JPG,Potato___Late_blight,Late Blight,256,256,1.0,65536,15.98,126.19,105.83,86.16,58.38,50.25,51.45,106.06,55.92,30.2,-0.35,-29.86,Diseased,Small,Moderate,Red,106.06
a7dc8b54-5e4a-4055-ae98-eba4268cf966___RS_LB 5243.JPG,PlantVillage\Potato___Late_blight\a7dc8b54-5e4a-4055-ae98-eba4268cf966___RS_LB 5243.JPG,Potato___Late_blight,Late Blight,256,256,1.0,65536,14.78,113.35,125.2,101.97,37.58,31.64,44.71,113.51,39.51,-0.24,17.55,-17.31,Diseased,Small,Moderate,Green,113.51
a838f0ba-745a-4c0b-9895-f3349a6cee4a___RS_LB 4959.JPG,PlantVillage\Potato___Late_blight\a838f0ba-745a-4c0b-9895-f3349a6cee4a___RS_LB 4959.JPG,Potato___Late_blight,Late Blight,256,256,1.0,65536,16.04,128.61,132.2,117.16,42.27,35.41,48.66,125.99,42.94,3.93,9.32,-13.25,Diseased,Small,Moderate,Green,125.99
a84f32fc-ec8a-42e9-9f43-9efcf6493199___RS_LB 4884.JPG,PlantVillage\Potato___Late_blight\a84f32fc-ec8a-42e9-9f43-9efcf6493199___RS_LB 4884.JPG,Potato___Late_blight,Late Blight,256,256,1.0,65536,16.88,134.79,138.47,118.53,35.96,30.96,42.92,130.6,37.94,6.29,11.81,-18.1,Diseased,Small,Moderate,Green,130.6
a88a6388-09fa-4cfc-a82e-94d5fd3b4972___RS_LB 2748.JPG,PlantVillage\Potato___Late_blight\a88a6388-09fa-4cfc-a82e-94d5fd3b4972___RS_LB 2748.JPG,Potato___Late_blight,Late Blight,256,256,1.0,65536,16.84,125.96,124.93,102.23,48.04,41.21,53.52,117.71,49.09,12.38,10.83,-23.21,Diseased,Small,Moderate,Red,117.71
a896e0bb-67a4-4762-b74a-1c58b14622b0___RS_LB 5013.JPG,PlantVillage\Potato___Late_blight\a896e0bb-67a4-4762-b74a-1c58b14622b0___RS_LB 5013.JPG,Potato___Late_blight,Late Blight,256,256,1.0,65536,15.14,110.2,118.83,114.81,41.42,37.65,48.7,114.62,42.98,-6.62,6.32,0.29,Diseased,Small,Moderate,Green,114.61
a8db407c-12cb-460c-991a-8f60d20c06bc___RS_LB 5117.JPG,PlantVillage\Potato___Late_blight\a8db407c-12cb-460c-991a-8f60d20c06bc___RS_LB 5117.JPG,Potato___Late_blight,Late Blight,256,256,1.0,65536,16.82,120.04,126.74,118.82,45.41,38.57,46.93,121.87,43.93,-2.74,7.32,-4.58,Diseased,Small,Moderate,Green,121.87
a8f16f61-a090-4b29-9569-5e7d0e17fda5___RS_LB 4460.JPG,PlantVillage\Potato___Late_blight\a8f16f61-a090-4b29-9569-5e7d0e17fda5___RS_LB 4460.JPG,Potato___Late_blight,Late Blight,256,256,1.0,65536,14.93,129.47,119.22,96.37,47.24,43.44,50.94,115.02,49.29,21.68,6.3,-27.98,Diseased,Small,Moderate,Red,115.02
a904edc1-4c4d-4171-a46e-ae914010884b___RS_LB 4373.JPG,PlantVillage\Potato___Late_blight\a904edc1-4c4d-4171-a46e-ae914010884b___RS_LB 4373.JPG,Potato___Late_blight,Late Blight,256,256,1.0,65536,14.77,132.89,124.04,108.12,55.9,54.63,56.66,121.69,56.67,16.81,3.53,-20.34,Diseased,Small,Moderate,Red,121.68
a9c8a264-33be-48f1-bd1d-2cc6c9c8e247___RS_LB 4888.JPG,PlantVillage\Potato___Late_blight\a9c8a264-33be-48f1-bd1d-2cc6c9c8e247___RS_LB 4888.JPG,Potato___Late_blight,Late Blight,256,256,1.0,65536,17.14,127.94,132.35,113.11,39.66,35.34,48.43,124.47,42.31,5.21,11.83,-17.04,Diseased,Small,Moderate,Green,124.47
a9d4290d-55a1-4a8d-83a8-5277a00e5fbc___RS_LB 4076.JPG,PlantVillage\Potato___Late_blight\a9d4290d-55a1-4a8d-83a8-5277a00e5fbc___RS_LB 4076.JPG,Potato___Late_blight,Late Blight,256,256,1.0,65536,11.18,103.37,115.7,103.29,41.06,26.91,43.94,107.45,38.48,-6.12,12.37,-6.25,Diseased,Small,Moderate,Green,107.45
aa246de3-c183-4133-b4a9-2eba3fe3ae56___RS_LB 2951.JPG,PlantVillage\Potato___Late_blight\aa246de3-c183-4133-b4a9-2eba3fe3ae56___RS_LB 2951.JPG,Potato___Late_blight,Late Blight,256,256,1.0,65536,14.19,101.65,104.5,98.64,38.28,32.57,43.73,101.6,38.54,0.07,4.36,-4.43,Diseased,Small,Moderate,Green,101.6
aa58c1c8-82a1-4e68-9ecb-3cd47341d09b___RS_LB 4331.JPG,PlantVillage\Potato___Late_blight\aa58c1c8-82a1-4e68-9ecb-3cd47341d09b___RS_LB 4331.JPG,Potato___Late_blight,Late Blight,256,256,1.0,65536,10.68,115.88,105.66,100.18,36.57,31.57,43.54,107.24,38.11,12.96,-2.37,-10.59,Diseased,Small,Moderate,Red,107.24
aaf6fed2-0c7d-47b5-99df-bb6950092fe5___RS_LB 2723.JPG,PlantVillage\Potato___Late_blight\aaf6fed2-0c7d-47b5-99df-bb6950092fe5___RS_LB 2723.JPG,Potato___Late_blight,Late Blight,256,256,1.0,65536,18.35,122.29,120.15,97.56,50.05,46.09,56.73,113.33,52.35,13.43,10.22,-23.65,Diseased,Small,Moderate,Red,113.33
ab72ec63-290e-4e95-ab0a-b551ed44ab3b___RS_LB 3286.JPG,PlantVillage\Potato___Late_blight\ab72ec63-290e-4e95-ab0a-b551ed44ab3b___RS_LB 3286.JPG,Potato___Late_blight,Late Blight,256,256,1.0,65536,17.94,120.05,112.65,98.82,55.24,51.38,57.29,110.51,55.4,14.31,3.21,-17.52,Diseased,Small,Moderate,Red,110.51
ab9b15fb-d4cc-4d67-a5bb-8b88f066c1db___RS_LB 4825.JPG,PlantVillage\Potato___Late_blight\ab9b15fb-d4cc-4d67-a5bb-8b88f066c1db___RS_LB 4825.JPG,Potato___Late_blight,Late Blight,256,256,1.0,65536,17.55,130.65,134.8,109.37,37.06,30.58,48.75,124.94,41.06,8.57,14.78,-23.35,Diseased,Small,Moderate,Green,124.94
ac35ccac-2c52-4af5-b0e3-3325f45e2c97___RS_LB 2749.JPG,PlantVillage\Potato___Late_blight\ac35ccac-2c52-4af5-b0e3-3325f45e2c97___RS_LB 2749.JPG,Potato___Late_blight,Late Blight,256,256,1.0,65536,19.15,122.94,120.92,98.99,42.78,38.8,47.6,114.28,44.55,12.98,9.95,-22.94,Diseased,Small,Moderate,Red,114.28
ac42817b-71f9-4336-ad8b-bdfb4b27a64a___RS_LB 4782.JPG,PlantVillage\Potato___Late_blight\ac42817b-71f9-4336-ad8b-bdfb4b27a64a___RS_LB 4782.JPG,Potato___Late_blight,Late Blight,256,256,1.0,65536,18.57,130.49,136.44,112.73,40.84,37.37,48.54,126.55,43.68,5.91,14.83,-20.74,Diseased,Small,Moderate,Green,126.55
acd7a42b-15eb-40e4-823c-49eff6b4e95e___RS_LB 4636.JPG,PlantVillage\Potato___Late_blight\acd7a42b-15eb-40e4-823c-49eff6b4e95e___RS_LB 4636.JPG,Potato___Late_blight,Late Blight,256,256,1.0,65536,13.77,121.37,119.37,110.07,38.12,28.14,42.61,116.94,37.12,6.65,3.65,-10.3,Diseased,Small,Moderate,Red,116.94
aceeb511-1332-4d25-b9fe-64d53445396a___RS_LB 4837.JPG,PlantVillage\Potato___Late_blight\aceeb511-1332-4d25-b9fe-64d53445396a___RS_LB 4837.JPG,Potato___Late_blight,Late Blight,256,256,1.0,65536,18.11,126.83,128.02,111.6,40.97,35.88,48.46,122.15,42.75,7.02,8.8,-15.82,Diseased,Small,Moderate,Green,122.15
acf05b32-0d7e-423c-96b2-f78b6fdf975d___RS_LB 5309.JPG,PlantVillage\Potato___Late_blight\acf05b32-0d7e-423c-96b2-f78b6fdf975d___RS_LB 5309.JPG,Potato___Late_blight,Late Blight,256,256,1.0,65536,17.05,124.46,125.89,111.29,38.89,34.75,44.9,120.55,40.27,5.87,8.02,-13.89,Diseased,Small,Moderate,Green,120.55
ad2396a9-306e-4ca9-88dc-56b2bde77c6b___RS_LB 2755.JPG,PlantVillage\Potato___Late_blight\ad2396a9-306e-4ca9-88dc-56b2bde77c6b___RS_LB 2755.JPG,Potato___Late_blight,Late Blight,256,256,1.0,65536,16.33,119.81,119.46,104.46,38.92,36.57,46.09,114.58,41.35,7.85,7.32,-15.17,Diseased,Small,Moderate,Red,114.58
ad628434-32ce-4365-90b0-f394d98fbe00___RS_LB 4905.JPG,PlantVillage\Potato___Late_blight\ad628434-32ce-4365-90b0-f394d98fbe00___RS_LB 4905.JPG,Potato___Late_blight,Late Blight,256,256,1.0,65536,18.95,130.64,130.39,115.78,45.44,39.98,52.09,125.6,46.62,7.55,7.18,-14.73,Diseased,Small,Moderate,Red,125.6
ae20cc4e-fe37-48f0-9566-2d2efc5afd38___RS_LB 4290.JPG,PlantVillage\Potato___Late_blight\ae20cc4e-fe37-48f0-9566-2d2efc5afd38___RS_LB 4290.JPG,Potato___Late_blight,Late Blight,256,256,1.0,65536,12.83,112.49,107.85,89.12,26.46,29.1,35.33,103.15,32.15,14.0,7.05,-21.05,Diseased,Small,Moderate,Red,103.15
ae52f85f-bce0-4fb9-a109-009e099a72e6___RS_LB 4972.JPG,PlantVillage\Potato___Late_blight\ae52f85f-bce0-4fb9-a109-009e099a72e6___RS_LB 4972.JPG,Potato___Late_blight,Late Blight,256,256,1.0,65536,18.3,122.71,127.52,109.84,44.87,37.46,49.1,120.02,44.7,4.03,11.24,-15.27,Diseased,Small,Moderate,Green,120.02
ae5b08fa-25b7-4006-8b1b-2415356b3847___RS_LB 5453.JPG,PlantVillage\Potato___Late_blight\ae5b08fa-25b7-4006-8b1b-2415356b3847___RS_LB 5453.JPG,Potato___Late_blight,Late Blight,256,256,1.0,65536,14.2,111.01,121.01,101.84,36.39,33.21,39.78,111.29,37.39,-0.42,14.58,-14.16,Diseased,Small,Moderate,Green,111.29
ae805316-66e9-4aaf-b938-8460734b90ec___RS_LB 3004.JPG,PlantVillage\Potato___Late_blight\ae805316-66e9-4aaf-b938-8460734b90ec___RS_LB 3004.JPG,Potato___Late_blight,Late Blight,256,256,1.0,65536,14.72,113.36,113.28,88.73,33.07,35.43,43.22,105.12,39.24,12.36,12.23,-24.59,Diseased,Small,Moderate,Red,105.12
ae80781d-725e-486e-9677-4149b0d751ef___RS_LB 5442.JPG,PlantVillage\Potato___Late_blight\ae80781d-725e-486e-9677-4149b0d751ef___RS_LB 5442.JPG,Potato___Late_blight,Late Blight,256,256,1.0,65536,13.75,104.5,119.11,110.38,39.05,32.41,41.02,111.33,38.15,-10.25,11.67,-1.42,Diseased,Small,Moderate,Green,111.33
ae966e38-73b3-47c1-9421-20ac2f570f46___RS_LB 3240.JPG,PlantVillage\Potato___Late_blight\ae966e38-73b3-47c1-9421-20ac2f570f46___RS_LB 3240.JPG,Potato___Late_blight,Late Blight,256,256,1.0,65536,17.97,137.27,135.57,123.55,52.24,45.56,54.01,132.13,51.1,7.71,5.17,-12.87,Diseased,Small,Moderate,Red,132.13
ae9e4c46-171c-460c-a37f-ddf13c260411___RS_LB 4961.JPG,PlantVillage\Potato___Late_blight\ae9e4c46-171c-460c-a37f-ddf13c260411___RS_LB 4961.JPG,Potato___Late_blight,Late Blight,256,256,1.0,65536,18.77,126.02,131.93,111.9,41.88,34.66,48.44,123.28,42.87,4.11,12.97,-17.08,Diseased,Small,Moderate,Green,123.28
aec94baf-a0e8-43af-80af-4bab46d84ad8___RS_LB 5100.JPG,PlantVillage\Potato___Late_blight\aec94baf-a0e8-43af-80af-4bab46d84ad8___RS_LB 5100.JPG,Potato___Late_blight,Late Blight,256,256,1.0,65536,18.45,124.99,131.57,120.31,53.09,48.2,56.63,125.62,52.95,-0.95,8.92,-7.97,Diseased,Small,Moderate,Green,125.62
af13137c-1561-4c1c-b85b-5ec8930f2b38___RS_LB 5425.JPG,PlantVillage\Potato___Late_blight\af13137c-1561-4c1c-b85b-5ec8930f2b38___RS_LB 5425.JPG,Potato___Late_blight,Late Blight,256,256,1.0,65536,14.67,110.09,123.86,116.89,43.4,33.96,45.3,116.95,41.57,-10.29,10.37,-0.08,Diseased,Small,Moderate,Green,116.95
af17b876-b0e7-43ce-95e8-8591066dfdc9___RS_LB 3976.JPG,PlantVillage\Potato___Late_blight\af17b876-b0e7-43ce-95e8-8591066dfdc9___RS_LB 3976.JPG,Potato___Late_blight,Late Blight,256,256,1.0,65536,15.42,126.2,131.86,117.46,41.82,27.04,46.36,125.17,39.73,1.55,10.03,-11.57,Diseased,Small,Moderate,Green,125.17
afc0f88e-8a22-44d1-8575-8945058360c7___RS_LB 4895.JPG,PlantVillage\Potato___Late_blight\afc0f88e-8a22-44d1-8575-8945058360c7___RS_LB 4895.JPG,Potato___Late_blight,Late Blight,256,256,1.0,65536,18.45,127.9,133.47,114.26,45.16,39.4,51.86,125.21,46.46,4.03,12.39,-16.42,Diseased,Small,Moderate,Green,125.21
afcad9ca-9bd2-4c7b-b034-2b3d0360ac30___RS_LB 2741.JPG,PlantVillage\Potato___Late_blight\afcad9ca-9bd2-4c7b-b034-2b3d0360ac30___RS_LB 2741.JPG,Potato___Late_blight,Late Blight,256,256,1.0,65536,19.5,117.79,119.24,99.27,45.86,40.15,51.42,112.1,46.93,8.54,10.71,-19.24,Diseased,Small,Moderate,Green,112.1
b0137e92-ce1b-4523-95f0-7a827c206ee0___RS_LB 2913.JPG,PlantVillage\Potato___Late_blight\b0137e92-ce1b-4523-95f0-7a827c206ee0___RS_LB 2913.JPG,Potato___Late_blight,Late Blight,256,256,1.0,65536,14.98,96.39,100.29,89.9,40.75,35.8,46.07,95.53,41.31,1.29,7.15,-8.44,Diseased,Small,Dark,Green,95.53
b03529cf-21fd-4c94-a948-461a8d17e01c___RS_LB 4828.JPG,PlantVillage\Potato___Late_blight\b03529cf-21fd-4c94-a948-461a8d17e01c___RS_LB 4828.JPG,Potato___Late_blight,Late Blight,256,256,1.0,65536,18.12,134.57,140.03,113.02,39.4,31.47,51.57,129.21,43.24,8.04,16.23,-24.28,Diseased,Small,Moderate,Green,129.21
b0945b27-3331-4f03-b1c9-1465e12577aa___RS_LB 4355.JPG,PlantVillage\Potato___Late_blight\b0945b27-3331-4f03-b1c9-1465e12577aa___RS_LB 4355.JPG,Potato___Late_blight,Late Blight,256,256,1.0,65536,14.82,140.6,130.7,111.08,48.14,41.5,52.22,127.46,49.05,19.72,4.85,-24.57,Diseased,Small,Moderate,Red,127.46
b0db9fbb-ff7f-4b5c-901c-19c7797c1d4a___RS_LB 2969.JPG,PlantVillage\Potato___Late_blight\b0db9fbb-ff7f-4b5c-901c-19c7797c1d4a___RS_LB 2969.JPG,Potato___Late_blight,Late Blight,256,256,1.0,65536,16.88,106.81,111.45,94.79,47.39,45.69,53.31,104.35,49.41,3.69,10.65,-14.33,Diseased,Small,Moderate,Green,104.35
b0e6c386-35dc-4982-acc6-f393c7f58c67___RS_LB 5036.JPG,PlantVillage\Potato___Late_blight\b0e6c386-35dc-4982-acc6-f393c7f58c67___RS_LB 5036.JPG,Potato___Late_blight,Late Blight,256,256,1.0,65536,17.14,117.32,122.76,96.88,40.32,33.46,47.04,112.32,42.15,7.5,15.66,-23.16,Diseased,Small,Moderate,Green,112.32
b0eebb8f-c322-4b56-8897-2cc98d474440___RS_LB 5286.JPG,PlantVillage\Potato___Late_blight\b0eebb8f-c322-4b56-8897-2cc98d474440___RS_LB 5286.JPG,Potato___Late_blight,Late Blight,256,256,1.0,65536,14.25,110.78,118.13,103.16,39.68,29.31,44.46,110.69,38.83,0.13,11.16,-11.29,Diseased,Small,Moderate,Green,110.69
b101bc59-5734-4c39-896f-de29d98b1dce___RS_LB 4702.JPG,PlantVillage\Potato___Late_blight\b101bc59-5734-4c39-896f-de29d98b1dce___RS_LB 4702.JPG,Potato___Late_blight,Late Blight,256,256,1.0,65536,13.89,111.12,123.16,109.05,35.84,30.55,46.47,114.44,38.7,-4.99,13.08,-8.09,Diseased,Small,Moderate,Green,114.44
b11189c8-ab6f-4d69-9ffa-e52749d2a3a5___RS_LB 4537.JPG,PlantVillage\Potato___Late_blight\b11189c8-ab6f-4d69-9ffa-e52749d2a3a5___RS_LB 4537.JPG,Potato___Late_blight,Late Blight,256,256,1.0,65536,14.82,133.61,127.27,107.58,47.46,40.91,48.77,122.82,47.16,16.19,6.67,-22.86,Diseased,Small,Moderate,Red,122.82
b14b93eb-5c1b-4df8-a30f-17afd953e7fc___RS_LB 4101.JPG,PlantVillage\Potato___Late_blight\b14b93eb-5c1b-4df8-a30f-17afd953e7fc___RS_LB 4101.JPG,Potato___Late_blight,Late Blight,256,256,1.0,65536,15.58,129.5,128.1,114.93,35.42,29.99,44.88,124.18,37.85,7.99,5.88,-13.87,Diseased,Small,Moderate,Red,124.18
b167bd40-798f-4e70-a735-f191350dd057___RS_LB 4017.JPG,PlantVillage\Potato___Late_blight\b167bd40-798f-4e70-a735-f191350dd057___RS_LB 4017.JPG,Potato___Late_blight,Late Blight,256,256,1.0,65536,13.67,109.19,108.95,102.42,28.77,23.21,38.02,106.85,30.77,3.51,3.14,-6.64,Diseased,Small,Moderate,Red,106.85
b22a71a5-31a9-40c5-a3df-313e52748a61___RS_LB 4610.JPG,PlantVillage\Potato___Late_blight\b22a71a5-31a9-40c5-a3df-313e52748a61___RS_LB 4610.JPG,Potato___Late_blight,Late Blight,256,256,1.0,65536,14.4,106.69,112.35,95.33,38.39,35.36,44.6,104.79,40.27,2.85,11.34,-14.19,Diseased,Small,Moderate,Green,104.79
b2492a9e-c038-48a7-8524-8f0aca7dc870___RS_LB 4291.JPG,PlantVillage\Potato___Late_blight\b2492a9e-c038-48a7-8524-8f0aca7dc870___RS_LB 4291.JPG,Potato___Late_blight,Late Blight,256,256,1.0,65536,19.13,116.73,109.27,87.14,32.23,30.9,42.04,104.38,37.57,18.52,7.34,-25.86,Diseased,Small,Moderate,Red,104.38
b294595b-8950-4e5b-8dfc-2ad9ca2c5e0a___RS_LB 4475.JPG,PlantVillage\Potato___Late_blight\b294595b-8950-4e5b-8dfc-2ad9ca2c5e0a___RS_LB 4475.JPG,Potato___Late_blight,Late Blight,256,256,1.0,65536,13.94,121.83,104.08,92.62,49.56,49.0,47.98,106.17,50.3,23.48,-3.14,-20.34,Diseased,Small,Moderate,Red,106.18
b3123a68-bf01-4d71-a561-e1e7363a6419___RS_LB 2586.JPG,PlantVillage\Potato___Late_blight\b3123a68-bf01-4d71-a561-e1e7363a6419___RS_LB 2586.JPG,Potato___Late_blight,Late Blight,256,256,1.0,65536,16.02,121.6,121.81,107.31,50.45,42.93,52.21,116.91,49.17,7.05,7.35,-14.4,Diseased,Small,Moderate,Green,116.91
b334273e-833f-48fc-b6fb-7d7a31e1a541___RS_LB 4112.JPG,PlantVillage\Potato___Late_blight\b334273e-833f-48fc-b6fb-7d7a31e1a541___RS_LB 4112.JPG,Potato___Late_blight,Late Blight,256,256,1.0,65536,11.85,110.52,113.6,110.38,33.88,22.81,36.29,111.5,31.58,-1.47,3.15,-1.68,Diseased,Small,Moderate,Green,111.5
b340ff00-3d44-4394-90c5-797dc39f8389___RS_LB 4953.JPG,PlantVillage\Potato___Late_blight\b340ff00-3d44-4394-90c5-797dc39f8389___RS_LB 4953.JPG,Potato___Late_blight,Late Blight,256,256,1.0,65536,18.57,154.03,157.26,141.13,42.08,35.03,51.15,150.81,43.82,4.84,9.68,-14.52,Diseased,Small,Bright,Green,150.81
b367b969-aec9-4555-9ea2-0a982b38be62___RS_LB 4682.JPG,PlantVillage\Potato___Late_blight\b367b969-aec9-4555-9ea2-0a982b38be62___RS_LB 4682.JPG,Potato___Late_blight,Late Blight,256,256,1.0,65536,16.69,129.26,116.8,94.97,46.4,38.27,45.15,113.68,45.68,23.38,4.68,-28.06,Diseased,Small,Moderate,Red,113.68
b3e1ec14-6de4-4afc-9ceb-254469c8ce15___RS_LB 3910.JPG,PlantVillage\Potato___Late_blight\b3e1ec14-6de4-4afc-9ceb-254469c8ce15___RS_LB 3910.JPG,Potato___Late_blight,Late Blight,256,256,1.0,65536,16.55,121.38,118.79,105.75,45.73,37.64,47.4,115.31,44.33,9.11,5.23,-14.34,Diseased,Small,Moderate,Red,115.31
b402845e-5414-423e-9f6d-29e3bdbb505b___RS_LB 2825.JPG,PlantVillage\Potato___Late_blight\b402845e-5414-423e-9f6d-29e3bdbb505b___RS_LB 2825.JPG,Potato___Late_blight,Late Blight,256,256,1.0,65536,13.45,108.04,114.69,90.62,42.16,42.08,47.35,104.45,45.09,5.39,15.36,-20.75,Diseased,Small,Moderate,Green,104.45
b41284a3-27e9-4f0c-8946-4deb0b8fc238___RS_LB 2839.JPG,PlantVillage\Potato___Late_blight\b41284a3-27e9-4f0c-8946-4deb0b8fc238___RS_LB 2839.JPG,Potato___Late_blight,Late Blight,256,256,1.0,65536,15.43,111.79,117.39,108.18,37.56,30.68,42.58,112.45,37.45,-0.99,7.41,-6.41,Diseased,Small,Moderate,Green,112.45
b469e38c-ef99-4ed1-b294-1e65727138fb___RS_LB 4056.JPG,PlantVillage\Potato___Late_blight\b469e38c-ef99-4ed1-b294-1e65727138fb___RS_LB 4056.JPG,Potato___Late_blight,Late Blight,256,256,1.0,65536,10.86,104.32,111.97,110.19,36.44,23.1,41.14,108.83,34.57,-6.76,4.72,2.04,Diseased,Small,Moderate,Green,108.83
b4adb8c4-2cea-4027-b0fd-528406b14c86___RS_LB 4066.JPG,PlantVillage\Potato___Late_blight\b4adb8c4-2cea-4027-b0fd-528406b14c86___RS_LB 4066.JPG,Potato___Late_blight,Late Blight,256,256,1.0,65536,12.12,100.35,112.02,97.74,32.78,19.38,36.61,103.37,31.12,-4.52,12.97,-8.45,Diseased,Small,Moderate,Green,103.37
b4e52186-de58-4c06-bbd2-2fb3dbeda13e___RS_LB 2655.JPG,PlantVillage\Potato___Late_blight\b4e52186-de58-4c06-bbd2-2fb3dbeda13e___RS_LB 2655.JPG,Potato___Late_blight,Late Blight,256,256,1.0,65536,18.17,120.41,122.81,101.36,51.81,47.87,55.98,114.86,52.87,8.32,11.93,-20.25,Diseased,Small,Moderate,Green,114.86
b5190917-8638-44bf-b16a-8004d2b6a58f___RS_LB 5241.JPG,PlantVillage\Potato___Late_blight\b5190917-8638-44bf-b16a-8004d2b6a58f___RS_LB 5241.JPG,Potato___Late_blight,Late Blight,256,256,1.0,65536,15.6,109.21,121.68,96.92,35.56,27.86,43.51,109.27,37.59,-0.08,18.61,-18.52,Diseased,Small,Moderate,Green,109.27
b5442887-db0b-4b94-a6f1-18505731a599___RS_LB 4969.JPG,PlantVillage\Potato___Late_blight\b5442887-db0b-4b94-a6f1-18505731a599___RS_LB 4969.JPG,Potato___Late_blight,Late Blight,256,256,1.0,65536,17.09,139.57,133.68,124.59,47.02,46.32,55.67,132.61,50.23,10.43,1.6,-12.03,Diseased,Small,Moderate,Red,132.61
b574ad16-1c07-4f70-bf1d-e2314d2dd81f___RS_LB 2849.JPG,PlantVillage\Potato___Late_blight\b574ad16-1c07-4f70-bf1d-e2314d2dd81f___RS_LB 2849.JPG,Potato___Late_blight,Late Blight,256,256,1.0,65536,16.45,104.56,103.61,98.08,39.57,37.45,44.3,102.08,40.64,3.71,2.29,-6.0,Diseased,Small,Moderate,Red,102.08
b57c6336-3be6-4021-b240-8547da86d218___RS_LB 5007.JPG,PlantVillage\Potato___Late_blight\b57c6336-3be6-4021-b240-8547da86d218___RS_LB 5007.JPG,Potato___Late_blight,Late Blight,256,256,1.0,65536,18.77,121.64,124.24,105.9,41.52,34.01,48.2,117.26,42.43,6.58,10.46,-17.04,Diseased,Small,Moderate,Green,117.26
b598f9a7-b582-4fef-9c3d-cc985f2f9c03___RS_LB 3294.JPG,PlantVillage\Potato___Late_blight\b598f9a7-b582-4fef-9c3d-cc985f2f9c03___RS_LB 3294.JPG,Potato___Late_blight,Late Blight,256,256,1.0,65536,19.27,122.94,118.76,102.48,51.52,46.54,54.78,114.73,51.81,12.32,6.06,-18.37,Diseased,Small,Moderate,Red,114.73
b59e4b5d-4ef0-4b8f-a111-ee745e3d0334___RS_LB 4891.JPG,PlantVillage\Potato___Late_blight\b59e4b5d-4ef0-4b8f-a111-ee745e3d0334___RS_LB 4891.JPG,Potato___Late_blight,Late Blight,256,256,1.0,65536,16.81,134.37,138.79,119.98,45.89,40.5,52.15,131.05,47.11,4.98,11.62,-16.6,Diseased,Small,Moderate,Green,131.05
b5f127d1-1b1a-4baa-9158-58cf4b679990___RS_LB 4488.JPG,PlantVillage\Potato___Late_blight\b5f127d1-1b1a-4baa-9158-58cf4b679990___RS_LB 4488.JPG,Potato___Late_blight,Late Blight,256,256,1.0,65536,16.64,133.36,117.68,101.77,47.74,47.16,48.12,117.6,49.39,23.64,0.12,-23.75,Diseased,Small,Moderate,Red,117.6
b64e4518-147a-4a75-9f9b-33db8902aa12___RS_LB 3202.JPG,PlantVillage\Potato___Late_blight\b64e4518-147a-4a75-9f9b-33db8902aa12___RS_LB 3202.JPG,Potato___Late_blight,Late Blight,256,256,1.0,65536,17.55,134.21,128.67,118.73,54.39,46.92,56.83,127.2,53.27,10.51,2.2,-12.71,Diseased,Small,Moderate,Red,127.2
b65fddcf-cc40-4632-a0c4-70fff2f68009___RS_LB 4481.JPG,PlantVillage\Potato___Late_blight\b65fddcf-cc40-4632-a0c4-70fff2f68009___RS_LB 4481.JPG,Potato___Late_blight,Late Blight,256,256,1.0,65536,21.33,127.45,114.9,97.98,46.89,43.17,50.28,113.44,48.4,21.01,2.18,-23.2,Diseased,Small,Moderate,Red,113.44
b69f17e7-b4e1-4911-91e4-01976bacba2d___RS_LB 5053.JPG,PlantVillage\Potato___Late_blight\b69f17e7-b4e1-4911-91e4-01976bacba2d___RS_LB 5053.JPG,Potato___Late_blight,Late Blight,256,256,1.0,65536,17.81,135.37,131.26,116.42,41.16,35.86,48.28,127.68,42.85,11.53,5.37,-16.9,Diseased,Small,Moderate,Red,127.68
b6ad95ed-8f05-42a1-ac35-581696454497___RS_LB 3855.JPG,PlantVillage\Potato___Late_blight\b6ad95ed-8f05-42a1-ac35-581696454497___RS_LB 3855.JPG,Potato___Late_blight,Late Blight,256,256,1.0,65536,14.84,116.1,129.62,99.72,42.73,34.5,49.45,115.15,44.38,1.43,21.71,-23.14,Diseased,Small,Moderate,Green,115.15
b6b937ed-f629-4136-8d5a-38b734f7f662___RS_LB 4595.JPG,PlantVillage\Potato___Late_blight\b6b937ed-f629-4136-8d5a-38b734f7f662___RS_LB 4595.JPG,Potato___Late_blight,Late Blight,256,256,1.0,65536,14.28,88.95,90.89,82.85,46.12,41.42,48.36,87.56,45.52,2.07,4.99,-7.07,Diseased,Small,Dark,Green,87.56
b74d0fd1-9af7-4053-8538-ee937236a64d___RS_LB 4918.JPG,PlantVillage\Potato___Late_blight\b74d0fd1-9af7-4053-8538-ee937236a64d___RS_LB 4918.JPG,Potato___Late_blight,Late Blight,256,256,1.0,65536,20.25,121.32,121.48,107.64,45.22,40.06,49.94,116.81,45.72,6.76,6.99,-13.76,Diseased,Small,Moderate,Green,116.81
b811c2af-734e-4689-aa43-4ab1d4faec32___RS_LB 4719.JPG,PlantVillage\Potato___Late_blight\b811c2af-734e-4689-aa43-4ab1d4faec32___RS_LB 4719.JPG,Potato___Late_blight,Late Blight,256,256,1.0,65536,14.73,102.38,110.56,95.31,32.3,31.51,41.71,102.75,36.02,-0.55,11.71,-11.16,Diseased,Small,Moderate,Green,102.75
b86274d3-554a-495d-8304-76484e3c4d15___RS_LB 4442.JPG,PlantVillage\Potato___Late_blight\b86274d3-554a-495d-8304-76484e3c4d15___RS_LB 4442.JPG,Potato___Late_blight,Late Blight,256,256,1.0,65536,18.95,119.13,116.88,103.81,39.8,36.42,44.89,113.27,41.08,8.78,5.41,-14.2,Diseased,Small,Moderate,Red,113.27
b86630ca-89d0-4f83-9942-c1bfcce6b06c___RS_LB 4339.JPG,PlantVillage\Potato___Late_blight\b86630ca-89d0-4f83-9942-c1bfcce6b06c___RS_LB 4339.JPG,Potato___Late_blight,Late Blight,256,256,1.0,65536,15.9,137.25,128.21,103.88,41.22,38.84,47.15,123.11,44.82,21.2,7.64,-28.85,Diseased,Small,Moderate,Red,123.11
b89a9e11-b184-4b4d-bc56-5f27a2626982___RS_LB 2512.JPG,PlantVillage\Potato___Late_blight\b89a9e11-b184-4b4d-bc56-5f27a2626982___RS_LB 2512.JPG,Potato___Late_blight,Late Blight,256,256,1.0,65536,14.02,92.02,104.64,89.22,40.95,40.05,50.64,95.29,44.65,-4.91,14.02,-9.11,Diseased,Small,Dark,Green,95.29
b8b4064f-208a-46f9-b13e-5096fdbdb429___RS_LB 2591.JPG,PlantVillage\Potato___Late_blight\b8b4064f-208a-46f9-b13e-5096fdbdb429___RS_LB 2591.JPG,Potato___Late_blight,Late Blight,256,256,1.0,65536,14.73,92.7,95.35,89.1,42.71,41.0,49.39,92.38,44.59,0.48,4.45,-4.93,Diseased,Small,Dark,Green,92.38
b9302a2f-a369-4b05-aed6-632287f42ed7___RS_LB 4452.JPG,PlantVillage\Potato___Late_blight\b9302a2f-a369-4b05-aed6-632287f42ed7___RS_LB 4452.JPG,Potato___Late_blight,Late Blight,256,256,1.0,65536,15.73,125.3,118.61,94.19,47.56,50.22,49.58,112.7,50.92,18.9,8.87,-27.76,Diseased,Small,Moderate,Red,112.7
b9474ec5-5a67-4207-98ec-5671c19f8f59___RS_LB 2545.JPG,PlantVillage\Potato___Late_blight\b9474ec5-5a67-4207-98ec-5671c19f8f59___RS_LB 2545.JPG,Potato___Late_blight,Late Blight,256,256,1.0,65536,18.35,120.99,121.01,109.26,47.42,40.61,51.04,117.09,46.89,5.86,5.89,-11.74,Diseased,Small,Moderate,Green,117.09
b9939f3e-c71c-4653-acff-109a8266dddf___RS_LB 2787.JPG,PlantVillage\Potato___Late_blight\b9939f3e-c71c-4653-acff-109a8266dddf___RS_LB 2787.JPG,Potato___Late_blight,Late Blight,256,256,1.0,65536,16.22,132.14,126.69,106.86,48.78,46.56,54.57,121.9,51.25,15.37,7.19,-22.56,Diseased,Small,Moderate,Red,121.9
b9ad8d86-aadb-44b4-9bba-d6adb446afd7___RS_LB 5188.JPG,PlantVillage\Potato___Late_blight\b9ad8d86-aadb-44b4-9bba-d6adb446afd7___RS_LB 5188.JPG,Potato___Late_blight,Late Blight,256,256,1.0,65536,16.82,118.57,123.84,106.95,42.39,30.47,47.13,116.45,41.21,3.18,11.08,-14.26,Diseased,Small,Moderate,Green,116.45
b9aecfc3-98d5-467a-8773-ee2905918c71___RS_LB 5161.JPG,PlantVillage\Potato___Late_blight\b9aecfc3-98d5-467a-8773-ee2905918c71___RS_LB 5161.JPG,Potato___Late_blight,Late Blight,256,256,1.0,65536,16.23,96.34,110.58,93.59,39.41,33.61,43.85,100.17,39.88,-5.75,15.62,-9.87,Diseased,Small,Moderate,Green,100.17
b9cde1e2-71f8-46a2-9fa4-0bfc7d16815f___RS_LB 2610.JPG,PlantVillage\Potato___Late_blight\b9cde1e2-71f8-46a2-9fa4-0bfc7d16815f___RS_LB 2610.JPG,Potato___Late_blight,Late Blight,256,256,1.0,65536,15.51,110.22,112.48,110.9,39.29,36.54,44.62,111.2,40.3,-1.46,1.92,-0.46,Diseased,Small,Moderate,Green,111.2
ba15e1af-3f3a-4eef-8be1-4f0a221444fd___RS_LB 2866.JPG,PlantVillage\Potato___Late_blight\ba15e1af-3f3a-4eef-8be1-4f0a221444fd___RS_LB 2866.JPG,Potato___Late_blight,Late Blight,256,256,1.0,65536,14.77,97.84,99.34,89.22,37.07,37.24,46.33,95.47,40.69,3.56,5.81,-9.37,Diseased,Small,Dark,Green,95.47
baac20f4-7978-4258-8cd0-f3f8fe98bf83___RS_LB 4774.JPG,PlantVillage\Potato___Late_blight\baac20f4-7978-4258-8cd0-f3f8fe98bf83___RS_LB 4774.JPG,Potato___Late_blight,Late Blight,256,256,1.0,65536,14.12,137.79,150.66,141.99,37.52,31.67,44.76,143.48,38.73,-8.54,10.77,-2.24,Diseased,Small,Moderate,Green,143.48
bb1949c9-c779-4490-b1cc-d82302bc1df9___RS_LB 2901.JPG,PlantVillage\Potato___Late_blight\bb1949c9-c779-4490-b1cc-d82302bc1df9___RS_LB 2901.JPG,Potato___Late_blight,Late Blight,256,256,1.0,65536,15.41,117.29,118.82,102.51,43.98,39.93,54.69,112.88,47.2,6.63,8.92,-15.55,Diseased,Small,Moderate,Green,112.87
bb19c5f3-2937-4c87-b964-d922088f4b19___RS_LB 4950.JPG,PlantVillage\Potato___Late_blight\bb19c5f3-2937-4c87-b964-d922088f4b19___RS_LB 4950.JPG,Potato___Late_blight,Late Blight,256,256,1.0,65536,16.79,131.55,133.7,118.7,37.99,29.66,42.92,127.99,37.84,5.35,8.58,-13.92,Diseased,Small,Moderate,Green,127.98
bb3049f8-7377-4610-b13f-8daf6753bda7___RS_LB 4031.JPG,PlantVillage\Potato___Late_blight\bb3049f8-7377-4610-b13f-8daf6753bda7___RS_LB 4031.JPG,Potato___Late_blight,Late Blight,256,256,1.0,65536,10.81,92.13,104.17,98.39,35.99,23.79,40.25,98.23,34.42,-9.15,8.91,0.24,Diseased,Small,Dark,Green,98.23
bb4aa884-a811-4229-bfc0-1df1e7330877___RS_LB 5049.JPG,PlantVillage\Potato___Late_blight\bb4aa884-a811-4229-bfc0-1df1e7330877___RS_LB 5049.JPG,Potato___Late_blight,Late Blight,256,256,1.0,65536,17.53,133.04,133.6,113.11,41.69,35.86,46.87,126.58,42.79,9.68,10.52,-20.21,Diseased,Small,Moderate,Green,126.58
bb81b8a0-3d1e-4cef-aeb5-31ac32f1761a___RS_LB 5268.JPG,PlantVillage\Potato___Late_blight\bb81b8a0-3d1e-4cef-aeb5-31ac32f1761a___RS_LB 5268.JPG,Potato___Late_blight,Late Blight,256,256,1.0,65536,18.45,119.45,124.76,103.53,43.59,36.08,52.56,115.92,45.49,5.31,13.27,-18.58,Diseased,Small,Moderate,Green,115.91
bbdf98a1-9e54-4afd-bdfc-870d91627a52___RS_LB 2853.JPG,PlantVillage\Potato___Late_blight\bbdf98a1-9e54-4afd-bdfc-870d91627a52___RS_LB 2853.JPG,Potato___Late_blight,Late Blight,256,256,1.0,65536,15.36,109.44,108.23,100.91,41.76,40.6,48.67,106.19,43.98,4.87,3.05,-7.92,Diseased,Small,Moderate,Red,106.19
bc53f0fd-df00-42c6-ad50-aef25d2c6f7a___RS_LB 2954.JPG,PlantVillage\Potato___Late_blight\bc53f0fd-df00-42c6-ad50-aef25d2c6f7a___RS_LB 2954.JPG,Potato___Late_blight,Late Blight,256,256,1.0,65536,14.83,121.11,118.99,107.9,45.53,42.37,51.25,116.0,46.89,7.66,4.49,-12.15,Diseased,Small,Moderate,Red,116.0
bc5b403e-ecc2-4fde-bafa-9b8698e4545c___RS_LB 4448.JPG,PlantVillage\Potato___Late_blight\bc5b403e-ecc2-4fde-bafa-9b8698e4545c___RS_LB 4448.JPG,Potato___Late_blight,Late Blight,256,256,1.0,65536,18.32,118.56,113.99,91.64,54.44,49.26,55.13,108.07,54.3,15.74,8.89,-24.63,Diseased,Small,Moderate,Red,108.06
bc91cb1b-aece-4108-92db-839a106351a5___RS_LB 3087.JPG,PlantVillage\Potato___Late_blight\bc91cb1b-aece-4108-92db-839a106351a5___RS_LB 3087.JPG,Potato___Late_blight,Late Blight,256,256,1.0,65536,15.82,124.03,126.73,116.88,47.2,42.39,52.35,122.55,47.67,2.23,6.27,-8.51,Diseased,Small,Moderate,Green,122.55
bd586e94-fa36-4aed-be05-7a0028d40118___RS_LB 2650.JPG,PlantVillage\Potato___Late_blight\bd586e94-fa36-4aed-be05-7a0028d40118___RS_LB 2650.JPG,Potato___Late_blight,Late Blight,256,256,1.0,65536,14.5,100.19,103.71,97.35,51.47,44.24,58.52,100.42,51.8,-0.34,4.94,-4.6,Diseased,Small,Moderate,Green,100.42
bd632f59-ff1c-452f-b504-053fa95ab000___RS_LB 4356.JPG,PlantVillage\Potato___Late_blight\bd632f59-ff1c-452f-b504-053fa95ab000___RS_LB 4356.JPG,Potato___Late_blight,Late Blight,256,256,1.0,65536,17.23,127.31,115.0,97.96,48.58,43.81,49.58,113.42,48.89,20.84,2.36,-23.2,Diseased,Small,Moderate,Red,113.42
bd70c718-5846-42a1-8b05-22792ec98738___RS_LB 4992.JPG,PlantVillage\Potato___Late_blight\bd70c718-5846-42a1-8b05-22792ec98738___RS_LB 4992.JPG,Potato___Late_blight,Late Blight,256,256,1.0,65536,19.92,134.44,138.09,116.62,40.81,36.42,50.06,129.72,43.83,7.09,12.55,-19.64,Diseased,Small,Moderate,Green,129.72
bd94e2a1-d503-417b-8552-f252a5665476___RS_LB 4006.JPG,PlantVillage\Potato___Late_blight\bd94e2a1-d503-417b-8552-f252a5665476___RS_LB 4006.JPG,Potato___Late_blight,Late Blight,256,256,1.0,65536,15.42,111.95,119.25,105.37,33.12,24.03,39.79,112.19,33.43,-0.36,10.59,-10.22,Diseased,Small,Moderate,Green,112.19
be013aee-1311-4679-ae86-1c6fba5f55e5___RS_LB 2799.JPG,PlantVillage\Potato___Late_blight\be013aee-1311-4679-ae86-1c6fba5f55e5___RS_LB 2799.JPG,Potato___Late_blight,Late Blight,256,256,1.0,65536,16.78,137.73,137.53,122.05,50.33,44.26,52.72,132.44,49.78,7.94,7.64,-15.57,Diseased,Small,Moderate,Red,132.44
be6b5fab-c3de-4d33-b7fc-87bf794d8705___RS_LB 4850.JPG,PlantVillage\Potato___Late_blight\be6b5fab-c3de-4d33-b7fc-87bf794d8705___RS_LB 4850.JPG,Potato___Late_blight,Late Blight,256,256,1.0,65536,18.91,121.41,128.57,105.73,43.59,36.25,51.89,118.57,45.39,4.26,15.0,-19.26,Diseased,Small,Moderate,Green,118.57
befda082-9237-4371-bd11-5d3513a365a5___RS_LB 2608.JPG,PlantVillage\Potato___Late_blight\befda082-9237-4371-bd11-5d3513a365a5___RS_LB 2608.JPG,Potato___Late_blight,Late Blight,256,256,1.0,65536,14.4,110.21,114.27,107.15,37.88,33.19,44.3,110.55,38.84,-0.5,5.59,-5.09,Diseased,Small,Moderate,Green,110.54
bf07f2b7-6ab3-4192-a418-ecabc32a11fe___RS_LB 2576.JPG,PlantVillage\Potato___Late_blight\bf07f2b7-6ab3-4192-a418-ecabc32a11fe___RS_LB 2576.JPG,Potato___Late_blight,Late Blight,256,256,1.0,65536,15.11,123.84,124.59,105.62,50.9,46.37,54.83,118.02,51.57,8.74,9.86,-18.59,Diseased,Small,Moderate,Green,118.02
bf6ce80d-ca31-4d72-b56a-dbd6e6f2847a___RS_LB 4022.JPG,PlantVillage\Potato___Late_blight\bf6ce80d-ca31-4d72-b56a-dbd6e6f2847a___RS_LB 4022.JPG,Potato___Late_blight,Late Blight,256,256,1.0,65536,15.67,112.63,122.81,110.42,43.68,26.79,45.42,115.28,39.9,-3.99,11.29,-7.3,Diseased,Small,Moderate,Green,115.29
c008d8a7-aa55-400b-ad6c-f4fd7654c516___RS_LB 5242.JPG,PlantVillage\Potato___Late_blight\c008d8a7-aa55-400b-ad6c-f4fd7654c516___RS_LB 5242.JPG,Potato___Late_blight,Late Blight,256,256,1.0,65536,14.82,101.0,112.84,91.86,36.77,31.25,43.6,101.9,38.52,-1.35,16.41,-15.06,Diseased,Small,Moderate,Green,101.9
c01daf14-9595-4b10-974d-3452fe133060___RS_LB 4463.JPG,PlantVillage\Potato___Late_blight\c01daf14-9595-4b10-974d-3452fe133060___RS_LB 4463.JPG,Potato___Late_blight,Late Blight,256,256,1.0,65536,20.09,125.27,119.88,98.4,49.25,44.24,51.69,114.52,49.87,16.14,8.04,-24.17,Diseased,Small,Moderate,Red,114.52
c073bdde-9753-4035-8758-31fdc7cae993___RS_LB 2916.JPG,PlantVillage\Potato___Late_blight\c073bdde-9753-4035-8758-31fdc7cae993___RS_LB 2916.JPG,Potato___Late_blight,Late Blight,256,256,1.0,65536,14.55,104.73,107.73,99.1,45.02,37.11,50.08,103.85,44.54,1.31,5.81,-7.13,Diseased,Small,Moderate,Green,103.85
c0a69909-e94c-4155-a008-20b5445c56d7___RS_LB 3909.JPG,PlantVillage\Potato___Late_blight\c0a69909-e94c-4155-a008-20b5445c56d7___RS_LB 3909.JPG,Potato___Late_blight,Late Blight,256,256,1.0,65536,15.56,116.15,114.49,100.68,42.56,33.04,43.7,110.44,40.65,8.56,6.07,-14.64,Diseased,Small,Moderate,Red,110.44
c0aeb29d-b504-47b5-aa5f-940a4f3b4e89___RS_LB 2972.JPG,PlantVillage\Potato___Late_blight\c0aeb29d-b504-47b5-aa5f-940a4f3b4e89___RS_LB 2972.JPG,Potato___Late_blight,Late Blight,256,256,1.0,65536,15.62,87.56,91.32,77.67,40.32,36.71,45.26,85.52,41.32,3.06,8.71,-11.77,Diseased,Small,Dark,Green,85.52
c0e1bf8b-8b3d-4e00-bbd7-dc134dd9ca42___RS_LB 3234.JPG,PlantVillage\Potato___Late_blight\c0e1bf8b-8b3d-4e00-bbd7-dc134dd9ca42___RS_LB 3234.JPG,Potato___Late_blight,Late Blight,256,256,1.0,65536,18.11,142.07,136.73,121.66,54.18,50.82,60.86,133.49,56.11,12.88,4.86,-17.74,Diseased,Small,Moderate,Red,133.49
c101232e-6487-495c-ad3a-27cd1e5fb2b9___RS_LB 2573.JPG,PlantVillage\Potato___Late_blight\c101232e-6487-495c-ad3a-27cd1e5fb2b9___RS_LB 2573.JPG,Potato___Late_blight,Late Blight,256,256,1.0,65536,18.22,117.94,115.88,97.36,46.15,39.85,50.94,110.39,46.8,11.32,8.24,-19.56,Diseased,Small,Moderate,Red,110.39
c1389cbc-d327-478b-92b3-550c3210ed5a___RS_LB 4025.JPG,PlantVillage\Potato___Late_blight\c1389cbc-d327-478b-92b3-550c3210ed5a___RS_LB 4025.JPG,Potato___Late_blight,Late Blight,256,256,1.0,65536,13.72,111.43,120.08,111.77,45.69,27.66,47.44,114.43,41.44,-4.49,8.48,-3.99,Diseased,Small,Moderate,Green,114.43
c16b698a-77b9-48f7-943a-457d475242ef___RS_LB 2918.JPG,PlantVillage\Potato___Late_blight\c16b698a-77b9-48f7-943a-457d475242ef___RS_LB 2918.JPG,Potato___Late_blight,Late Blight,256,256,1.0,65536,15.3,98.04,99.84,93.51,43.28,36.89,49.64,97.13,43.66,1.36,4.07,-5.43,Diseased,Small,Dark,Green,97.13
c18a017c-262c-41ca-93f3-8fc97ffd7043___RS_LB 4770.JPG,PlantVillage\Potato___Late_blight\c18a017c-262c-41ca-93f3-8fc97ffd7043___RS_LB 4770.JPG,Potato___Late_blight,Late Blight,256,256,1.0,65536,13.09,145.8,155.99,146.93,30.7,25.83,35.55,149.58,31.28,-5.66,9.63,-3.97,Diseased,Small,Moderate,Green,149.57
c206ebe3-c06e-4eb9-a537-a719cfa1e3c0___RS_LB 5140.JPG,PlantVillage\Potato___Late_blight\c206ebe3-c06e-4eb9-a537-a719cfa1e3c0___RS_LB 5140.JPG,Potato___Late_blight,Late Blight,256,256,1.0,65536,15.8,106.3,113.28,105.62,40.79,35.8,50.15,108.4,42.8,-3.15,7.32,-4.17,Diseased,Small,Moderate,Green,108.4
c268fd1d-0a6d-46f1-bbcd-81b4e79894e6___RS_LB 2808.JPG,PlantVillage\Potato___Late_blight\c268fd1d-0a6d-46f1-bbcd-81b4e79894e6___RS_LB 2808.JPG,Potato___Late_blight,Late Blight,256,256,1.0,65536,18.9,124.03,122.21,109.97,53.14,46.0,58.15,118.74,53.04,7.94,5.21,-13.15,Diseased,Small,Moderate,Red,118.74
c3134b97-50a1-4aa2-937d-1e15405b9803___RS_LB 4565.JPG,PlantVillage\Potato___Late_blight\c3134b97-50a1-4aa2-937d-1e15405b9803___RS_LB 4565.JPG,Potato___Late_blight,Late Blight,256,256,1.0,65536,17.5,119.09,115.85,92.54,38.94,33.87,38.53,109.16,39.02,14.89,10.03,-24.92,Diseased,Small,Moderate,Red,109.16
c3cd2ad3-174e-48b4-a7a5-ce63be745fd5___RS_LB 3243.JPG,PlantVillage\Potato___Late_blight\c3cd2ad3-174e-48b4-a7a5-ce63be745fd5___RS_LB 3243.JPG,Potato___Late_blight,Late Blight,256,256,1.0,65536,19.43,117.91,118.85,107.21,52.85,45.75,54.17,114.66,51.33,4.88,6.29,-11.17,Diseased,Small,Moderate,Green,114.66
c4263e49-60ed-4f6b-aa78-cc9f3117ce73___RS_LB 4100.JPG,PlantVillage\Potato___Late_blight\c4263e49-60ed-4f6b-aa78-cc9f3117ce73___RS_LB 4100.JPG,Potato___Late_blight,Late Blight,256,256,1.0,65536,15.59,137.11,133.22,114.96,40.97,36.98,48.09,128.43,43.35,13.02,7.18,-20.2,Diseased,Small,Moderate,Red,128.43
c48719ce-1230-465b-b481-177b7e0f7074___RS_LB 3835.JPG,PlantVillage\Potato___Late_blight\c48719ce-1230-465b-b481-177b7e0f7074___RS_LB 3835.JPG,Potato___Late_blight,Late Blight,256,256,1.0,65536,11.27,100.45,116.87,103.22,39.24,22.89,43.11,106.85,36.86,-9.59,15.03,-5.44,Diseased,Small,Moderate,Green,106.85
c4aec622-2e7b-49f6-bab3-6c4dce29f155___RS_LB 3118.JPG,PlantVillage\Potato___Late_blight\c4aec622-2e7b-49f6-bab3-6c4dce29f155___RS_LB 3118.JPG,Potato___Late_blight,Late Blight,256,256,1.0,65536,17.09,128.29,125.41,107.36,49.04,45.37,56.73,120.35,51.44,11.91,7.59,-19.49,Diseased,Small,Moderate,Red,120.35
c4c1c25f-0594-4c81-a1e0-a609ee1f0808___RS_LB 2653.JPG,PlantVillage\Potato___Late_blight\c4c1c25f-0594-4c81-a1e0-a609ee1f0808___RS_LB 2653.JPG,Potato___Late_blight,Late Blight,256,256,1.0,65536,18.66,94.91,94.05,77.25,48.18,42.53,52.15,88.73,48.47,9.26,7.97,-17.22,Diseased,Small,Dark,Red,88.74
c58de13c-b59d-4497-ae5a-08b425919b64___RS_LB 3116.JPG,PlantVillage\Potato___Late_blight\c58de13c-b59d-4497-ae5a-08b425919b64___RS_LB 3116.JPG,Potato___Late_blight,Late Blight,256,256,1.0,65536,18.13,125.09,123.6,97.49,49.29,47.85,56.31,115.39,52.83,14.54,12.31,-26.85,Diseased,Small,Moderate,Red,115.39
c5ff46d5-8f49-409f-b3c1-9a1a25418f47___RS_LB 2596.JPG,PlantVillage\Potato___Late_blight\c5ff46d5-8f49-409f-b3c1-9a1a25418f47___RS_LB 2596.JPG,Potato___Late_blight,Late Blight,256,256,1.0,65536,14.47,86.32,94.28,89.16,41.55,33.53,46.35,89.92,40.95,-5.4,6.54,-1.14,Diseased,Small,Dark,Green,89.92
c60533e5-8080-4c77-8ae4-7c1f2f7350cb___RS_LB 2810.JPG,PlantVillage\Potato___Late_blight\c60533e5-8080-4c77-8ae4-7c1f2f7350cb___RS_LB 2810.JPG,Potato___Late_blight,Late Blight,256,256,1.0,65536,17.48,117.8,116.57,102.79,47.84,42.8,50.38,112.39,47.6,8.12,6.28,-14.4,Diseased,Small,Moderate,Red,112.39
c63d5cca-9639-4d42-88c4-13572afa1dda___RS_LB 2747.JPG,PlantVillage\Potato___Late_blight\c63d5cca-9639-4d42-88c4-13572afa1dda___RS_LB 2747.JPG,Potato___Late_blight,Late Blight,256,256,1.0,65536,17.15,122.1,119.88,105.47,55.93,51.53,57.69,115.82,55.6,9.43,6.09,-15.52,Diseased,Small,Moderate,Red,115.82
c66982eb-dd83-487a-98c6-2aefdf5d7be0___RS_LB 4683.JPG,PlantVillage\Potato___Late_blight\c66982eb-dd83-487a-98c6-2aefdf5d7be0___RS_LB 4683.JPG,Potato___Late_blight,Late Blight,256,256,1.0,65536,16.12,125.98,112.94,91.45,42.73,33.34,41.3,110.12,41.84,23.78,4.23,-28.01,Diseased,Small,Moderate,Red,110.12
c6842cfb-6996-4a51-bc0a-7e2f89a903f0___RS_LB 3911.JPG,PlantVillage\Potato___Late_blight\c6842cfb-6996-4a51-bc0a-7e2f89a903f0___RS_LB 3911.JPG,Potato___Late_blight,Late Blight,256,256,1.0,65536,16.36,114.6,114.68,99.73,42.65,32.41,45.59,109.67,41.21,7.39,7.52,-14.91,Diseased,Small,Moderate,Green,109.67
c6c8843f-6b36-472a-9a87-bf1a235e08b6___RS_LB 5136.JPG,PlantVillage\Potato___Late_blight\c6c8843f-6b36-472a-9a87-bf1a235e08b6___RS_LB 5136.JPG,Potato___Late_blight,Late Blight,256,256,1.0,65536,15.69,110.35,117.02,111.3,40.4,36.11,46.71,112.89,41.41,-3.81,6.19,-2.38,Diseased,Small,Moderate,Green,112.89
c6d1bbe7-c1d8-4760-9bb2-a97eac1ca0a8___RS_LB 3838.JPG,PlantVillage\Potato___Late_blight\c6d1bbe7-c1d8-4760-9bb2-a97eac1ca0a8___RS_LB 3838.JPG,Potato___Late_blight,Late Blight,256,256,1.0,65536,11.77,92.95,110.52,94.72,40.79,24.81,44.69,99.39,38.57,-9.67,16.68,-7.02,Diseased,Small,Dark,Green,99.4
c6d79fa2-e6fc-4c95-a805-c7ff53075b15___RS_LB 4328.JPG,PlantVillage\Potato___Late_blight\c6d79fa2-e6fc-4c95-a805-c7ff53075b15___RS_LB 4328.JPG,Potato___Late_blight,Late Blight,256,256,1.0,65536,20.77,122.88,108.48,90.96,43.87,44.16,43.02,107.44,45.6,23.16,1.56,-24.72,Diseased,Small,Moderate,Red,107.44
c6ecc36c-1886-4d2d-89aa-0e9e9dc7ba32___RS_LB 4997.JPG,PlantVillage\Potato___Late_blight\c6ecc36c-1886-4d2d-89aa-0e9e9dc7ba32___RS_LB 4997.JPG,Potato___Late_blight,Late Blight,256,256,1.0,65536,18.04,119.16,124.7,103.4,41.72,40.94,49.23,115.75,45.04,5.11,13.41,-18.52,Diseased,Small,Moderate,Green,115.75
c746bac3-3c7a-445c-b78e-19294bd9a9cb___RS_LB 5233.JPG,PlantVillage\Potato___Late_blight\c746bac3-3c7a-445c-b78e-19294bd9a9cb___RS_LB 5233.JPG,Potato___Late_blight,Late Blight,256,256,1.0,65536,13.78,108.4,116.88,101.69,34.97,29.67,40.17,108.99,35.74,-0.89,11.83,-10.95,Diseased,Small,Moderate,Green,108.99
c77d14df-faac-47e9-97e1-fc84a7aa6e74___RS_LB 4322.JPG,PlantVillage\Potato___Late_blight\c77d14df-faac-47e9-97e1-fc84a7aa6e74___RS_LB 4322.JPG,Potato___Late_blight,Late Blight,256,256,1.0,65536,16.94,124.6,113.42,98.79,48.95,37.19,48.59,112.27,46.46,18.5,1.73,-20.23,Diseased,Small,Moderate,Red,112.27
c7853012-d4e6-4c0d-a14d-1220a0a6d3b1___RS_LB 3871.JPG,PlantVillage\Potato___Late_blight\c7853012-d4e6-4c0d-a14d-1220a0a6d3b1___RS_LB 3871.JPG,Potato___Late_blight,Late Blight,256,256,1.0,65536,15.25,124.44,127.13,113.98,36.26,28.74,41.05,121.85,36.16,3.88,7.92,-11.81,Diseased,Small,Moderate,Green,121.85
c7982d1f-7472-44ba-a39d-76085c4d90cd___RS_LB 3072.JPG,PlantVillage\Potato___Late_blight\c7982d1f-7472-44ba-a39d-76085c4d90cd___RS_LB 3072.JPG,Potato___Late_blight,Late Blight,256,256,1.0,65536,15.71,109.62,107.6,97.93,46.04,45.32,53.27,105.05,48.61,6.85,3.83,-10.68,Diseased,Small,Moderate,Red,105.05
c7adbae8-04db-489d-b9e6-c12de387d25c___RS_LB 2697.JPG,PlantVillage\Potato___Late_blight\c7adbae8-04db-489d-b9e6-c12de387d25c___RS_LB 2697.JPG,Potato___Late_blight,Late Blight,256,256,1.0,65536,16.5,124.66,127.95,119.05,41.08,35.45,48.51,123.89,42.18,1.16,6.09,-7.25,Diseased,Small,Moderate,Green,123.89
c7c82b7c-078f-4ba9-90e3-db36a73bda22___RS_LB 5430.JPG,PlantVillage\Potato___Late_blight\c7c82b7c-078f-4ba9-90e3-db36a73bda22___RS_LB 5430.JPG,Potato___Late_blight,Late Blight,256,256,1.0,65536,13.5,105.21,122.33,112.12,53.09,44.29,55.91,113.22,51.82,-12.01,13.67,-1.65,Diseased,Small,Moderate,Green,113.22
c84a1cfc-5e19-46df-a315-c7fb6a61e60f___RS_LB 4103.JPG,PlantVillage\Potato___Late_blight\c84a1cfc-5e19-46df-a315-c7fb6a61e60f___RS_LB 4103.JPG,Potato___Late_blight,Late Blight,256,256,1.0,65536,16.82,126.48,122.02,104.08,39.4,35.09,45.87,117.53,41.51,13.42,6.74,-20.16,Diseased,Small,Moderate,Red,117.53
c87b7e98-d4ed-446a-bf9e-47bd454f279b___RS_LB 2860.JPG,PlantVillage\Potato___Late_blight\c87b7e98-d4ed-446a-bf9e-47bd454f279b___RS_LB 2860.JPG,Potato___Late_blight,Late Blight,256,256,1.0,65536,14.33,111.53,113.69,103.56,41.89,33.79,46.24,109.59,41.2,2.91,6.14,-9.05,Diseased,Small,Moderate,Green,109.59
c89d5a2a-2c1e-496e-84b8-b7a844a97ac9___RS_LB 4920.JPG,PlantVillage\Potato___Late_blight\c89d5a2a-2c1e-496e-84b8-b7a844a97ac9___RS_LB 4920.JPG,Potato___Late_blight,Late Blight,256,256,1.0,65536,19.79,121.2,120.39,109.03,47.56,42.0,52.57,116.87,47.9,6.49,5.27,-11.77,Diseased,Small,Moderate,Red,116.87
c8bfd67e-892e-4502-982a-adba5505be5d___RS_LB 4444.JPG,PlantVillage\Potato___Late_blight\c8bfd67e-892e-4502-982a-adba5505be5d___RS_LB 4444.JPG,Potato___Late_blight,Late Blight,256,256,1.0,65536,17.02,122.03,115.92,105.19,46.73,40.99,48.4,114.38,46.01,11.47,2.31,-13.79,Diseased,Small,Moderate,Red,114.38
c970a188-e4e6-43cd-aff7-d0ac40d378dc___RS_LB 4834.JPG,PlantVillage\Potato___Late_blight\c970a188-e4e6-43cd-aff7-d0ac40d378dc___RS_LB 4834.JPG,Potato___Late_blight,Late Blight,256,256,1.0,65536,18.55,136.6,137.61,121.35,41.66,36.73,49.49,131.85,43.59,7.12,8.64,-15.76,Diseased,Small,Moderate,Green,131.85
c98f32e2-c52c-4a35-bc34-c32af5a18b07___RS_LB 2807.JPG,PlantVillage\Potato___Late_blight\c98f32e2-c52c-4a35-bc34-c32af5a18b07___RS_LB 2807.JPG,Potato___Late_blight,Late Blight,256,256,1.0,65536,16.58,122.24,122.88,112.2,48.4,44.16,54.91,119.1,49.6,4.71,5.66,-10.36,Diseased,Small,Moderate,Green,119.11
ca14c4bc-c9a5-4294-835e-6c3b81e61496___RS_LB 3080.JPG,PlantVillage\Potato___Late_blight\ca14c4bc-c9a5-4294-835e-6c3b81e61496___RS_LB 3080.JPG,Potato___Late_blight,Late Blight,256,256,1.0,65536,15.25,115.6,110.64,104.96,38.54,37.9,46.5,110.4,41.39,7.8,0.36,-8.16,Diseased,Small,Moderate,Red,110.4
cb4fe901-5ca8-43e9-9a4f-3b9bf34ea364___RS_LB 3943.JPG,PlantVillage\Potato___Late_blight\cb4fe901-5ca8-43e9-9a4f-3b9bf34ea364___RS_LB 3943.JPG,Potato___Late_blight,Late Blight,256,256,1.0,65536,15.02,117.83,122.33,84.87,41.75,34.18,51.96,108.34,46.36,14.23,20.98,-35.21,Diseased,Small,Moderate,Green,108.34
cba4be0b-2554-4a9e-8dd0-94cbb2467388___RS_LB 3335.JPG,PlantVillage\Potato___Late_blight\cba4be0b-2554-4a9e-8dd0-94cbb2467388___RS_LB 3335.JPG,Potato___Late_blight,Late Blight,256,256,1.0,65536,17.21,139.46,128.75,114.66,54.99,52.58,60.11,127.62,56.89,17.75,1.69,-19.44,Diseased,Small,Moderate,Red,127.62
cbb653f7-72fd-4499-9d90-efdcd8c30077___RS_LB 2764.JPG,PlantVillage\Potato___Late_blight\cbb653f7-72fd-4499-9d90-efdcd8c30077___RS_LB 2764.JPG,Potato___Late_blight,Late Blight,256,256,1.0,65536,16.56,98.36,101.79,85.15,48.22,45.28,54.53,95.1,50.01,4.89,10.04,-14.93,Diseased,Small,Dark,Green,95.1
ccdf64d2-81fe-429e-8041-05b5a9ce50c9___RS_LB 5052.JPG,PlantVillage\Potato___Late_blight\ccdf64d2-81fe-429e-8041-05b5a9ce50c9___RS_LB 5052.JPG,Potato___Late_blight,Late Blight,256,256,1.0,65536,16.9,124.22,122.09,107.46,37.47,29.74,44.27,117.92,38.36,9.44,6.25,-15.69,Diseased,Small,Moderate,Red,117.92
cd04dd6c-fe7b-4587-ae2e-69228969d9d6___RS_LB 4824.JPG,PlantVillage\Potato___Late_blight\cd04dd6c-fe7b-4587-ae2e-69228969d9d6___RS_LB 4824.JPG,Potato___Late_blight,Late Blight,256,256,1.0,65536,20.88,120.28,123.96,108.47,45.91,38.72,50.42,117.57,45.76,4.07,9.59,-13.65,Diseased,Small,Moderate,Green,117.57
cd0b4621-eccd-434a-8bc1-d3a6d24a2f05___RS_LB 5250.JPG,PlantVillage\Potato___Late_blight\cd0b4621-eccd-434a-8bc1-d3a6d24a2f05___RS_LB 5250.JPG,Potato___Late_blight,Late Blight,256,256,1.0,65536,13.53,122.03,125.86,117.07,38.16,34.28,44.3,121.65,39.29,0.56,6.31,-6.87,Diseased,Small,Moderate,Green,121.65
cd38f533-9b7d-4afd-bbd9-9ee5ab2aa3e8___RS_LB 2680.JPG,PlantVillage\Potato___Late_blight\cd38f533-9b7d-4afd-bbd9-9ee5ab2aa3e8___RS_LB 2680.JPG,Potato___Late_blight,Late Blight,256,256,1.0,65536,19.9,130.69,124.86,111.53,50.99,46.91,54.21,122.36,51.42,12.49,3.75,-16.24,Diseased,Small,Moderate,Red,122.36
cd413b65-05b0-4bbd-9896-4951d11e920d___RS_LB 4575.JPG,PlantVillage\Potato___Late_blight\cd413b65-05b0-4bbd-9896-4951d11e920d___RS_LB 4575.JPG,Potato___Late_blight,Late Blight,256,256,1.0,65536,17.02,117.0,109.15,95.51,45.85,36.57,44.78,107.22,43.52,14.67,2.89,-17.56,Diseased,Small,Moderate,Red,107.22
cdad6bf9-1ca8-4feb-87b6-960dd55acf2e___RS_LB 3186.JPG,PlantVillage\Potato___Late_blight\cdad6bf9-1ca8-4feb-87b6-960dd55acf2e___RS_LB 3186.JPG,Potato___Late_blight,Late Blight,256,256,1.0,65536,17.58,113.52,109.68,91.1,58.61,55.21,63.45,104.76,59.99,13.13,7.37,-20.5,Diseased,Small,Moderate,Red,104.77
cdd030ec-609e-4f61-9335-6cf89a6f35d2___RS_LB 2776.JPG,PlantVillage\Potato___Late_blight\cdd030ec-609e-4f61-9335-6cf89a6f35d2___RS_LB 2776.JPG,Potato___Late_blight,Late Blight,256,256,1.0,65536,16.24,106.22,106.9,86.3,41.34,39.55,47.9,99.81,44.13,9.62,10.64,-20.26,Diseased,Small,Dark,Green,99.81
ce38cb15-70c8-4203-adbb-db648eb87554___RS_LB 4107.JPG,PlantVillage\Potato___Late_blight\ce38cb15-70c8-4203-adbb-db648eb87554___RS_LB 4107.JPG,Potato___Late_blight,Late Blight,256,256,1.0,65536,14.36,117.32,119.64,97.05,30.26,23.74,37.59,111.34,32.67,8.98,12.45,-21.43,Diseased,Small,Moderate,Green,111.34
ce5ec29b-599c-4c69-ba4d-04df7ab1c46f___RS_LB 4945.JPG,PlantVillage\Potato___Late_blight\ce5ec29b-599c-4c69-ba4d-04df7ab1c46f___RS_LB 4945.JPG,Potato___Late_blight,Late Blight,256,256,1.0,65536,19.23,143.57,147.38,131.35,47.06,41.31,52.48,140.77,47.67,4.21,9.91,-14.12,Diseased,Small,Moderate,Green,140.77
ced49a2c-c7b3-4c10-9475-2b004afebff1___RS_LB 4436.JPG,PlantVillage\Potato___Late_blight\ced49a2c-c7b3-4c10-9475-2b004afebff1___RS_LB 4436.JPG,Potato___Late_blight,Late Blight,256,256,1.0,65536,17.8,111.35,107.55,101.31,35.34,38.07,44.73,106.74,39.79,6.92,1.22,-8.15,Diseased,Small,Moderate,Red,106.74
cf2e3e15-2284-474a-a36a-b102aa7d50cc___RS_LB 4760.JPG,PlantVillage\Potato___Late_blight\cf2e3e15-2284-474a-a36a-b102aa7d50cc___RS_LB 4760.JPG,Potato___Late_blight,Late Blight,256,256,1.0,65536,13.88,135.04,146.88,138.37,40.92,32.37,47.16,140.09,40.91,-7.58,10.18,-2.59,Diseased,Small,Moderate,Green,140.1
cf336796-9b96-4156-adc4-6fbeaebf2a6a___RS_LB 3207.JPG,PlantVillage\Potato___Late_blight\cf336796-9b96-4156-adc4-6fbeaebf2a6a___RS_LB 3207.JPG,Potato___Late_blight,Late Blight,256,256,1.0,65536,18.84,122.89,122.33,102.3,46.9,38.16,52.92,115.84,47.37,10.58,9.74,-20.31,Diseased,Small,Moderate,Red,115.84
cf83a586-2f2a-423b-8e1c-f7c284a20ec1___RS_LB 2785.JPG,PlantVillage\Potato___Late_blight\cf83a586-2f2a-423b-8e1c-f7c284a20ec1___RS_LB 2785.JPG,Potato___Late_blight,Late Blight,256,256,1.0,65536,18.59,146.94,142.06,117.33,49.92,45.82,60.88,135.45,54.17,17.25,9.93,-27.17,Diseased,Small,Moderate,Red,135.44
cf979c44-abfa-4ed3-865e-ee0c204ba9f0___RS_LB 4662.JPG,PlantVillage\Potato___Late_blight\cf979c44-abfa-4ed3-865e-ee0c204ba9f0___RS_LB 4662.JPG,Potato___Late_blight,Late Blight,256,256,1.0,65536,17.29,122.54,104.45,81.33,47.25,40.61,44.57,102.77,47.34,29.66,2.51,-32.17,Diseased,Small,Moderate,Red,102.77
d01b2206-84b5-41f6-9a40-b238282940bd___RS_LB 2631.JPG,PlantVillage\Potato___Late_blight\d01b2206-84b5-41f6-9a40-b238282940bd___RS_LB 2631.JPG,Potato___Late_blight,Late Blight,256,256,1.0,65536,15.04,93.54,97.16,83.33,36.34,31.95,42.6,91.34,37.68,3.29,8.73,-12.02,Diseased,Small,Dark,Green,91.34
d0262161-b887-4357-b707-cde01cf5726d___RS_LB 3044.JPG,PlantVillage\Potato___Late_blight\d0262161-b887-4357-b707-cde01cf5726d___RS_LB 3044.JPG,Potato___Late_blight,Late Blight,256,256,1.0,65536,15.9,102.47,104.64,88.88,39.66,35.1,45.84,98.66,41.04,5.71,8.96,-14.67,Diseased,Small,Dark,Green,98.66
d105e6d5-4268-4b21-8709-24b894196454___RS_LB 3282.JPG,PlantVillage\Potato___Late_blight\d105e6d5-4268-4b21-8709-24b894196454___RS_LB 3282.JPG,Potato___Late_blight,Late Blight,256,256,1.0,65536,18.13,130.29,122.77,108.08,51.47,47.2,57.82,120.38,53.15,14.87,3.59,-18.46,Diseased,Small,Moderate,Red,120.38
d1a28228-aae8-4348-b7a1-545dcf72d842___RS_LB 3875.JPG,PlantVillage\Potato___Late_blight\d1a28228-aae8-4348-b7a1-545dcf72d842___RS_LB 3875.JPG,Potato___Late_blight,Late Blight,256,256,1.0,65536,14.71,122.72,121.85,113.0,31.57,22.61,37.11,119.19,31.32,5.29,3.99,-9.28,Diseased,Small,Moderate,Red,119.19
d1ae329b-19bc-40c3-afb1-404ecf3c98ee___RS_LB 2613.JPG,PlantVillage\Potato___Late_blight\d1ae329b-19bc-40c3-afb1-404ecf3c98ee___RS_LB 2613.JPG,Potato___Late_blight,Late Blight,256,256,1.0,65536,14.07,85.18,87.13,84.34,39.53,34.12,44.72,85.55,39.71,-0.55,2.37,-1.82,Diseased,Small,Dark,Green,85.55
d20fef22-7016-4115-9930-a66b32c718c6___RS_LB 4417.JPG,PlantVillage\Potato___Late_blight\d20fef22-7016-4115-9930-a66b32c718c6___RS_LB 4417.JPG,Potato___Late_blight,Late Blight,256,256,1.0,65536,14.08,128.87,120.94,98.5,50.87,41.5,53.09,116.1,50.41,19.15,7.26,-26.41,Diseased,Small,Moderate,Red,116.1
d2d8eb78-d267-4c37-a18c-b39a0bb11d82___RS_LB 3147.JPG,PlantVillage\Potato___Late_blight\d2d8eb78-d267-4c37-a18c-b39a0bb11d82___RS_LB 3147.JPG,Potato___Late_blight,Late Blight,256,256,1.0,65536,19.15,127.54,121.28,109.12,49.34,44.04,53.59,119.31,49.74,12.35,2.95,-15.29,Diseased,Small,Moderate,Red,119.31
d2f57448-1770-46dc-97e3-40247d37094b___RS_LB 4455.JPG,PlantVillage\Potato___Late_blight\d2f57448-1770-46dc-97e3-40247d37094b___RS_LB 4455.JPG,Potato___Late_blight,Late Blight,256,256,1.0,65536,16.68,132.13,117.64,99.2,47.32,45.28,51.3,116.32,49.89,23.71,1.97,-25.68,Diseased,Small,Moderate,Red,116.32
d2ff230f-99a5-4dc5-968c-246d772788af___RS_LB 3279.JPG,PlantVillage\Potato___Late_blight\d2ff230f-99a5-4dc5-968c-246d772788af___RS_LB 3279.JPG,Potato___Late_blight,Late Blight,256,256,1.0,65536,17.74,126.41,125.22,105.01,49.91,44.43,54.93,118.88,50.89,11.3,9.51,-20.8,Diseased,Small,Moderate,Red,118.88
d30021ba-fbbd-451b-b257-1fc5c6ac54d4___RS_LB 4466.JPG,PlantVillage\Potato___Late_blight\d30021ba-fbbd-451b-b257-1fc5c6ac54d4___RS_LB 4466.JPG,Potato___Late_blight,Late Blight,256,256,1.0,65536,20.19,121.92,115.25,93.86,43.88,39.1,47.02,110.34,45.07,17.37,7.36,-24.72,Diseased,Small,Moderate,Red,110.34
d30d25f1-74ca-42d3-804d-c31b06720c46___RS_LB 2817.JPG,PlantVillage\Potato___Late_blight\d30d25f1-74ca-42d3-804d-c31b06720c46___RS_LB 2817.JPG,Potato___Late_blight,Late Blight,256,256,1.0,65536,20.15,127.17,126.28,107.8,49.18,43.09,52.64,120.42,49.28,10.13,8.8,-18.93,Diseased,Small,Moderate,Red,120.42
d36e9212-7594-4e4d-9062-0a98bc689729___RS_LB 5055.JPG,PlantVillage\Potato___Late_blight\d36e9212-7594-4e4d-9062-0a98bc689729___RS_LB 5055.JPG,Potato___Late_blight,Late Blight,256,256,1.0,65536,18.82,134.11,131.74,116.25,43.09,40.85,50.59,127.37,45.73,10.11,6.56,-16.67,Diseased,Small,Moderate,Red,127.37
d378a0c5-d275-44a4-9f00-f7f180270f4d___RS_LB 2781.JPG,PlantVillage\Potato___Late_blight\d378a0c5-d275-44a4-9f00-f7f180270f4d___RS_LB 2781.JPG,Potato___Late_blight,Late Blight,256,256,1.0,65536,15.71,105.15,109.48,93.97,44.93,39.37,49.85,102.87,45.4,3.43,9.92,-13.34,Diseased,Small,Moderate,Green,102.87
d3811753-f672-405c-afa3-8fbaa2715bf4___RS_LB 2720.JPG,PlantVillage\Potato___Late_blight\d3811753-f672-405c-afa3-8fbaa2715bf4___RS_LB 2720.JPG,Potato___Late_blight,Late Blight,256,256,1.0,65536,17.91,128.7,127.42,109.16,43.4,34.71,51.45,121.76,44.62,10.41,8.49,-18.9,Diseased,Small,Moderate,Red,121.76
d385010f-53c1-4e7d-9fd3-50f0c98dc245___RS_LB 3865.JPG,PlantVillage\Potato___Late_blight\d385010f-53c1-4e7d-9fd3-50f0c98dc245___RS_LB 3865.JPG,Potato___Late_blight,Late Blight,256,256,1.0,65536,15.48,128.74,135.75,116.87,41.18,28.75,43.16,127.12,39.02,2.43,12.94,-15.37,Diseased,Small,Moderate,Green,127.12
d38d9e28-89a0-4650-8a2d-dc5e6744b3b9___RS_LB 5204.JPG,PlantVillage\Potato___Late_blight\d38d9e28-89a0-4650-8a2d-dc5e6744b3b9___RS_LB 5204.JPG,Potato___Late_blight,Late Blight,256,256,1.0,65536,15.52,125.99,131.55,117.59,41.37,33.13,46.18,125.04,40.99,1.42,9.76,-11.18,Diseased,Small,Moderate,Green,125.04
d3aa996a-f1d8-41bb-99bc-8f33ca2ea9ce___RS_LB 4404.JPG,PlantVillage\Potato___Late_blight\d3aa996a-f1d8-41bb-99bc-8f33ca2ea9ce___RS_LB 4404.JPG,Potato___Late_blight,Late Blight,256,256,1.0,65536,17.54,136.96,124.56,100.8,50.36,51.5,54.31,120.77,54.2,24.28,5.69,-29.96,Diseased,Small,Moderate,Red,120.77
d3cbf715-a2a3-4024-ac5d-c6ae21a77720___RS_LB 2735.JPG,PlantVillage\Potato___Late_blight\d3cbf715-a2a3-4024-ac5d-c6ae21a77720___RS_LB 2735.JPG,Potato___Late_blight,Late Blight,256,256,1.0,65536,20.02,150.58,137.04,125.86,53.39,52.52,60.33,137.83,56.44,19.13,-1.18,-17.95,Diseased,Small,Moderate,Red,137.83
d3e6cc68-6d84-406f-9e02-b81f8051ecb3___RS_LB 3992.JPG,PlantVillage\Potato___Late_blight\d3e6cc68-6d84-406f-9e02-b81f8051ecb3___RS_LB 3992.JPG,Potato___Late_blight,Late Blight,256,256,1.0,65536,16.78,124.31,134.14,109.48,44.89,29.61,46.22,122.64,42.18,2.5,17.25,-19.75,Diseased,Small,Moderate,Green,122.64
d42061d8-9da0-4190-8dd0-d3629f0cfa53___RS_LB 3954.JPG,PlantVillage\Potato___Late_blight\d42061d8-9da0-4190-8dd0-d3629f0cfa53___RS_LB 3954.JPG,Potato___Late_blight,Late Blight,256,256,1.0,65536,14.74,126.5,126.29,105.82,45.39,34.03,47.56,119.54,43.83,10.45,10.13,-20.58,Diseased,Small,Moderate,Red,119.54
d438f9b3-2952-425e-8c5f-a92a21b35f5f___RS_LB 4470.JPG,PlantVillage\Potato___Late_blight\d438f9b3-2952-425e-8c5f-a92a21b35f5f___RS_LB 4470.JPG,Potato___Late_blight,Late Blight,256,256,1.0,65536,18.8,115.27,110.08,89.7,48.76,48.05,51.45,105.02,50.66,15.38,7.59,-22.97,Diseased,Small,Moderate,Red,105.02
d43fa915-e947-4316-b0f5-0f925c5d9625___RS_LB 3969.JPG,PlantVillage\Potato___Late_blight\d43fa915-e947-4316-b0f5-0f925c5d9625___RS_LB 3969.JPG,Potato___Late_blight,Late Blight,256,256,1.0,65536,15.22,138.72,135.81,119.0,38.21,31.06,42.92,131.18,38.7,11.32,6.95,-18.27,Diseased,Small,Moderate,Red,131.18
d4463dcb-ae91-4329-8c6d-6da1eecbaaac___RS_LB 2788.JPG,PlantVillage\Potato___Late_blight\d4463dcb-ae91-4329-8c6d-6da1eecbaaac___RS_LB 2788.JPG,Potato___Late_blight,Late Blight,256,256,1.0,65536,17.5,119.24,115.52,95.88,39.63,36.24,47.39,110.21,42.6,13.54,7.97,-21.51,Diseased,Small,Moderate,Red,110.21
d4486c3c-6d93-4d08-a3f5-7f4ae1f7ef3b___RS_LB 2829.JPG,PlantVillage\Potato___Late_blight\d4486c3c-6d93-4d08-a3f5-7f4ae1f7ef3b___RS_LB 2829.JPG,Potato___Late_blight,Late Blight,256,256,1.0,65536,16.45,95.14,107.65,94.28,40.98,34.45,45.55,99.02,41.04,-5.83,12.94,-7.11,Diseased,Small,Dark,Green,99.02
d4d37fcb-95c0-4e20-809c-6b92e6a565f3___RS_LB 5110.JPG,PlantVillage\Potato___Late_blight\d4d37fcb-95c0-4e20-809c-6b92e6a565f3___RS_LB 5110.JPG,Potato___Late_blight,Late Blight,256,256,1.0,65536,15.2,131.0,130.26,116.35,43.81,41.52,52.71,125.87,46.76,7.7,6.59,-14.28,Diseased,Small,Moderate,Red,125.87
d50d5ba8-c809-431c-8cc1-e297bc2706f7___RS_LB 4467.JPG,PlantVillage\Potato___Late_blight\d50d5ba8-c809-431c-8cc1-e297bc2706f7___RS_LB 4467.JPG,Potato___Late_blight,Late Blight,256,256,1.0,65536,17.8,125.77,117.53,98.01,47.77,43.36,50.04,113.77,48.56,18.0,5.64,-23.64,Diseased,Small,Moderate,Red,113.77
d5a52702-2160-4f20-a1d8-49db59f83f9a___RS_LB 3213.JPG,PlantVillage\Potato___Late_blight\d5a52702-2160-4f20-a1d8-49db59f83f9a___RS_LB 3213.JPG,Potato___Late_blight,Late Blight,256,256,1.0,65536,16.51,137.8,132.46,115.5,44.46,38.46,50.73,128.59,45.83,13.81,5.81,-19.62,Diseased,Small,Moderate,Red,128.59
d5bf2575-1e57-4792-81a1-5770e701be1b___RS_LB 3209.JPG,PlantVillage\Potato___Late_blight\d5bf2575-1e57-4792-81a1-5770e701be1b___RS_LB 3209.JPG,Potato___Late_blight,Late Blight,256,256,1.0,65536,16.76,134.13,132.74,115.32,54.9,49.83,60.24,127.4,55.82,10.1,8.02,-18.12,Diseased,Small,Moderate,Red,127.4
d5f14365-91a1-41e4-95a5-9ae88c3ff4d6___RS_LB 5163.JPG,PlantVillage\Potato___Late_blight\d5f14365-91a1-41e4-95a5-9ae88c3ff4d6___RS_LB 5163.JPG,Potato___Late_blight,Late Blight,256,256,1.0,65536,15.15,109.59,119.63,110.81,43.68,38.0,47.89,113.35,43.61,-5.63,9.43,-3.8,Diseased,Small,Moderate,Green,113.34
d648ee66-d38a-4df0-8696-c6fe5490a15b___RS_LB 4144.JPG,PlantVillage\Potato___Late_blight\d648ee66-d38a-4df0-8696-c6fe5490a15b___RS_LB 4144.JPG,Potato___Late_blight,Late Blight,256,256,1.0,65536,12.27,119.42,118.41,107.9,28.91,19.78,35.51,115.24,29.26,6.26,4.75,-11.01,Diseased,Small,Moderate,Red,115.24
d66ee513-26cc-4676-8aeb-9902e0969d2b___RS_LB 3999.JPG,PlantVillage\Potato___Late_blight\d66ee513-26cc-4676-8aeb-9902e0969d2b___RS_LB 3999.JPG,Potato___Late_blight,Late Blight,256,256,1.0,65536,11.88,111.06,123.37,117.89,39.55,24.58,40.15,117.44,35.85,-9.57,8.9,0.67,Diseased,Small,Moderate,Green,117.44
d6a4ae30-77a6-458c-99e4-c817e7234aa3___RS_LB 4706.JPG,PlantVillage\Potato___Late_blight\d6a4ae30-77a6-458c-99e4-c817e7234aa3___RS_LB 4706.JPG,Potato___Late_blight,Late Blight,256,256,1.0,65536,12.44,107.04,117.64,107.72,38.87,33.27,50.73,110.8,41.88,-5.64,10.26,-4.62,Diseased,Small,Moderate,Green,110.8
d6fd274a-f184-482f-8043-b2fff10644ee___RS_LB 3962.JPG,PlantVillage\Potato___Late_blight\d6fd274a-f184-482f-8043-b2fff10644ee___RS_LB 3962.JPG,Potato___Late_blight,Late Blight,256,256,1.0,65536,15.14,131.86,131.0,114.08,36.59,27.07,43.4,125.65,37.22,9.32,8.03,-17.35,Diseased,Small,Moderate,Red,125.65
d71490c0-7315-4301-b9cd-19de9357a2f7___RS_LB 3203.JPG,PlantVillage\Potato___Late_blight\d71490c0-7315-4301-b9cd-19de9357a2f7___RS_LB 3203.JPG,Potato___Late_blight,Late Blight,256,256,1.0,65536,16.67,132.44,133.06,116.48,51.86,44.65,58.17,127.33,52.42,7.67,8.6,-16.27,Diseased,Small,Moderate,Green,127.33
d752ca70-320b-4d33-970f-8f3eead9141e___RS_LB 3166.JPG,PlantVillage\Potato___Late_blight\d752ca70-320b-4d33-970f-8f3eead9141e___RS_LB 3166.JPG,Potato___Late_blight,Late Blight,256,256,1.0,65536,19.8,131.4,128.0,113.13,47.51,43.15,51.8,124.18,48.27,10.83,5.74,-16.57,Diseased,Small,Moderate,Red,124.18
d78c58b2-c9d1-43f2-8b18-4455855c0f1f___RS_LB 3288.JPG,PlantVillage\Potato___Late_blight\d78c58b2-c9d1-43f2-8b18-4455855c0f1f___RS_LB 3288.JPG,Potato___Late_blight,Late Blight,256,256,1.0,65536,17.95,125.97,120.3,104.88,49.14,42.79,52.67,117.05,49.19,13.38,4.88,-18.25,Diseased,Small,Moderate,Red,117.05
d7e7afff-cb91-4209-bf42-ce579f273cce___RS_LB 4468.JPG,PlantVillage\Potato___Late_blight\d7e7afff-cb91-4209-bf42-ce579f273cce___RS_LB 4468.JPG,Potato___Late_blight,Late Blight,256,256,1.0,65536,16.41,126.42,123.01,100.66,51.21,41.61,56.67,116.7,51.5,14.58,9.47,-24.05,Diseased,Small,Moderate,Red,116.7
d7ef98cc-2d20-42ef-983a-5e45805a8ee6___RS_LB 3841.JPG,PlantVillage\Potato___Late_blight\d7ef98cc-2d20-42ef-983a-5e45805a8ee6___RS_LB 3841.JPG,Potato___Late_blight,Late Blight,256,256,1.0,65536,11.67,107.9,122.27,112.58,37.58,24.17,43.17,114.25,36.37,-9.53,12.03,-2.51,Diseased,Small,Moderate,Green,114.25
d7fdf2fa-8a55-4ff5-86a2-ca73c5883e93___RS_LB 4665.JPG,PlantVillage\Potato___Late_blight\d7fdf2fa-8a55-4ff5-86a2-ca73c5883e93___RS_LB 4665.JPG,Potato___Late_blight,Late Blight,256,256,1.0,65536,15.99,119.77,100.66,79.73,44.75,37.61,42.63,100.06,44.86,29.58,0.91,-30.48,Diseased,Small,Moderate,Red,100.05
d80e59e3-a88d-4c32-8dd1-a23a6fed45ae___RS_LB 2846.JPG,PlantVillage\Potato___Late_blight\d80e59e3-a88d-4c32-8dd1-a23a6fed45ae___RS_LB 2846.JPG,Potato___Late_blight,Late Blight,256,256,1.0,65536,14.5,99.89,104.74,92.14,40.63,36.12,47.59,98.93,42.04,1.44,8.73,-10.17,Diseased,Small,Dark,Green,98.92
d8580222-d6c2-4519-94f2-f59c2d613d8b___RS_LB 4158.JPG,PlantVillage\Potato___Late_blight\d8580222-d6c2-4519-94f2-f59c2d613d8b___RS_LB 4158.JPG,Potato___Late_blight,Late Blight,256,256,1.0,65536,14.09,130.12,124.48,116.04,32.46,27.65,45.7,123.55,36.55,9.86,1.4,-11.26,Diseased,Small,Moderate,Red,123.55
d879aaf6-d557-4607-b7a0-ecbb3761f152___RS_LB 4723.JPG,PlantVillage\Potato___Late_blight\d879aaf6-d557-4607-b7a0-ecbb3761f152___RS_LB 4723.JPG,Potato___Late_blight,Late Blight,256,256,1.0,65536,14.12,105.78,114.12,104.24,35.02,35.45,44.73,108.04,38.9,-3.4,9.11,-5.71,Diseased,Small,Moderate,Green,108.05
d8e3b97f-d362-4e05-8600-a103580aace4___RS_LB 4773.JPG,PlantVillage\Potato___Late_blight\d8e3b97f-d362-4e05-8600-a103580aace4___RS_LB 4773.JPG,Potato___Late_blight,Late Blight,256,256,1.0,65536,14.16,135.96,146.46,135.4,35.37,29.82,43.4,139.27,36.98,-4.97,10.78,-5.81,Diseased,Small,Moderate,Green,139.27
d8ef0e69-3dfc-4d13-8d49-a44fa9cfa62e___RS_LB 4140.JPG,PlantVillage\Potato___Late_blight\d8ef0e69-3dfc-4d13-8d49-a44fa9cfa62e___RS_LB 4140.JPG,Potato___Late_blight,Late Blight,256,256,1.0,65536,12.92,124.08,124.49,115.9,31.42,21.63,41.87,121.49,32.94,3.89,4.5,-8.39,Diseased,Small,Moderate,Green,121.49
d94eae91-7d2e-4394-b892-8c8c7fa9cf11___RS_LB 4864.JPG,PlantVillage\Potato___Late_blight\d94eae91-7d2e-4394-b892-8c8c7fa9cf11___RS_LB 4864.JPG,Potato___Late_blight,Late Blight,256,256,1.0,65536,16.48,123.78,134.31,115.44,38.61,30.89,44.82,124.51,39.3,-1.1,14.7,-13.6,Diseased,Small,Moderate,Green,124.51
d9817cc3-ef03-41e5-8892-1fddd27b7bcc___RS_LB 4878.JPG,PlantVillage\Potato___Late_blight\d9817cc3-ef03-41e5-8892-1fddd27b7bcc___RS_LB 4878.JPG,Potato___Late_blight,Late Blight,256,256,1.0,65536,16.52,129.0,135.08,115.51,36.38,28.73,43.46,126.53,37.59,3.7,12.82,-16.52,Diseased,Small,Moderate,Green,126.53
d98195f0-bdf8-4e0d-9fd5-af86cfed2a6c___RS_LB 4790.JPG,PlantVillage\Potato___Late_blight\d98195f0-bdf8-4e0d-9fd5-af86cfed2a6c___RS_LB 4790.JPG,Potato___Late_blight,Late Blight,256,256,1.0,65536,18.68,114.11,123.51,96.72,49.14,43.47,56.54,111.45,51.22,3.99,18.1,-22.09,Diseased,Small,Moderate,Green,111.45
d992e6d3-25c9-4bbb-a806-8bc1455e5c40___RS_LB 4968.JPG,PlantVillage\Potato___Late_blight\d992e6d3-25c9-4bbb-a806-8bc1455e5c40___RS_LB 4968.JPG,Potato___Late_blight,Late Blight,256,256,1.0,65536,17.69,137.97,131.63,119.26,44.52,43.7,52.39,129.62,47.67,12.52,3.02,-15.54,Diseased,Small,Moderate,Red,129.62
d994fd7e-a338-42c5-ac37-ede01c18999e___RS_LB 5134.JPG,PlantVillage\Potato___Late_blight\d994fd7e-a338-42c5-ac37-ede01c18999e___RS_LB 5134.JPG,Potato___Late_blight,Late Blight,256,256,1.0,65536,16.3,108.64,113.65,108.64,35.16,30.7,41.53,110.31,36.15,-2.51,5.02,-2.51,Diseased,Small,Moderate,Green,110.31
d99f0d05-6ee3-440c-9dc6-48f7ba2bfc24___RS_LB 2654.JPG,PlantVillage\Potato___Late_blight\d99f0d05-6ee3-440c-9dc6-48f7ba2bfc24___RS_LB 2654.JPG,Potato___Late_blight,Late Blight,256,256,1.0,65536,19.71,115.74,116.14,96.47,53.32,47.76,59.22,109.45,54.42,9.43,10.04,-19.47,Diseased,Small,Moderate,Green,109.45
da16cb94-4f1d-4390-b446-19eac2110115___RS_LB 2912.JPG,PlantVillage\Potato___Late_blight\da16cb94-4f1d-4390-b446-19eac2110115___RS_LB 2912.JPG,Potato___Late_blight,Late Blight,256,256,1.0,65536,16.31,107.94,111.0,103.75,45.91,39.7,52.05,107.56,46.26,0.56,5.16,-5.72,Diseased,Small,Moderate,Green,107.56
dac19eb9-e4e3-4ca1-8183-268b839901c4___RS_LB 5208.JPG,PlantVillage\Potato___Late_blight\dac19eb9-e4e3-4ca1-8183-268b839901c4___RS_LB 5208.JPG,Potato___Late_blight,Late Blight,256,256,1.0,65536,14.52,115.74,121.51,108.95,37.54,28.1,44.29,115.4,37.59,0.51,9.17,-9.68,Diseased,Small,Moderate,Green,115.4
dac53cd2-477e-4f7b-a59d-bb9018eec686___RS_LB 2879.JPG,PlantVillage\Potato___Late_blight\dac53cd2-477e-4f7b-a59d-bb9018eec686___RS_LB 2879.JPG,Potato___Late_blight,Late Blight,256,256,1.0,65536,15.99,106.37,99.1,90.28,43.81,43.15,50.33,98.58,46.35,11.68,0.77,-12.45,Diseased,Small,Dark,Red,98.58
dae7db93-d197-4616-a16b-5dcc59058bc2___RS_LB 3178.JPG,PlantVillage\Potato___Late_blight\dae7db93-d197-4616-a16b-5dcc59058bc2___RS_LB 3178.JPG,Potato___Late_blight,Late Blight,256,256,1.0,65536,18.83,131.53,133.67,119.85,50.98,43.16,54.14,128.35,50.01,4.78,7.98,-12.76,Diseased,Small,Moderate,Green,128.35
db973ce3-7198-4ae8-910a-bb1a3046e353___RS_LB 5152.JPG,PlantVillage\Potato___Late_blight\db973ce3-7198-4ae8-910a-bb1a3046e353___RS_LB 5152.JPG,Potato___Late_blight,Late Blight,256,256,1.0,65536,14.4,117.06,120.81,106.06,37.48,33.58,48.08,114.64,40.67,3.63,9.25,-12.88,Diseased,Small,Moderate,Green,114.64
dbad8fb5-90a0-4bcc-902e-7b7b632d0233___RS_LB 4036.JPG,PlantVillage\Potato___Late_blight\dbad8fb5-90a0-4bcc-902e-7b7b632d0233___RS_LB 4036.JPG,Potato___Late_blight,Late Blight,256,256,1.0,65536,12.07,96.27,107.1,93.69,31.53,24.2,38.17,99.02,32.34,-4.13,12.12,-7.99,Diseased,Small,Dark,Green,99.02
dbbd22b5-a565-470a-9e72-2c7d7c26dbe5___RS_LB 4932.JPG,PlantVillage\Potato___Late_blight\dbbd22b5-a565-470a-9e72-2c7d7c26dbe5___RS_LB 4932.JPG,Potato___Late_blight,Late Blight,256,256,1.0,65536,18.23,125.13,127.3,111.58,41.46,37.26,46.06,121.34,42.33,5.7,8.94,-14.64,Diseased,Small,Moderate,Green,121.34
dc0ad08c-a096-4ad2-9a69-597c10e12f71___RS_LB 4869.JPG,PlantVillage\Potato___Late_blight\dc0ad08c-a096-4ad2-9a69-597c10e12f71___RS_LB 4869.JPG,Potato___Late_blight,Late Blight,256,256,1.0,65536,16.05,134.1,136.8,119.84,38.23,29.19,44.67,130.25,38.62,5.78,9.83,-15.61,Diseased,Small,Moderate,Green,130.25
dc289122-aa0d-454b-b617-16824440fce4___RS_LB 2959.JPG,PlantVillage\Potato___Late_blight\dc289122-aa0d-454b-b617-16824440fce4___RS_LB 2959.JPG,Potato___Late_blight,Late Blight,256,256,1.0,65536,16.77,112.14,110.53,99.54,45.29,43.44,51.72,107.4,47.29,7.11,4.69,-11.8,Diseased,Small,Moderate,Red,107.4
dce12e0f-6f9d-4c29-ad7a-5e8216b690e0___RS_LB 4721.JPG,PlantVillage\Potato___Late_blight\dce12e0f-6f9d-4c29-ad7a-5e8216b690e0___RS_LB 4721.JPG,Potato___Late_blight,Late Blight,256,256,1.0,65536,13.84,98.68,108.12,93.72,35.12,32.81,45.41,100.17,38.64,-2.24,11.93,-9.68,Diseased,Small,Moderate,Green,100.17
dcf61d08-eda8-41c1-9293-43895d68b426___RS_LB 4372.JPG,PlantVillage\Potato___Late_blight\dcf61d08-eda8-41c1-9293-43895d68b426___RS_LB 4372.JPG,Potato___Late_blight,Late Blight,256,256,1.0,65536,13.99,138.74,125.51,108.99,46.72,42.06,48.31,124.41,47.36,21.48,1.65,-23.13,Diseased,Small,Moderate,Red,124.41
dcfa79c3-b0d0-4dd0-9796-5d529948b88e___RS_LB 5437.JPG,PlantVillage\Potato___Late_blight\dcfa79c3-b0d0-4dd0-9796-5d529948b88e___RS_LB 5437.JPG,Potato___Late_blight,Late Blight,256,256,1.0,65536,15.02,101.74,115.19,103.94,40.26,34.17,42.84,106.95,39.7,-7.82,12.35,-4.52,Diseased,Small,Moderate,Green,106.96
dd08ad51-110b-4de0-bfbb-862e53a6165c___RS_LB 4542.JPG,PlantVillage\Potato___Late_blight\dd08ad51-110b-4de0-bfbb-862e53a6165c___RS_LB 4542.JPG,Potato___Late_blight,Late Blight,256,256,1.0,65536,18.84,126.06,108.19,93.37,43.66,42.82,43.02,109.21,45.19,25.28,-1.52,-23.76,Diseased,Small,Moderate,Red,109.21
dd36e5d1-434f-41ce-8f7b-6528e9adc77d___RS_LB 4060.JPG,PlantVillage\Potato___Late_blight\dd36e5d1-434f-41ce-8f7b-6528e9adc77d___RS_LB 4060.JPG,Potato___Late_blight,Late Blight,256,256,1.0,65536,12.44,102.56,110.5,104.09,36.07,24.28,38.39,105.72,33.66,-4.74,7.17,-2.44,Diseased,Small,Moderate,Green,105.72
dd55ba8d-a425-4b06-9996-bbf315d71e6e___RS_LB 2737.JPG,PlantVillage\Potato___Late_blight\dd55ba8d-a425-4b06-9996-bbf315d71e6e___RS_LB 2737.JPG,Potato___Late_blight,Late Blight,256,256,1.0,65536,18.62,122.54,107.93,101.15,49.1,48.13,52.7,110.54,50.8,18.01,-3.92,-14.08,Diseased,Small,Moderate,Red,110.54
dd730e05-5196-46f4-9e7b-0c01a9fdaa1b___RS_LB 3321.JPG,PlantVillage\Potato___Late_blight\dd730e05-5196-46f4-9e7b-0c01a9fdaa1b___RS_LB 3321.JPG,Potato___Late_blight,Late Blight,256,256,1.0,65536,17.8,127.08,124.03,109.52,54.26,50.55,59.08,120.21,55.28,10.31,5.73,-16.04,Diseased,Small,Moderate,Red,120.21
dd9b9122-fd29-4986-9dc3-330d4a48ccc3___RS_LB 5290.JPG,PlantVillage\Potato___Late_blight\dd9b9122-fd29-4986-9dc3-330d4a48ccc3___RS_LB 5290.JPG,Potato___Late_blight,Late Blight,256,256,1.0,65536,14.46,104.02,116.26,97.37,42.45,32.87,49.12,105.88,42.73,-2.8,15.57,-12.77,Diseased,Small,Moderate,Green,105.88
de0ae213-3479-4f07-b7f8-d59607a2caa8___RS_LB 2528.JPG,PlantVillage\Potato___Late_blight\de0ae213-3479-4f07-b7f8-d59607a2caa8___RS_LB 2528.JPG,Potato___Late_blight,Late Blight,256,256,1.0,65536,16.8,105.85,107.74,99.84,40.62,34.15,43.83,104.48,39.88,2.07,4.89,-6.96,Diseased,Small,Moderate,Green,104.48
de282779-9d54-4b8f-8292-e06c3e020e16___RS_LB 3971.JPG,PlantVillage\Potato___Late_blight\de282779-9d54-4b8f-8292-e06c3e020e16___RS_LB 3971.JPG,Potato___Late_blight,Late Blight,256,256,1.0,65536,15.19,117.95,116.64,99.27,35.98,29.36,37.1,111.29,35.36,10.0,8.03,-18.03,Diseased,Small,Moderate,Red,111.29
de54e40d-4c5f-48d9-9b6d-bc96bde09898___RS_LB 4086.JPG,PlantVillage\Potato___Late_blight\de54e40d-4c5f-48d9-9b6d-bc96bde09898___RS_LB 4086.JPG,Potato___Late_blight,Late Blight,256,256,1.0,65536,13.72,94.48,104.83,96.32,38.11,23.99,37.65,98.55,34.19,-6.1,9.43,-3.33,Diseased,Small,Dark,Green,98.54
de63bbba-d8d0-4e74-95d7-6d5adfcd0955___RS_LB 3222.JPG,PlantVillage\Potato___Late_blight\de63bbba-d8d0-4e74-95d7-6d5adfcd0955___RS_LB 3222.JPG,Potato___Late_blight,Late Blight,256,256,1.0,65536,19.43,130.53,119.17,106.88,54.56,49.35,58.08,118.86,54.97,17.51,0.46,-17.97,Diseased,Small,Moderate,Red,118.86
def9c9e1-fd12-44d9-92ae-18c5ff0f52da___RS_LB 2605.JPG,PlantVillage\Potato___Late_blight\def9c9e1-fd12-44d9-92ae-18c5ff0f52da___RS_LB 2605.JPG,Potato___Late_blight,Late Blight,256,256,1.0,65536,15.21,105.72,109.26,104.08,38.18,35.41,43.64,106.36,39.29,-0.95,4.36,-3.41,Diseased,Small,Moderate,Green,106.35
df0f75cf-febd-4fde-84a0-7c4da9f97fd2___RS_LB 2534.JPG,PlantVillage\Potato___Late_blight\df0f75cf-febd-4fde-84a0-7c4da9f97fd2___RS_LB 2534.JPG,Potato___Late_blight,Late Blight,256,256,1.0,65536,18.7,131.27,130.14,115.06,44.05,39.63,49.31,125.49,45.11,8.67,6.98,-15.64,Diseased,Small,Moderate,Red,125.49
df40ffa7-8efd-4720-8786-a30b9011dcfc___RS_LB 4150.JPG,PlantVillage\Potato___Late_blight\df40ffa7-8efd-4720-8786-a30b9011dcfc___RS_LB 4150.JPG,Potato___Late_blight,Late Blight,256,256,1.0,65536,13.55,107.84,115.39,94.23,33.54,21.52,41.89,105.82,34.51,3.03,14.35,-17.38,Diseased,Small,Moderate,Green,105.82
df5eb1ff-9261-45ab-ae3f-bf942cdf1a72___RS_LB 2947.JPG,PlantVillage\Potato___Late_blight\df5eb1ff-9261-45ab-ae3f-bf942cdf1a72___RS_LB 2947.JPG,Potato___Late_blight,Late Blight,256,256,1.0,65536,15.31,110.2,115.42,106.74,41.98,40.36,48.63,110.79,43.95,-0.89,6.95,-6.07,Diseased,Small,Moderate,Green,110.79
df60df5b-a619-4b38-926d-6372c0f6329a___RS_LB 5308.JPG,PlantVillage\Potato___Late_blight\df60df5b-a619-4b38-926d-6372c0f6329a___RS_LB 5308.JPG,Potato___Late_blight,Late Blight,256,256,1.0,65536,17.75,124.43,127.95,113.06,42.71,39.75,47.61,121.81,43.94,3.93,9.2,-13.13,Diseased,Small,Moderate,Green,121.81
df6898c4-f3a1-4ff2-8f44-3bc45a8d4ec5___RS_LB 3316.JPG,PlantVillage\Potato___Late_blight\df6898c4-f3a1-4ff2-8f44-3bc45a8d4ec5___RS_LB 3316.JPG,Potato___Late_blight,Late Blight,256,256,1.0,65536,17.1,133.76,133.72,119.75,49.5,45.92,54.21,129.08,50.42,7.02,6.96,-13.99,Diseased,Small,Moderate,Red,129.08
df919a28-9f11-42f6-823c-15f70bf1325e___RS_LB 4936.JPG,PlantVillage\Potato___Late_blight\df919a28-9f11-42f6-823c-15f70bf1325e___RS_LB 4936.JPG,Potato___Late_blight,Late Blight,256,256,1.0,65536,16.54,121.69,124.22,107.67,38.43,30.6,45.21,117.86,39.23,5.75,9.54,-15.29,Diseased,Small,Moderate,Green,117.86
dfa65276-0450-4a57-ba94-25384d378f22___RS_LB 4065.JPG,PlantVillage\Potato___Late_blight\dfa65276-0450-4a57-ba94-25384d378f22___RS_LB 4065.JPG,Potato___Late_blight,Late Blight,256,256,1.0,65536,12.57,99.38,109.61,97.97,34.45,20.84,39.83,102.32,33.11,-4.41,10.93,-6.52,Diseased,Small,Moderate,Green,102.32
e01f9ba8-74b9-48d8-b96c-ac48463a4d29___RS_LB 2857.JPG,PlantVillage\Potato___Late_blight\e01f9ba8-74b9-48d8-b96c-ac48463a4d29___RS_LB 2857.JPG,Potato___Late_blight,Late Blight,256,256,1.0,65536,15.13,102.4,106.98,95.82,37.61,30.77,40.39,101.73,36.76,1.0,7.87,-8.87,Diseased,Small,Moderate,Green,101.73
e0460bd7-100c-411f-ae0b-f69bfe360313___RS_LB 5310.JPG,PlantVillage\Potato___Late_blight\e0460bd7-100c-411f-ae0b-f69bfe360313___RS_LB 5310.JPG,Potato___Late_blight,Late Blight,256,256,1.0,65536,16.55,117.8,120.99,102.53,40.54,36.41,46.83,113.77,42.26,6.04,10.82,-16.86,Diseased,Small,Moderate,Green,113.77
e08c2b56-3a54-4fcc-b814-85c55020278b___RS_LB 3991.JPG,PlantVillage\Potato___Late_blight\e08c2b56-3a54-4fcc-b814-85c55020278b___RS_LB 3991.JPG,Potato___Late_blight,Late Blight,256,256,1.0,65536,15.88,109.08,119.91,98.08,44.39,28.8,45.72,109.02,41.35,0.09,16.33,-16.42,Diseased,Small,Moderate,Green,109.02
e0a085c0-20e4-4e36-87db-49f0b58fa349___RS_LB 4324.JPG,PlantVillage\Potato___Late_blight\e0a085c0-20e4-4e36-87db-49f0b58fa349___RS_LB 4324.JPG,Potato___Late_blight,Late Blight,256,256,1.0,65536,22.46,130.3,115.07,101.74,40.97,38.95,44.26,115.7,43.06,21.9,-0.95,-20.95,Diseased,Small,Moderate,Red,115.7
e0a559bf-6345-4c5a-8b42-5545b52a2f1b___RS_LB 5456.JPG,PlantVillage\Potato___Late_blight\e0a559bf-6345-4c5a-8b42-5545b52a2f1b___RS_LB 5456.JPG,Potato___Late_blight,Late Blight,256,256,1.0,65536,16.67,128.5,132.82,100.23,40.66,33.15,51.13,120.52,44.7,11.97,18.46,-30.43,Diseased,Small,Moderate,Green,120.52
e0c879c8-ebf3-43d0-9693-7a747fb5ba75___RS_LB 3956.JPG,PlantVillage\Potato___Late_blight\e0c879c8-ebf3-43d0-9693-7a747fb5ba75___RS_LB 3956.JPG,Potato___Late_blight,Late Blight,256,256,1.0,65536,17.09,112.15,115.83,99.33,42.25,33.65,46.06,109.1,41.59,4.57,10.09,-14.66,Diseased,Small,Moderate,Green,109.1
e0d0ea5a-242d-4d1c-9df1-0cc592d75e48___RS_LB 3011.JPG,PlantVillage\Potato___Late_blight\e0d0ea5a-242d-4d1c-9df1-0cc592d75e48___RS_LB 3011.JPG,Potato___Late_blight,Late Blight,256,256,1.0,65536,18.28,126.97,133.37,113.45,51.34,42.38,56.8,124.6,51.2,3.56,13.17,-16.72,Diseased,Small,Moderate,Green,124.6
e0e15d89-8c3b-43f5-8617-136b720e39cd___RS_LB 2668.JPG,PlantVillage\Potato___Late_blight\e0e15d89-8c3b-43f5-8617-136b720e39cd___RS_LB 2668.JPG,Potato___Late_blight,Late Blight,256,256,1.0,65536,17.61,117.26,117.28,107.48,48.81,43.52,57.03,114.01,50.31,4.88,4.91,-9.8,Diseased,Small,Moderate,Green,114.01
e10ce839-9da1-4f23-9b5e-c5483f6eabbd___RS_LB 5328.JPG,PlantVillage\Potato___Late_blight\e10ce839-9da1-4f23-9b5e-c5483f6eabbd___RS_LB 5328.JPG,Potato___Late_blight,Late Blight,256,256,1.0,65536,13.26,115.18,120.41,111.44,38.33,35.69,46.84,115.68,40.73,-0.74,7.1,-6.35,Diseased,Small,Moderate,Green,115.68
e1197d2d-980a-45b1-9ab1-5b7cc36660bc___RS_LB 3885.JPG,PlantVillage\Potato___Late_blight\e1197d2d-980a-45b1-9ab1-5b7cc36660bc___RS_LB 3885.JPG,Potato___Late_blight,Late Blight,256,256,1.0,65536,13.87,109.13,118.1,98.95,40.79,32.82,44.91,108.72,40.58,0.6,14.06,-14.66,Diseased,Small,Moderate,Green,108.73
e12ede80-8428-4424-b95d-5d3267d112a8___RS_LB 3079.JPG,PlantVillage\Potato___Late_blight\e12ede80-8428-4424-b95d-5d3267d112a8___RS_LB 3079.JPG,Potato___Late_blight,Late Blight,256,256,1.0,65536,18.95,115.16,108.21,95.85,48.7,47.13,54.22,106.41,50.74,13.13,2.71,-15.84,Diseased,Small,Moderate,Red,106.41
e19d0007-3013-419d-a46a-0b1919f05cc4___RS_LB 4057.JPG,PlantVillage\Potato___Late_blight\e19d0007-3013-419d-a46a-0b1919f05cc4___RS_LB 4057.JPG,Potato___Late_blight,Late Blight,256,256,1.0,65536,12.27,97.8,108.89,98.26,40.21,27.27,42.76,101.65,37.71,-5.77,10.86,-5.09,Diseased,Small,Moderate,Green,101.65
e231f522-dd72-4fbd-94b4-5b4d7b935269___RS_LB 4131.JPG,PlantVillage\Potato___Late_blight\e231f522-dd72-4fbd-94b4-5b4d7b935269___RS_LB 4131.JPG,Potato___Late_blight,Late Blight,256,256,1.0,65536,11.98,103.01,109.71,105.03,37.7,25.38,42.91,105.92,36.2,-4.36,5.69,-1.34,Diseased,Small,Moderate,Green,105.92
e2326741-ee59-4e3c-86bf-9e81ccf50b6b___RS_LB 4147.JPG,PlantVillage\Potato___Late_blight\e2326741-ee59-4e3c-86bf-9e81ccf50b6b___RS_LB 4147.JPG,Potato___Late_blight,Late Blight,256,256,1.0,65536,13.33,102.15,113.43,87.46,30.43,22.03,37.24,101.01,32.34,1.7,18.63,-20.33,Diseased,Small,Moderate,Green,101.01
e25a378e-0aa3-4ac6-b0b1-281a500b9502___RS_LB 4835.JPG,PlantVillage\Potato___Late_blight\e25a378e-0aa3-4ac6-b0b1-281a500b9502___RS_LB 4835.JPG,Potato___Late_blight,Late Blight,256,256,1.0,65536,18.09,130.21,131.1,112.35,39.12,33.87,46.14,124.55,40.95,8.49,9.82,-18.31,Diseased,Small,Moderate,Green,124.55
e25e57fb-41d5-4f46-92f7-ce841bd97374___RS_LB 5448.JPG,PlantVillage\Potato___Late_blight\e25e57fb-41d5-4f46-92f7-ce841bd97374___RS_LB 5448.JPG,Potato___Late_blight,Late Blight,256,256,1.0,65536,14.4,100.09,111.96,96.01,38.13,34.4,43.11,102.69,39.3,-3.89,13.9,-10.01,Diseased,Small,Moderate,Green,102.69
e26ad557-11c8-44fd-aad1-dea51c613742___RS_LB 5115.JPG,PlantVillage\Potato___Late_blight\e26ad557-11c8-44fd-aad1-dea51c613742___RS_LB 5115.JPG,Potato___Late_blight,Late Blight,256,256,1.0,65536,14.82,121.82,124.12,116.15,46.31,45.93,53.82,120.7,48.94,1.69,5.13,-6.82,Diseased,Small,Moderate,Green,120.7
e28b4ead-09f5-4e34-a162-0e0268f53763___RS_LB 2583.JPG,PlantVillage\Potato___Late_blight\e28b4ead-09f5-4e34-a162-0e0268f53763___RS_LB 2583.JPG,Potato___Late_blight,Late Blight,256,256,1.0,65536,17.85,126.29,127.36,111.43,52.26,42.28,54.99,121.7,50.67,6.9,8.5,-15.39,Diseased,Small,Moderate,Green,121.69
e2ce6696-9f6e-445c-a6c6-c765d659447a___RS_LB 4960.JPG,PlantVillage\Potato___Late_blight\e2ce6696-9f6e-445c-a6c6-c765d659447a___RS_LB 4960.JPG,Potato___Late_blight,Late Blight,256,256,1.0,65536,17.78,128.2,134.71,116.45,43.23,37.88,49.71,126.45,44.52,2.62,12.38,-15.01,Diseased,Small,Moderate,Green,126.45
e2d4d58b-8754-4c63-b888-8355ddbcb989___RS_LB 4863.JPG,PlantVillage\Potato___Late_blight\e2d4d58b-8754-4c63-b888-8355ddbcb989___RS_LB 4863.JPG,Potato___Late_blight,Late Blight,256,256,1.0,65536,14.23,111.74,123.02,106.31,37.4,29.15,44.45,113.69,38.17,-2.93,14.0,-11.07,Diseased,Small,Moderate,Green,113.69
e36ccebd-29c6-466d-b46f-41fa38f6e9c0___RS_LB 5047.JPG,PlantVillage\Potato___Late_blight\e36ccebd-29c6-466d-b46f-41fa38f6e9c0___RS_LB 5047.JPG,Potato___Late_blight,Late Blight,256,256,1.0,65536,17.14,118.77,117.96,101.56,37.74,31.15,43.72,112.77,38.71,9.01,7.8,-16.81,Diseased,Small,Moderate,Red,112.76
e3d4df7f-f184-453e-8a99-3cb0de5a2488___RS_LB 3959.JPG,PlantVillage\Potato___Late_blight\e3d4df7f-f184-453e-8a99-3cb0de5a2488___RS_LB 3959.JPG,Potato___Late_blight,Late Blight,256,256,1.0,65536,15.11,125.9,126.4,110.47,37.4,29.87,42.64,120.92,37.74,7.46,8.22,-15.67,Diseased,Small,Moderate,Green,120.92
e40a1e10-fca8-4831-b124-48bc07f92eb1___RS_LB 2897.JPG,PlantVillage\Potato___Late_blight\e40a1e10-fca8-4831-b124-48bc07f92eb1___RS_LB 2897.JPG,Potato___Late_blight,Late Blight,256,256,1.0,65536,15.11,100.68,100.61,88.51,38.25,34.83,45.7,96.6,40.26,6.12,6.02,-12.14,Diseased,Small,Dark,Red,96.6
e439b96c-2ff6-4d53-b8f0-1ed720536b0c___RS_LB 4449.JPG,PlantVillage\Potato___Late_blight\e439b96c-2ff6-4d53-b8f0-1ed720536b0c___RS_LB 4449.JPG,Potato___Late_blight,Late Blight,256,256,1.0,65536,15.86,113.15,124.28,100.76,35.97,37.32,45.6,112.73,41.0,0.63,17.33,-17.96,Diseased,Small,Moderate,Green,112.73
e465af98-028c-4222-b300-d9688b613d89___RS_LB 5137.JPG,PlantVillage\Potato___Late_blight\e465af98-028c-4222-b300-d9688b613d89___RS_LB 5137.JPG,Potato___Late_blight,Late Blight,256,256,1.0,65536,15.52,98.39,102.38,95.94,37.98,31.5,44.68,98.91,38.52,-0.77,5.22,-4.45,Diseased,Small,Dark,Green,98.9
e4735c8f-e6da-46a1-b0fe-b1d2355a1bd4___RS_LB 2796.JPG,PlantVillage\Potato___Late_blight\e4735c8f-e6da-46a1-b0fe-b1d2355a1bd4___RS_LB 2796.JPG,Potato___Late_blight,Late Blight,256,256,1.0,65536,18.97,122.88,117.42,105.04,45.2,41.54,49.79,115.11,46.24,11.65,3.46,-15.11,Diseased,Small,Moderate,Red,115.11
e47b3a9a-24ea-460a-8a8f-4fc9814a072e___RS_LB 3314.JPG,PlantVillage\Potato___Late_blight\e47b3a9a-24ea-460a-8a8f-4fc9814a072e___RS_LB 3314.JPG,Potato___Late_blight,Late Blight,256,256,1.0,65536,18.35,94.45,97.76,85.41,48.8,40.01,49.15,92.54,46.48,2.87,7.83,-10.7,Diseased,Small,Dark,Green,92.54
e48ffe4c-d920-4559-83ab-62d9d881d787___RS_LB 4129.JPG,PlantVillage\Potato___Late_blight\e48ffe4c-d920-4559-83ab-62d9d881d787___RS_LB 4129.JPG,Potato___Late_blight,Late Blight,256,256,1.0,65536,11.94,106.12,115.06,105.57,41.08,29.38,44.33,108.92,39.04,-4.19,9.21,-5.02,Diseased,Small,Moderate,Green,108.92
e4a264b9-fbae-4f38-86ce-d0a7d70e92e1___RS_LB 5211.JPG,PlantVillage\Potato___Late_blight\e4a264b9-fbae-4f38-86ce-d0a7d70e92e1___RS_LB 5211.JPG,Potato___Late_blight,Late Blight,256,256,1.0,65536,14.05,107.52,116.53,98.31,32.02,24.7,38.47,107.46,33.07,0.1,13.61,-13.72,Diseased,Small,Moderate,Green,107.45
e4d454e4-c1e4-4597-8e76-77a93465b41d___RS_LB 2868.JPG,PlantVillage\Potato___Late_blight\e4d454e4-c1e4-4597-8e76-77a93465b41d___RS_LB 2868.JPG,Potato___Late_blight,Late Blight,256,256,1.0,65536,15.04,121.03,122.52,89.53,33.71,35.83,47.37,111.02,42.26,15.0,17.24,-32.24,Diseased,Small,Moderate,Green,111.03
e575421c-a9d4-4c0e-8027-b12fca1e3ac9___RS_LB 2806.JPG,PlantVillage\Potato___Late_blight\e575421c-a9d4-4c0e-8027-b12fca1e3ac9___RS_LB 2806.JPG,Potato___Late_blight,Late Blight,256,256,1.0,65536,17.84,110.14,117.59,103.98,39.31,38.54,42.37,110.57,40.49,-0.64,10.52,-9.88,Diseased,Small,Moderate,Green,110.57
e6d7f5aa-d176-4e43-9e0c-afc2901442f6___RS_LB 3066.JPG,PlantVillage\Potato___Late_blight\e6d7f5aa-d176-4e43-9e0c-afc2901442f6___RS_LB 3066.JPG,Potato___Late_blight,Late Blight,256,256,1.0,65536,16.9,108.09,108.98,99.24,43.03,43.4,50.5,105.44,45.98,3.97,5.32,-9.29,Diseased,Small,Moderate,Green,105.44
e71a27b3-20d5-40e8-ad01-4c1942d46654___RS_LB 4085.JPG,PlantVillage\Potato___Late_blight\e71a27b3-20d5-40e8-ad01-4c1942d46654___RS_LB 4085.JPG,Potato___Late_blight,Late Blight,256,256,1.0,65536,13.72,100.11,111.12,102.59,40.27,25.91,39.6,104.61,36.19,-6.74,9.77,-3.03,Diseased,Small,Moderate,Green,104.61
e749122f-0dcc-4613-87a9-5347a51a7b58___RS_LB 4409.JPG,PlantVillage\Potato___Late_blight\e749122f-0dcc-4613-87a9-5347a51a7b58___RS_LB 4409.JPG,Potato___Late_blight,Late Blight,256,256,1.0,65536,14.25,118.88,112.38,87.75,54.34,45.49,58.16,106.34,54.6,18.82,9.06,-27.88,Diseased,Small,Moderate,Red,106.34
e766a563-c87a-4d14-ae00-898ce62e15d4___RS_LB 5123.JPG,PlantVillage\Potato___Late_blight\e766a563-c87a-4d14-ae00-898ce62e15d4___RS_LB 5123.JPG,Potato___Late_blight,Late Blight,256,256,1.0,65536,14.02,113.07,120.77,118.64,42.86,35.91,45.17,117.49,41.63,-6.64,4.92,1.72,Diseased,Small,Moderate,Green,117.49
e7e39ba3-b9af-4d5f-afb1-aea45e13446a___RS_LB 2876.JPG,PlantVillage\Potato___Late_blight\e7e39ba3-b9af-4d5f-afb1-aea45e13446a___RS_LB 2876.JPG,Potato___Late_blight,Late Blight,256,256,1.0,65536,16.87,108.52,101.21,93.55,45.56,45.64,52.2,101.09,48.29,11.14,0.17,-11.31,Diseased,Small,Moderate,Red,101.09
e8040f51-18ed-43ec-9fa3-b5eb972f4fec___RS_LB 2527.JPG,PlantVillage\Potato___Late_blight\e8040f51-18ed-43ec-9fa3-b5eb972f4fec___RS_LB 2527.JPG,Potato___Late_blight,Late Blight,256,256,1.0,65536,17.33,121.94,126.32,106.24,40.42,33.14,45.63,118.17,40.98,5.65,12.23,-17.89,Diseased,Small,Moderate,Green,118.17
e9429874-1098-43af-bc38-0acc0b93f4f9___RS_LB 2682.JPG,PlantVillage\Potato___Late_blight\e9429874-1098-43af-bc38-0acc0b93f4f9___RS_LB 2682.JPG,Potato___Late_blight,Late Blight,256,256,1.0,65536,18.08,132.31,127.0,115.56,46.42,41.2,50.62,124.96,46.76,11.03,3.06,-14.09,Diseased,Small,Moderate,Red,124.96
e956d757-4016-4d20-96a6-6844787ddc46___RS_LB 4815.JPG,PlantVillage\Potato___Late_blight\e956d757-4016-4d20-96a6-6844787ddc46___RS_LB 4815.JPG,Potato___Late_blight,Late Blight,256,256,1.0,65536,19.96,129.58,127.95,109.02,43.87,41.66,54.07,122.18,47.77,11.09,8.65,-19.74,Diseased,Small,Moderate,Red,122.18
e95f2954-1b68-490d-9684-90b3080676b1___RS_LB 3997.JPG,PlantVillage\Potato___Late_blight\e95f2954-1b68-490d-9684-90b3080676b1___RS_LB 3997.JPG,Potato___Late_blight,Late Blight,256,256,1.0,65536,10.79,100.02,112.14,106.71,35.8,21.62,37.95,106.29,32.98,-9.4,8.78,0.63,Diseased,Small,Moderate,Green,106.29
e9642678-b019-4ac2-a960-66fcccb2ccaa___RS_LB 2948.JPG,PlantVillage\Potato___Late_blight\e9642678-b019-4ac2-a960-66fcccb2ccaa___RS_LB 2948.JPG,Potato___Late_blight,Late Blight,256,256,1.0,65536,15.58,89.59,93.23,84.48,34.04,30.53,39.2,89.1,34.96,0.73,6.2,-6.93,Diseased,Small,Dark,Green,89.1
e986907b-6948-4c72-93d3-29cb795cc9a1___RS_LB 3837.JPG,PlantVillage\Potato___Late_blight\e986907b-6948-4c72-93d3-29cb795cc9a1___RS_LB 3837.JPG,Potato___Late_blight,Late Blight,256,256,1.0,65536,10.43,89.04,107.06,90.91,36.17,19.55,39.28,95.67,33.81,-9.94,17.08,-7.14,Diseased,Small,Dark,Green,95.67
e9cc84b7-fc38-4e65-a129-c7a63df76780___RS_LB 2705.JPG,PlantVillage\Potato___Late_blight\e9cc84b7-fc38-4e65-a129-c7a63df76780___RS_LB 2705.JPG,Potato___Late_blight,Late Blight,256,256,1.0,65536,17.3,123.88,123.5,104.75,46.31,37.02,49.54,117.38,45.49,9.75,9.18,-18.94,Diseased,Small,Moderate,Red,117.38
ea06da1e-81c9-4e2e-8266-1f3d56914ff3___RS_LB 2701.JPG,PlantVillage\Potato___Late_blight\ea06da1e-81c9-4e2e-8266-1f3d56914ff3___RS_LB 2701.JPG,Potato___Late_blight,Late Blight,256,256,1.0,65536,15.64,124.18,128.84,109.14,49.7,43.98,54.04,120.72,50.12,5.19,12.18,-17.37,Diseased,Small,Moderate,Green,120.72
ea2bb076-a483-4570-88ac-8ab236d4bb92___RS_LB 2503.JPG,PlantVillage\Potato___Late_blight\ea2bb076-a483-4570-88ac-8ab236d4bb92___RS_LB 2503.JPG,Potato___Late_blight,Late Blight,256,256,1.0,65536,13.8,119.11,117.63,98.97,36.6,29.73,42.96,111.9,37.95,10.81,8.59,-19.39,Diseased,Small,Moderate,Red,111.9
ea350085-28c1-4fc0-9fb9-386536cb971e___RS_LB 4890.JPG,PlantVillage\Potato___Late_blight\ea350085-28c1-4fc0-9fb9-386536cb971e___RS_LB 4890.JPG,Potato___Late_blight,Late Blight,256,256,1.0,65536,17.6,136.6,136.93,122.94,42.61,36.95,48.13,132.15,43.3,6.66,7.16,-13.83,Diseased,Small,Moderate,Green,132.16
ea356b9c-9090-4f0d-9083-d1f63c77372d___RS_LB 2800.JPG,PlantVillage\Potato___Late_blight\ea356b9c-9090-4f0d-9083-d1f63c77372d___RS_LB 2800.JPG,Potato___Late_blight,Late Blight,256,256,1.0,65536,19.33,115.02,113.92,97.53,42.97,34.6,45.72,108.83,42.13,9.3,7.65,-16.94,Diseased,Small,Moderate,Red,108.82
ea542556-e7f6-416c-8451-149916f4574e___RS_LB 3086.JPG,PlantVillage\Potato___Late_blight\ea542556-e7f6-416c-8451-149916f4574e___RS_LB 3086.JPG,Potato___Late_blight,Late Blight,256,256,1.0,65536,14.33,113.19,109.47,108.08,39.42,38.83,46.97,110.25,41.96,4.42,-1.17,-3.25,Diseased,Small,Moderate,Red,110.25
ea5fc080-37a7-4954-ba8c-a5d67b6a0962___RS_LB 2888.JPG,PlantVillage\Potato___Late_blight\ea5fc080-37a7-4954-ba8c-a5d67b6a0962___RS_LB 2888.JPG,Potato___Late_blight,Late Blight,256,256,1.0,65536,14.97,107.88,114.27,94.69,44.63,37.48,48.62,105.62,44.57,3.4,12.98,-16.39,Diseased,Small,Moderate,Green,105.61
ea620852-7590-4d82-8349-1470cb1fe3a8___RS_LB 2719.JPG,PlantVillage\Potato___Late_blight\ea620852-7590-4d82-8349-1470cb1fe3a8___RS_LB 2719.JPG,Potato___Late_blight,Late Blight,256,256,1.0,65536,17.37,128.71,130.02,108.32,44.33,39.26,50.71,122.35,46.1,9.54,11.5,-21.04,Diseased,Small,Moderate,Green,122.35
eb2bd15b-a92b-4302-98a1-bbc13a0f95bb___RS_LB 2671.JPG,PlantVillage\Potato___Late_blight\eb2bd15b-a92b-4302-98a1-bbc13a0f95bb___RS_LB 2671.JPG,Potato___Late_blight,Late Blight,256,256,1.0,65536,17.62,132.61,134.51,112.8,52.34,46.53,57.89,126.64,53.37,8.95,11.8,-20.76,Diseased,Small,Moderate,Green,126.64
eb34280e-0cfb-4166-a9b8-a15892c9ff5c___RS_LB 4450.JPG,PlantVillage\Potato___Late_blight\eb34280e-0cfb-4166-a9b8-a15892c9ff5c___RS_LB 4450.JPG,Potato___Late_blight,Late Blight,256,256,1.0,65536,13.67,126.77,128.68,93.01,49.62,43.31,66.37,116.16,56.41,15.92,18.79,-34.71,Diseased,Small,Moderate,Green,116.15
eb5ff6de-b988-42d7-87bf-374a4b938af9___RS_LB 4234.JPG,PlantVillage\Potato___Late_blight\eb5ff6de-b988-42d7-87bf-374a4b938af9___RS_LB 4234.JPG,Potato___Late_blight,Late Blight,256,256,1.0,65536,19.04,121.57,118.5,103.04,50.22,37.47,50.87,114.37,47.29,10.8,6.19,-17.0,Diseased,Small,Moderate,Red,114.37
ebd47dca-590b-43c4-812d-32f95b776690___RS_LB 3834.JPG,PlantVillage\Potato___Late_blight\ebd47dca-590b-43c4-812d-32f95b776690___RS_LB 3834.JPG,Potato___Late_blight,Late Blight,256,256,1.0,65536,9.23,105.22,116.97,108.74,37.66,19.59,40.68,110.31,34.3,-7.63,9.99,-2.36,Diseased,Small,Moderate,Green,110.31
ec53a246-df50-44c1-a87c-c8296f25f20c___RS_LB 4717.JPG,PlantVillage\Potato___Late_blight\ec53a246-df50-44c1-a87c-c8296f25f20c___RS_LB 4717.JPG,Potato___Late_blight,Late Blight,256,256,1.0,65536,13.76,110.65,120.55,118.67,39.9,35.77,46.88,116.62,41.33,-8.96,5.89,3.07,Diseased,Small,Moderate,Green,116.62
ec5974a3-4c73-4129-a372-8ddec73eb246___RS_LB 3034.JPG,PlantVillage\Potato___Late_blight\ec5974a3-4c73-4129-a372-8ddec73eb246___RS_LB 3034.JPG,Potato___Late_blight,Late Blight,256,256,1.0,65536,16.21,104.36,103.35,94.19,42.51,40.22,48.5,100.63,44.12,5.59,4.08,-9.66,Diseased,Small,Moderate,Red,100.63
ec88be1e-7e05-4fa4-b456-529d7f1bf81c___RS_LB 3922.JPG,PlantVillage\Potato___Late_blight\ec88be1e-7e05-4fa4-b456-529d7f1bf81c___RS_LB 3922.JPG,Potato___Late_blight,Late Blight,256,256,1.0,65536,16.93,137.7,137.22,121.57,48.32,42.17,55.8,132.16,49.65,8.3,7.59,-15.9,Diseased,Small,Moderate,Red,132.16
ec958877-f479-4c8c-a947-3686039f8921___RS_LB 2587.JPG,PlantVillage\Potato___Late_blight\ec958877-f479-4c8c-a947-3686039f8921___RS_LB 2587.JPG,Potato___Late_blight,Late Blight,256,256,1.0,65536,17.92,129.87,126.18,109.93,50.58,46.17,54.82,121.99,51.38,11.81,6.28,-18.09,Diseased,Small,Moderate,Red,121.99
ecfc161f-11f6-449f-80c1-1b0254f5179a___RS_LB 4279.JPG,PlantVillage\Potato___Late_blight\ecfc161f-11f6-449f-80c1-1b0254f5179a___RS_LB 4279.JPG,Potato___Late_blight,Late Blight,256,256,1.0,65536,15.48,102.14,111.63,99.8,35.19,30.73,44.89,104.52,37.76,-3.57,10.66,-7.09,Diseased,Small,Moderate,Green,104.52
ed2d2803-3b9b-4c3c-ab8a-9aea2bf76ffd___RS_LB 5190.JPG,PlantVillage\Potato___Late_blight\ed2d2803-3b9b-4c3c-ab8a-9aea2bf76ffd___RS_LB 5190.JPG,Potato___Late_blight,Late Blight,256,256,1.0,65536,18.53,133.44,130.1,120.47,46.07,41.55,52.89,128.0,47.39,8.15,3.15,-11.3,Diseased,Small,Moderate,Red,128.0
ede8e8be-6d71-466e-918e-44afa1403e30___RS_LB 5455.JPG,PlantVillage\Potato___Late_blight\ede8e8be-6d71-466e-918e-44afa1403e30___RS_LB 5455.JPG,Potato___Late_blight,Late Blight,256,256,1.0,65536,15.18,125.31,131.51,100.14,33.73,24.81,47.36,118.99,38.94,9.48,18.79,-28.27,Diseased,Small,Moderate,Green,118.99
ee09546f-d7cd-4af9-9445-41745638c9c3___RS_LB 4471.JPG,PlantVillage\Potato___Late_blight\ee09546f-d7cd-4af9-9445-41745638c9c3___RS_LB 4471.JPG,Potato___Late_blight,Late Blight,256,256,1.0,65536,19.77,128.36,120.41,100.85,39.82,33.32,45.88,116.54,41.64,17.73,5.81,-23.54,Diseased,Small,Moderate,Red,116.54
ee1e965f-2bee-4a7a-8356-1118c9e41cd3___RS_LB 4120.JPG,PlantVillage\Potato___Late_blight\ee1e965f-2bee-4a7a-8356-1118c9e41cd3___RS_LB 4120.JPG,Potato___Late_blight,Late Blight,256,256,1.0,65536,11.58,86.51,99.39,79.46,28.2,20.43,30.64,88.45,28.02,-2.92,16.41,-13.49,Diseased,Small,Dark,Green,88.45
ef48ec23-0655-43d7-9475-8e73086033a2___RS_LB 5219.JPG,PlantVillage\Potato___Late_blight\ef48ec23-0655-43d7-9475-8e73086033a2___RS_LB 5219.JPG,Potato___Late_blight,Late Blight,256,256,1.0,65536,12.92,96.93,106.89,89.19,33.38,25.25,39.96,97.67,34.19,-1.11,13.83,-12.72,Diseased,Small,Dark,Green,97.67
ef49abc4-4b8e-4438-88a9-b3acfdb52014___RS_LB 2623.JPG,PlantVillage\Potato___Late_blight\ef49abc4-4b8e-4438-88a9-b3acfdb52014___RS_LB 2623.JPG,Potato___Late_blight,Late Blight,256,256,1.0,65536,17.55,125.48,127.69,110.23,43.62,35.88,54.35,121.13,45.92,6.52,9.84,-16.36,Diseased,Small,Moderate,Green,121.13
f07f6548-70d6-4f8c-81e6-d8193c19061b___RS_LB 4984.JPG,PlantVillage\Potato___Late_blight\f07f6548-70d6-4f8c-81e6-d8193c19061b___RS_LB 4984.JPG,Potato___Late_blight,Late Blight,256,256,1.0,65536,18.7,121.84,127.56,108.24,43.62,34.27,49.16,119.21,43.55,3.94,12.52,-16.46,Diseased,Small,Moderate,Green,119.21
f083d357-23f8-45e6-9fac-87e5d0ab9cac___RS_LB 3317.JPG,PlantVillage\Potato___Late_blight\f083d357-23f8-45e6-9fac-87e5d0ab9cac___RS_LB 3317.JPG,Potato___Late_blight,Late Blight,256,256,1.0,65536,19.72,122.04,119.79,102.61,50.47,45.78,53.55,114.81,50.78,10.84,7.46,-18.3,Diseased,Small,Moderate,Red,114.81
f14f54ba-3706-4f6e-8152-01226e55c86e___RS_LB 4237.JPG,PlantVillage\Potato___Late_blight\f14f54ba-3706-4f6e-8152-01226e55c86e___RS_LB 4237.JPG,Potato___Late_blight,Late Blight,256,256,1.0,65536,18.81,124.95,120.73,108.55,48.51,37.17,51.04,118.08,46.49,10.32,3.98,-14.29,Diseased,Small,Moderate,Red,118.08
f1764cd0-d391-4214-93db-20299d62e853___RS_LB 3012.JPG,PlantVillage\Potato___Late_blight\f1764cd0-d391-4214-93db-20299d62e853___RS_LB 3012.JPG,Potato___Late_blight,Late Blight,256,256,1.0,65536,18.36,104.06,112.74,93.52,48.25,38.93,53.3,103.44,47.85,0.93,13.95,-14.89,Diseased,Small,Moderate,Green,103.44
f18c34fd-e43a-4338-b3f3-6537f2f84f98___RS_LB 4111.JPG,PlantVillage\Potato___Late_blight\f18c34fd-e43a-4338-b3f3-6537f2f84f98___RS_LB 4111.JPG,Potato___Late_blight,Late Blight,256,256,1.0,65536,12.18,110.3,121.3,109.89,38.33,26.21,40.78,113.83,36.07,-5.3,11.21,-5.91,Diseased,Small,Moderate,Green,113.83
f1a2b03a-d724-4f81-a8d7-d7f38f26ea29___RS_LB 3039.JPG,PlantVillage\Potato___Late_blight\f1a2b03a-d724-4f81-a8d7-d7f38f26ea29___RS_LB 3039.JPG,Potato___Late_blight,Late Blight,256,256,1.0,65536,15.29,115.01,117.59,101.98,39.77,35.5,47.62,111.52,41.83,5.23,9.09,-14.32,Diseased,Small,Moderate,Green,111.53
f1b1a037-34e4-4016-a0bc-703059820f24___RS_LB 4343.JPG,PlantVillage\Potato___Late_blight\f1b1a037-34e4-4016-a0bc-703059820f24___RS_LB 4343.JPG,Potato___Late_blight,Late Blight,256,256,1.0,65536,16.25,128.73,119.62,94.14,42.34,42.44,46.69,114.16,46.25,21.84,8.19,-30.03,Diseased,Small,Moderate,Red,114.16
f2676f08-798e-4291-8aa2-0655ca54cb07___RS_LB 4292.JPG,PlantVillage\Potato___Late_blight\f2676f08-798e-4291-8aa2-0655ca54cb07___RS_LB 4292.JPG,Potato___Late_blight,Late Blight,256,256,1.0,65536,20.87,136.64,120.85,108.14,32.67,29.45,41.56,121.88,36.83,22.14,-1.53,-20.61,Diseased,Small,Moderate,Red,121.88
f27d1c83-25e9-4ab8-8970-3ddfd2a4c6fc___RS_LB 3230.JPG,PlantVillage\Potato___Late_blight\f27d1c83-25e9-4ab8-8970-3ddfd2a4c6fc___RS_LB 3230.JPG,Potato___Late_blight,Late Blight,256,256,1.0,65536,17.07,117.0,112.68,101.31,48.53,44.5,51.82,110.33,48.82,10.0,3.53,-13.53,Diseased,Small,Moderate,Red,110.33
f2bfd338-f718-4794-a115-3337a0669988___RS_LB 2944.JPG,PlantVillage\Potato___Late_blight\f2bfd338-f718-4794-a115-3337a0669988___RS_LB 2944.JPG,Potato___Late_blight,Late Blight,256,256,1.0,65536,15.0,103.96,106.52,97.17,43.88,38.97,54.09,102.55,46.25,2.12,5.95,-8.07,Diseased,Small,Moderate,Green,102.55
f37f6160-4f5b-447f-b497-cc6eb7662e3b___RS_LB 4951.JPG,PlantVillage\Potato___Late_blight\f37f6160-4f5b-447f-b497-cc6eb7662e3b___RS_LB 4951.JPG,Potato___Late_blight,Late Blight,256,256,1.0,65536,18.82,127.77,129.59,111.28,42.37,34.15,49.26,122.88,43.17,7.33,10.06,-17.4,Diseased,Small,Moderate,Green,122.88
f3ee2886-4ada-4287-94b6-c4c93005b887___RS_LB 4352.JPG,PlantVillage\Potato___Late_blight\f3ee2886-4ada-4287-94b6-c4c93005b887___RS_LB 4352.JPG,Potato___Late_blight,Late Blight,256,256,1.0,65536,16.93,127.98,115.16,102.55,47.98,40.78,49.57,115.23,47.42,19.12,-0.11,-19.02,Diseased,Small,Moderate,Red,115.23
f46c0317-fc28-4b5b-a09d-b52ef54fae67___RS_LB 3889.JPG,PlantVillage\Potato___Late_blight\f46c0317-fc28-4b5b-a09d-b52ef54fae67___RS_LB 3889.JPG,Potato___Late_blight,Late Blight,256,256,1.0,65536,14.5,118.23,126.88,112.71,39.3,31.07,43.6,119.28,38.79,-1.56,11.41,-9.84,Diseased,Small,Moderate,Green,119.27
f477f5a9-90cf-416b-8a3d-782ea2365c9f___RS_LB 3884.JPG,PlantVillage\Potato___Late_blight\f477f5a9-90cf-416b-8a3d-782ea2365c9f___RS_LB 3884.JPG,Potato___Late_blight,Late Blight,256,256,1.0,65536,14.4,122.3,124.96,115.73,34.06,25.13,38.4,121.0,33.22,1.96,5.94,-7.9,Diseased,Small,Moderate,Green,121.0
f4e0bb0f-5f98-497c-a090-4e4c47f6707b___RS_LB 5153.JPG,PlantVillage\Potato___Late_blight\f4e0bb0f-5f98-497c-a090-4e4c47f6707b___RS_LB 5153.JPG,Potato___Late_blight,Late Blight,256,256,1.0,65536,14.27,112.19,116.4,103.49,37.15,33.78,46.32,110.69,39.8,2.24,8.56,-10.8,Diseased,Small,Moderate,Green,110.69
f4e6847d-d381-4849-9ff1-930cfb597d08___RS_LB 5097.JPG,PlantVillage\Potato___Late_blight\f4e6847d-d381-4849-9ff1-930cfb597d08___RS_LB 5097.JPG,Potato___Late_blight,Late Blight,256,256,1.0,65536,19.04,132.73,136.89,124.39,54.32,50.3,57.54,131.34,54.38,2.09,8.33,-10.42,Diseased,Small,Moderate,Green,131.34
f528b00d-99a6-41db-8d96-9eed58b519c1___RS_LB 4544.JPG,PlantVillage\Potato___Late_blight\f528b00d-99a6-41db-8d96-9eed58b519c1___RS_LB 4544.JPG,Potato___Late_blight,Late Blight,256,256,1.0,65536,12.92,125.43,111.58,99.05,56.74,51.91,57.71,112.02,56.55,20.11,-0.66,-19.45,Diseased,Small,Moderate,Red,112.02
f528e881-b237-4797-ab54-0152eb901f53___RS_LB 3854.JPG,PlantVillage\Potato___Late_blight\f528e881-b237-4797-ab54-0152eb901f53___RS_LB 3854.JPG,Potato___Late_blight,Late Blight,256,256,1.0,65536,13.94,119.35,130.55,107.98,39.31,25.68,45.64,119.29,38.91,0.09,16.89,-16.97,Diseased,Small,Moderate,Green,119.29
f5ad9b49-ea3a-46c0-8a54-d4e0aa76eda4___RS_LB 4379.JPG,PlantVillage\Potato___Late_blight\f5ad9b49-ea3a-46c0-8a54-d4e0aa76eda4___RS_LB 4379.JPG,Potato___Late_blight,Late Blight,256,256,1.0,65536,13.36,104.88,106.29,94.87,38.05,38.15,44.74,102.01,40.75,4.3,6.42,-10.72,Diseased,Small,Moderate,Green,102.01
f5cf6151-96d1-49bb-af1b-fa6026d749e8___RS_LB 4048.JPG,PlantVillage\Potato___Late_blight\f5cf6151-96d1-49bb-af1b-fa6026d749e8___RS_LB 4048.JPG,Potato___Late_blight,Late Blight,256,256,1.0,65536,12.34,93.05,108.69,93.78,35.15,22.97,38.65,98.51,33.73,-8.18,15.28,-7.09,Diseased,Small,Dark,Green,98.51
f5f41985-23db-4902-96a1-db4d7f95a26a___RS_LB 3177.JPG,PlantVillage\Potato___Late_blight\f5f41985-23db-4902-96a1-db4d7f95a26a___RS_LB 3177.JPG,Potato___Late_blight,Late Blight,256,256,1.0,65536,19.35,127.88,128.72,115.42,47.86,40.34,50.85,124.01,46.96,5.81,7.07,-12.89,Diseased,Small,Moderate,Green,124.01
f62c0408-af09-4883-a780-7bd335e60443___RS_LB 5258.JPG,PlantVillage\Potato___Late_blight\f62c0408-af09-4883-a780-7bd335e60443___RS_LB 5258.JPG,Potato___Late_blight,Late Blight,256,256,1.0,65536,13.82,106.73,120.53,101.51,38.74,29.9,41.96,109.59,38.07,-4.29,16.41,-12.12,Diseased,Small,Moderate,Green,109.59
f68e448a-c2f5-4638-a7cb-45e73083ae4a___RS_LB 3892.JPG,PlantVillage\Potato___Late_blight\f68e448a-c2f5-4638-a7cb-45e73083ae4a___RS_LB 3892.JPG,Potato___Late_blight,Late Blight,256,256,1.0,65536,14.45,115.42,120.86,103.22,40.02,28.17,43.37,113.16,38.47,3.38,11.54,-14.92,Diseased,Small,Moderate,Green,113.17
f7438ce7-c12a-40df-83a1-1ab0cde13bb0___RS_LB 3847.JPG,PlantVillage\Potato___Late_blight\f7438ce7-c12a-40df-83a1-1ab0cde13bb0___RS_LB 3847.JPG,Potato___Late_blight,Late Blight,256,256,1.0,65536,12.54,103.18,120.34,96.49,38.97,27.5,47.12,106.67,39.99,-5.24,20.51,-15.27,Diseased,Small,Moderate,Green,106.67
f7936082-7315-477d-9710-529a7024b32d___RS_LB 2546.JPG,PlantVillage\Potato___Late_blight\f7936082-7315-477d-9710-529a7024b32d___RS_LB 2546.JPG,Potato___Late_blight,Late Blight,256,256,1.0,65536,16.67,132.55,133.85,118.56,54.24,49.65,58.13,128.32,54.55,6.35,8.29,-14.64,Diseased,Small,Moderate,Green,128.32
f795a3d7-2915-447c-9e6f-df1d895f98bc___RS_LB 2792.JPG,PlantVillage\Potato___Late_blight\f795a3d7-2915-447c-9e6f-df1d895f98bc___RS_LB 2792.JPG,Potato___Late_blight,Late Blight,256,256,1.0,65536,14.9,111.56,110.18,100.9,41.03,38.9,47.34,107.55,42.84,6.03,3.95,-9.97,Diseased,Small,Moderate,Red,107.55
f7bbae6e-df8d-4f2a-b8b8-52c94d9bf2b5___RS_LB 3212.JPG,PlantVillage\Potato___Late_blight\f7bbae6e-df8d-4f2a-b8b8-52c94d9bf2b5___RS_LB 3212.JPG,Potato___Late_blight,Late Blight,256,256,1.0,65536,17.2,150.24,145.27,127.47,49.03,46.48,55.79,140.99,51.52,13.87,6.42,-20.29,Diseased,Small,Moderate,Red,140.99
f81452c0-aa6a-4d2e-a4ba-c761a2e7870f___RS_LB 4280.JPG,PlantVillage\Potato___Late_blight\f81452c0-aa6a-4d2e-a4ba-c761a2e7870f___RS_LB 4280.JPG,Potato___Late_blight,Late Blight,256,256,1.0,65536,15.39,114.35,121.62,116.79,33.3,30.11,40.61,117.59,35.08,-4.85,6.05,-1.2,Diseased,Small,Moderate,Green,117.59
f87fce12-78df-4a8c-92ff-8c0b83cc82b9___RS_LB 3025.JPG,PlantVillage\Potato___Late_blight\f87fce12-78df-4a8c-92ff-8c0b83cc82b9___RS_LB 3025.JPG,Potato___Late_blight,Late Blight,256,256,1.0,65536,14.47,110.88,115.67,103.66,40.18,34.62,47.17,110.07,41.28,1.21,8.4,-9.61,Diseased,Small,Moderate,Green,110.07
f8d2bf55-3044-4d09-9372-63aa960f1881___RS_LB 2538.JPG,PlantVillage\Potato___Late_blight\f8d2bf55-3044-4d09-9372-63aa960f1881___RS_LB 2538.JPG,Potato___Late_blight,Late Blight,256,256,1.0,65536,18.84,118.64,115.31,103.32,51.97,46.54,55.73,112.43,51.97,9.33,4.33,-13.66,Diseased,Small,Moderate,Red,112.42
f9102bc2-7c64-4dd8-afe5-d31db2159899___RS_LB 4401.JPG,PlantVillage\Potato___Late_blight\f9102bc2-7c64-4dd8-afe5-d31db2159899___RS_LB 4401.JPG,Potato___Late_blight,Late Blight,256,256,1.0,65536,19.77,128.78,116.08,94.37,48.99,48.19,51.97,113.07,51.73,23.56,4.5,-28.06,Diseased,Small,Moderate,Red,113.08
f926e3c1-74bb-4397-85ca-725a54dfaf49___RS_LB 3053.JPG,PlantVillage\Potato___Late_blight\f926e3c1-74bb-4397-85ca-725a54dfaf49___RS_LB 3053.JPG,Potato___Late_blight,Late Blight,256,256,1.0,65536,15.68,110.96,112.81,103.47,39.62,32.82,43.09,109.08,38.95,2.82,5.59,-8.41,Diseased,Small,Moderate,Green,109.08
f93b9fc8-469b-4a2f-8c0b-ca3d1a093185___RS_LB 3870.JPG,PlantVillage\Potato___Late_blight\f93b9fc8-469b-4a2f-8c0b-ca3d1a093185___RS_LB 3870.JPG,Potato___Late_blight,Late Blight,256,256,1.0,65536,13.65,115.61,116.81,104.96,31.48,22.67,36.18,112.46,31.09,4.73,6.53,-11.25,Diseased,Small,Moderate,Green,112.46
f95a6bbd-39a3-48e7-a612-8833c2b7b3ff___RS_LB 2784.JPG,PlantVillage\Potato___Late_blight\f95a6bbd-39a3-48e7-a612-8833c2b7b3ff___RS_LB 2784.JPG,Potato___Late_blight,Late Blight,256,256,1.0,65536,16.87,104.41,105.77,90.52,43.19,37.05,49.04,100.23,43.91,6.26,8.31,-14.57,Diseased,Small,Moderate,Green,100.23
f964b423-2146-4523-9f71-d7937c475bf0___RS_LB 3842.JPG,PlantVillage\Potato___Late_blight\f964b423-2146-4523-9f71-d7937c475bf0___RS_LB 3842.JPG,Potato___Late_blight,Late Blight,256,256,1.0,65536,11.38,102.49,115.07,106.55,37.85,26.74,43.49,108.04,37.07,-8.32,10.55,-2.23,Diseased,Small,Moderate,Green,108.04
f973bbe0-ce70-4215-8d5b-9e7adc099261___RS_LB 2507.JPG,PlantVillage\Potato___Late_blight\f973bbe0-ce70-4215-8d5b-9e7adc099261___RS_LB 2507.JPG,Potato___Late_blight,Late Blight,256,256,1.0,65536,12.92,95.21,101.42,91.51,42.21,35.89,51.91,96.05,44.03,-1.26,8.06,-6.8,Diseased,Small,Dark,Green,96.05
f9bd5093-1f62-4d00-bb66-7f65ce5c412b___RS_LB 2854.JPG,PlantVillage\Potato___Late_blight\f9bd5093-1f62-4d00-bb66-7f65ce5c412b___RS_LB 2854.JPG,Potato___Late_blight,Late Blight,256,256,1.0,65536,14.39,113.15,121.27,106.87,44.67,36.27,51.14,113.76,44.83,-0.92,11.26,-10.34,Diseased,Small,Moderate,Green,113.76
f9d861a9-0217-4de2-844f-fd23ccaa9def___RS_LB 3067.JPG,PlantVillage\Potato___Late_blight\f9d861a9-0217-4de2-844f-fd23ccaa9def___RS_LB 3067.JPG,Potato___Late_blight,Late Blight,256,256,1.0,65536,15.55,101.6,101.3,90.09,43.35,42.13,48.25,97.67,44.97,5.91,5.45,-11.36,Diseased,Small,Dark,Red,97.66
fabf3179-8fba-4551-93fe-28e7f6c0efc3___RS_LB 3269.JPG,PlantVillage\Potato___Late_blight\fabf3179-8fba-4551-93fe-28e7f6c0efc3___RS_LB 3269.JPG,Potato___Late_blight,Late Blight,256,256,1.0,65536,20.49,130.5,126.0,109.24,53.12,47.01,55.66,121.91,52.85,12.87,6.13,-19.0,Diseased,Small,Moderate,Red,121.91
faf67766-afc0-4f41-af0b-a3971fe325c7___RS_LB 4777.JPG,PlantVillage\Potato___Late_blight\faf67766-afc0-4f41-af0b-a3971fe325c7___RS_LB 4777.JPG,Potato___Late_blight,Late Blight,256,256,1.0,65536,13.14,143.49,147.64,139.29,35.73,33.04,46.3,143.47,38.93,0.03,6.25,-6.28,Diseased,Small,Moderate,Green,143.47
fb13e4c8-17e4-48a9-899b-dfc7f302196c___RS_LB 4374.JPG,PlantVillage\Potato___Late_blight\fb13e4c8-17e4-48a9-899b-dfc7f302196c___RS_LB 4374.JPG,Potato___Late_blight,Late Blight,256,256,1.0,65536,16.53,134.85,122.9,109.93,49.55,43.53,51.87,122.56,49.5,18.43,0.51,-18.94,Diseased,Small,Moderate,Red,122.56
fb61ea12-3f1a-4ea3-911b-d830eeb74717___RS_LB 2914.JPG,PlantVillage\Potato___Late_blight\fb61ea12-3f1a-4ea3-911b-d830eeb74717___RS_LB 2914.JPG,Potato___Late_blight,Late Blight,256,256,1.0,65536,15.83,99.74,104.24,94.13,41.33,37.2,47.26,99.37,42.34,0.55,7.31,-7.86,Diseased,Small,Dark,Green,99.37
fb91b663-6a03-4165-8125-afc96e41ab5c___RS_LB 5130.JPG,PlantVillage\Potato___Late_blight\fb91b663-6a03-4165-8125-afc96e41ab5c___RS_LB 5130.JPG,Potato___Late_blight,Late Blight,256,256,1.0,65536,14.58,108.93,111.73,106.34,41.43,35.21,48.46,109.0,42.1,-0.1,4.09,-3.99,Diseased,Small,Moderate,Green,109.0
fb9dc049-ec76-4502-9a11-13fb62a26ed4___RS_LB 3916.JPG,PlantVillage\Potato___Late_blight\fb9dc049-ec76-4502-9a11-13fb62a26ed4___RS_LB 3916.JPG,Potato___Late_blight,Late Blight,256,256,1.0,65536,14.43,102.66,107.02,94.6,43.07,38.67,48.07,101.42,43.74,1.85,8.39,-10.24,Diseased,Small,Moderate,Green,101.43
fbe08e9f-d4a0-4a6e-9741-c34fda88b3d2___RS_LB 4540.JPG,PlantVillage\Potato___Late_blight\fbe08e9f-d4a0-4a6e-9741-c34fda88b3d2___RS_LB 4540.JPG,Potato___Late_blight,Late Blight,256,256,1.0,65536,16.0,140.91,133.17,109.24,50.15,41.57,52.65,127.77,50.2,19.71,8.1,-27.8,Diseased,Small,Moderate,Red,127.77
fc748621-bd56-4012-a617-9e30df58ecfc___RS_LB 4402.JPG,PlantVillage\Potato___Late_blight\fc748621-bd56-4012-a617-9e30df58ecfc___RS_LB 4402.JPG,Potato___Late_blight,Late Blight,256,256,1.0,65536,16.92,135.05,120.92,99.97,47.05,46.81,49.9,118.64,50.06,24.6,3.41,-28.02,Diseased,Small,Moderate,Red,118.65
fc759d3f-64c7-4e45-9a0c-5a2f07fd1055___RS_LB 3030.JPG,PlantVillage\Potato___Late_blight\fc759d3f-64c7-4e45-9a0c-5a2f07fd1055___RS_LB 3030.JPG,Potato___Late_blight,Late Blight,256,256,1.0,65536,15.32,98.24,102.85,91.08,43.12,38.29,49.42,97.39,44.11,1.27,8.19,-9.47,Diseased,Small,Dark,Green,97.39
fc9b06c8-7c63-445d-9858-a5a0c7be719b___RS_LB 3273.JPG,PlantVillage\Potato___Late_blight\fc9b06c8-7c63-445d-9858-a5a0c7be719b___RS_LB 3273.JPG,Potato___Late_blight,Late Blight,256,256,1.0,65536,15.08,86.33,93.13,89.49,41.62,36.69,48.73,89.65,42.73,-4.98,5.22,-0.24,Diseased,Small,Dark,Green,89.65
fcc8393e-18f5-48c2-bd87-a0dabc151810___RS_LB 4029.JPG,PlantVillage\Potato___Late_blight\fcc8393e-18f5-48c2-bd87-a0dabc151810___RS_LB 4029.JPG,Potato___Late_blight,Late Blight,256,256,1.0,65536,12.85,96.01,108.03,95.95,36.43,22.3,43.33,100.0,35.58,-5.99,12.05,-6.06,Diseased,Small,Dark,Green,100.0
fd35fb86-6558-40f2-b8ac-6922e2107af5___RS_LB 4095.JPG,PlantVillage\Potato___Late_blight\fd35fb86-6558-40f2-b8ac-6922e2107af5___RS_LB 4095.JPG,Potato___Late_blight,Late Blight,256,256,1.0,65536,15.04,106.69,118.95,92.8,33.8,24.03,41.27,106.15,35.43,0.82,19.2,-20.02,Diseased,Small,Moderate,Green,106.15
fd81a3e2-1d3e-4e52-a010-ad1b36a5220d___RS_LB 4067.JPG,PlantVillage\Potato___Late_blight\fd81a3e2-1d3e-4e52-a010-ad1b36a5220d___RS_LB 4067.JPG,Potato___Late_blight,Late Blight,256,256,1.0,65536,13.35,102.23,120.02,104.93,36.74,24.2,41.29,109.06,35.7,-10.24,16.44,-6.2,Diseased,Small,Moderate,Green,109.06
fdb4e132-c71b-413f-93c0-c863dd4582a7___RS_LB 2582.JPG,PlantVillage\Potato___Late_blight\fdb4e132-c71b-413f-93c0-c863dd4582a7___RS_LB 2582.JPG,Potato___Late_blight,Late Blight,256,256,1.0,65536,18.08,112.63,114.4,98.35,49.02,40.49,50.92,108.46,47.57,6.25,8.91,-15.16,Diseased,Small,Moderate,Green,108.46
fdb7d904-91df-4f00-85bd-0fb038723329___RS_LB 2628.JPG,PlantVillage\Potato___Late_blight\fdb7d904-91df-4f00-85bd-0fb038723329___RS_LB 2628.JPG,Potato___Late_blight,Late Blight,256,256,1.0,65536,15.2,112.26,113.12,105.09,43.39,41.98,50.57,110.16,45.61,3.16,4.44,-7.61,Diseased,Small,Moderate,Green,110.16
fdc86644-2491-4ace-b7e3-190e1d68ebba___RS_LB 5129.JPG,PlantVillage\Potato___Late_blight\fdc86644-2491-4ace-b7e3-190e1d68ebba___RS_LB 5129.JPG,Potato___Late_blight,Late Blight,256,256,1.0,65536,14.73,104.51,107.93,104.37,43.14,37.62,48.92,105.6,43.5,-1.64,3.49,-1.85,Diseased,Small,Moderate,Green,105.6
fdf53f6c-db92-48b9-9e06-0358e4114be6___RS_LB 2656.JPG,PlantVillage\Potato___Late_blight\fdf53f6c-db92-48b9-9e06-0358e4114be6___RS_LB 2656.JPG,Potato___Late_blight,Late Blight,256,256,1.0,65536,16.35,108.08,111.34,87.64,52.72,48.83,55.72,102.35,53.54,8.59,13.48,-22.08,Diseased,Small,Moderate,Green,102.35
fe3eb287-4bb0-4a6f-b50e-253370bd19dd___RS_LB 4073.JPG,PlantVillage\Potato___Late_blight\fe3eb287-4bb0-4a6f-b50e-253370bd19dd___RS_LB 4073.JPG,Potato___Late_blight,Late Blight,256,256,1.0,65536,11.49,113.92,124.77,116.67,39.73,23.96,41.71,118.45,36.31,-6.8,9.47,-2.68,Diseased,Small,Moderate,Green,118.45
fe4bbe61-ddd7-464f-8aa6-e292b8686c70___RS_LB 2902.JPG,PlantVillage\Potato___Late_blight\fe4bbe61-ddd7-464f-8aa6-e292b8686c70___RS_LB 2902.JPG,Potato___Late_blight,Late Blight,256,256,1.0,65536,15.24,115.56,112.18,99.1,39.5,36.4,47.02,108.95,41.82,9.92,4.85,-14.77,Diseased,Small,Moderate,Red,108.95
fe72d959-6788-4b19-9285-e0b2919dc718___RS_LB 2516.JPG,PlantVillage\Potato___Late_blight\fe72d959-6788-4b19-9285-e0b2919dc718___RS_LB 2516.JPG,Potato___Late_blight,Late Blight,256,256,1.0,65536,15.69,132.19,135.86,114.6,66.99,57.41,75.81,127.55,67.8,6.96,12.46,-19.43,Diseased,Small,Moderate,Green,127.55
fe93615b-4160-4956-a65c-cdbc79af2052___RS_LB 5131.JPG,PlantVillage\Potato___Late_blight\fe93615b-4160-4956-a65c-cdbc79af2052___RS_LB 5131.JPG,Potato___Late_blight,Late Blight,256,256,1.0,65536,14.8,105.94,112.9,105.25,42.05,34.9,46.45,108.03,41.55,-3.14,7.31,-4.17,Diseased,Small,Moderate,Green,108.03
fe9d57f1-8e00-4069-963a-b344cceca7b3___RS_LB 4486.JPG,PlantVillage\Potato___Late_blight\fe9d57f1-8e00-4069-963a-b344cceca7b3___RS_LB 4486.JPG,Potato___Late_blight,Late Blight,256,256,1.0,65536,15.85,136.88,119.44,103.39,42.17,42.19,45.74,119.9,45.5,25.46,-0.69,-24.77,Diseased,Small,Moderate,Red,119.9
feefc118-4434-4ffb-afbb-02fb292f72b6___RS_LB 2874.JPG,PlantVillage\Potato___Late_blight\feefc118-4434-4ffb-afbb-02fb292f72b6___RS_LB 2874.JPG,Potato___Late_blight,Late Blight,256,256,1.0,65536,15.49,115.73,110.77,102.2,44.84,44.35,53.24,109.57,47.98,9.24,1.81,-11.05,Diseased,Small,Moderate,Red,109.57
ff03a125-445b-40e1-a7ed-0bb9b155dfd8___RS_LB 5039.JPG,PlantVillage\Potato___Late_blight\ff03a125-445b-40e1-a7ed-0bb9b155dfd8___RS_LB 5039.JPG,Potato___Late_blight,Late Blight,256,256,1.0,65536,16.55,119.48,123.23,101.19,38.23,29.47,44.87,114.63,39.25,7.27,12.9,-20.17,Diseased,Small,Moderate,Green,114.63
ff7160f9-f8d7-4576-82b8-009bf1b63b3b___RS_LB 4974.JPG,PlantVillage\Potato___Late_blight\ff7160f9-f8d7-4576-82b8-009bf1b63b3b___RS_LB 4974.JPG,Potato___Late_blight,Late Blight,256,256,1.0,65536,17.89,128.64,134.12,115.45,44.12,37.52,50.38,126.07,45.01,3.85,12.07,-15.93,Diseased,Small,Moderate,Green,126.07
fff55a7e-2f86-4747-8d31-f1fde3c307aa___RS_LB 3081.JPG,PlantVillage\Potato___Late_blight\fff55a7e-2f86-4747-8d31-f1fde3c307aa___RS_LB 3081.JPG,Potato___Late_blight,Late Blight,256,256,1.0,65536,16.2,101.96,99.02,93.29,46.14,44.32,53.79,98.09,48.39,5.81,1.39,-7.2,Diseased,Small,Dark,Red,98.09
00fc2ee5-729f-4757-8aeb-65c3355874f2___RS_HL 1864.JPG,PlantVillage\Potato___healthy\00fc2ee5-729f-4757-8aeb-65c3355874f2___RS_HL 1864.JPG,Potato___healthy,Healthy,256,256,1.0,65536,20.84,115.23,122.96,103.24,54.31,40.64,55.01,113.81,51.07,2.13,13.73,-15.85,Healthy,Small,Moderate,Green,113.81
03da9931-e514-4cc7-b04a-8f474a133ce5___RS_HL 1830.JPG,PlantVillage\Potato___healthy\03da9931-e514-4cc7-b04a-8f474a133ce5___RS_HL 1830.JPG,Potato___healthy,Healthy,256,256,1.0,65536,19.75,122.43,127.19,110.0,51.34,37.04,52.7,119.88,48.1,3.84,10.98,-14.82,Healthy,Small,Moderate,Green,119.87
04481ca2-f94c-457e-b785-1ac05800b7ec___RS_HL 1930.JPG,PlantVillage\Potato___healthy\04481ca2-f94c-457e-b785-1ac05800b7ec___RS_HL 1930.JPG,Potato___healthy,Healthy,256,256,1.0,65536,20.76,123.73,129.11,113.29,47.86,34.82,46.62,122.04,43.99,2.53,10.6,-13.13,Healthy,Small,Moderate,Green,122.04
046641c1-f837-49eb-b5f2-4109910a027c___RS_HL 1878.JPG,PlantVillage\Potato___healthy\046641c1-f837-49eb-b5f2-4109910a027c___RS_HL 1878.JPG,Potato___healthy,Healthy,256,256,1.0,65536,23.47,106.97,118.92,95.97,47.48,37.24,48.54,107.29,45.68,-0.48,17.45,-16.97,Healthy,Small,Moderate,Green,107.29
07dfb451-4378-49d1-b699-33a5fc49ff07___RS_HL 5399.JPG,PlantVillage\Potato___healthy\07dfb451-4378-49d1-b699-33a5fc49ff07___RS_HL 5399.JPG,Potato___healthy,Healthy,256,256,1.0,65536,19.58,119.37,123.12,110.62,51.31,45.61,51.37,117.7,49.78,2.5,8.13,-10.63,Healthy,Small,Moderate,Green,117.7
0b3e5032-8ae8-49ac-8157-a1cac3df01dd___RS_HL 1817.JPG,PlantVillage\Potato___healthy\0b3e5032-8ae8-49ac-8157-a1cac3df01dd___RS_HL 1817.JPG,Potato___healthy,Healthy,256,256,1.0,65536,15.77,116.34,126.95,105.38,57.57,45.94,59.17,116.22,55.25,0.17,16.09,-16.26,Healthy,Small,Moderate,Green,116.22
0be9d721-82f5-42c3-b535-7494afe01dbe___RS_HL 1814.JPG,PlantVillage\Potato___healthy\0be9d721-82f5-42c3-b535-7494afe01dbe___RS_HL 1814.JPG,Potato___healthy,Healthy,256,256,1.0,65536,19.0,118.34,128.89,105.09,54.12,37.42,57.17,117.44,51.26,1.35,17.17,-18.52,Healthy,Small,Moderate,Green,117.44
0f4ebc5a-d646-436a-919d-961342997cde___RS_HL 4183.JPG,PlantVillage\Potato___healthy\0f4ebc5a-d646-436a-919d-961342997cde___RS_HL 4183.JPG,Potato___healthy,Healthy,256,256,1.0,65536,17.99,116.26,129.17,104.85,47.64,27.12,48.42,116.76,43.38,-0.75,18.61,-17.86,Healthy,Small,Moderate,Green,116.76
1106c3fc-92cb-41a6-a6c6-8f08b9b45108___RS_HL 1914.JPG,PlantVillage\Potato___healthy\1106c3fc-92cb-41a6-a6c6-8f08b9b45108___RS_HL 1914.JPG,Potato___healthy,Healthy,256,256,1.0,65536,23.14,120.72,127.83,109.89,46.94,38.07,46.09,119.48,44.5,1.86,12.53,-14.39,Healthy,Small,Moderate,Green,119.48
111cd9d8-4d27-4225-be9e-d29b21cf56b9___RS_HL 5419.JPG,PlantVillage\Potato___healthy\111cd9d8-4d27-4225-be9e-d29b21cf56b9___RS_HL 5419.JPG,Potato___healthy,Healthy,256,256,1.0,65536,18.78,129.4,137.28,118.72,45.32,35.0,48.82,128.47,44.11,1.4,13.22,-14.62,Healthy,Small,Moderate,Green,128.47
142fb983-2166-4a0f-b99b-a6c21e99987e___RS_HL 5398.JPG,PlantVillage\Potato___healthy\142fb983-2166-4a0f-b99b-a6c21e99987e___RS_HL 5398.JPG,Potato___healthy,Healthy,256,256,1.0,65536,20.13,117.16,123.56,108.5,53.57,48.5,54.67,116.41,52.68,1.13,10.73,-11.87,Healthy,Small,Moderate,Green,116.41
14484ea5-9c34-427c-abe4-2743265aced0___RS_HL 4204.JPG,PlantVillage\Potato___healthy\14484ea5-9c34-427c-abe4-2743265aced0___RS_HL 4204.JPG,Potato___healthy,Healthy,256,256,1.0,65536,16.25,119.68,117.7,106.01,44.91,27.64,46.81,114.46,41.15,7.83,4.85,-12.68,Healthy,Small,Moderate,Red,114.46
144d2475-21ab-4bdc-a67c-9672a9b711e6___RS_HL 5376.JPG,PlantVillage\Potato___healthy\144d2475-21ab-4bdc-a67c-9672a9b711e6___RS_HL 5376.JPG,Potato___healthy,Healthy,256,256,1.0,65536,17.95,131.14,138.73,123.21,52.98,43.67,54.08,131.03,50.86,0.18,11.55,-11.73,Healthy,Small,Moderate,Green,131.03
163ada72-4288-4f85-a3c1-feed23c8d1de___RS_HL 1940.JPG,PlantVillage\Potato___healthy\163ada72-4288-4f85-a3c1-feed23c8d1de___RS_HL 1940.JPG,Potato___healthy,Healthy,256,256,1.0,65536,20.33,133.71,141.08,123.67,54.09,37.43,55.3,132.82,50.12,1.34,12.38,-13.72,Healthy,Small,Moderate,Green,132.82
170f1f57-0fd4-421f-9c82-3b1804be63ad___RS_HL 1771.JPG,PlantVillage\Potato___healthy\170f1f57-0fd4-421f-9c82-3b1804be63ad___RS_HL 1771.JPG,Potato___healthy,Healthy,256,256,1.0,65536,18.21,125.24,131.21,113.31,48.77,32.65,49.61,123.25,44.99,2.98,11.93,-14.91,Healthy,Small,Moderate,Green,123.25
1a1184f8-c414-4ead-a4c4-41ae78e29a82___RS_HL 1971.JPG,PlantVillage\Potato___healthy\1a1184f8-c414-4ead-a4c4-41ae78e29a82___RS_HL 1971.JPG,Potato___healthy,Healthy,256,256,1.0,65536,18.69,116.8,126.83,103.76,54.99,38.2,58.08,115.79,52.04,1.5,16.55,-18.06,Healthy,Small,Moderate,Green,115.8
1ae826e2-5148-47bd-a44c-711ec9cc9c75___RS_HL 1954.JPG,PlantVillage\Potato___healthy\1ae826e2-5148-47bd-a44c-711ec9cc9c75___RS_HL 1954.JPG,Potato___healthy,Healthy,256,256,1.0,65536,21.67,147.21,156.25,130.96,51.99,37.59,56.56,144.81,50.47,3.61,17.17,-20.77,Healthy,Small,Moderate,Green,144.81
1b434c52-7be4-40c4-90d5-13220f1a3eba___RS_HL 5418.JPG,PlantVillage\Potato___healthy\1b434c52-7be4-40c4-90d5-13220f1a3eba___RS_HL 5418.JPG,Potato___healthy,Healthy,256,256,1.0,65536,16.25,117.75,124.56,106.76,47.08,35.8,49.37,116.36,45.08,2.09,12.3,-14.4,Healthy,Small,Moderate,Green,116.36
1dcfeaa9-006d-470c-b3e5-d67609d07d4e___RS_HL 1808.JPG,PlantVillage\Potato___healthy\1dcfeaa9-006d-470c-b3e5-d67609d07d4e___RS_HL 1808.JPG,Potato___healthy,Healthy,256,256,1.0,65536,18.53,122.84,132.66,114.74,52.44,34.99,54.17,123.41,48.55,-0.86,13.87,-13.02,Healthy,Small,Moderate,Green,123.41
1f9870b3-899e-46fb-98c9-cfc2ce92895b___RS_HL 1816.JPG,PlantVillage\Potato___healthy\1f9870b3-899e-46fb-98c9-cfc2ce92895b___RS_HL 1816.JPG,Potato___healthy,Healthy,256,256,1.0,65536,19.13,118.09,126.03,104.43,55.87,42.05,57.82,116.18,53.14,2.87,14.77,-17.63,Healthy,Small,Moderate,Green,116.18
20ac28d6-5708-4e31-8676-1b1979de094f___RS_HL 1735.JPG,PlantVillage\Potato___healthy\20ac28d6-5708-4e31-8676-1b1979de094f___RS_HL 1735.JPG,Potato___healthy,Healthy,256,256,1.0,65536,18.17,116.13,126.39,104.69,47.88,32.69,48.8,115.73,44.64,0.59,15.98,-16.56,Healthy,Small,Moderate,Green,115.74
22322780-95b4-4b45-b626-26b22965d55e___RS_HL 1880.JPG,PlantVillage\Potato___healthy\22322780-95b4-4b45-b626-26b22965d55e___RS_HL 1880.JPG,Potato___healthy,Healthy,256,256,1.0,65536,19.7,124.38,133.96,114.92,48.94,35.46,48.62,124.42,45.45,-0.06,14.31,-14.25,Healthy,Small,Moderate,Green,124.42
23f1ab77-d664-49c4-92eb-41eb66c6d101___RS_HL 4169.JPG,PlantVillage\Potato___healthy\23f1ab77-d664-49c4-92eb-41eb66c6d101___RS_HL 4169.JPG,Potato___healthy,Healthy,256,256,1.0,65536,18.93,142.39,145.45,124.94,50.7,31.76,53.6,137.59,47.25,7.2,11.79,-18.98,Healthy,Small,Moderate,Green,137.59
23f4d3b1-23f4-43fb-96c2-dae37224ec74___RS_HL 1803.JPG,PlantVillage\Potato___healthy\23f4d3b1-23f4-43fb-96c2-dae37224ec74___RS_HL 1803.JPG,Potato___healthy,Healthy,256,256,1.0,65536,21.86,124.54,127.04,113.66,46.01,36.23,46.79,121.75,43.67,4.19,7.95,-12.13,Healthy,Small,Moderate,Green,121.75
2ccb9ee9-faac-4d32-9af5-29497fa2e028___RS_HL 1837.JPG,PlantVillage\Potato___healthy\2ccb9ee9-faac-4d32-9af5-29497fa2e028___RS_HL 1837.JPG,Potato___healthy,Healthy,256,256,1.0,65536,20.21,126.01,134.79,117.22,52.37,37.28,51.4,126.01,48.06,0.01,13.18,-13.19,Healthy,Small,Moderate,Green,126.01
2d98cbc8-cbe6-423c-b2ab-3f7f8bcea5d5___RS_HL 1945.JPG,PlantVillage\Potato___healthy\2d98cbc8-cbe6-423c-b2ab-3f7f8bcea5d5___RS_HL 1945.JPG,Potato___healthy,Healthy,256,256,1.0,65536,15.83,150.37,160.94,135.01,46.69,24.99,49.13,148.77,43.04,2.39,18.25,-20.64,Healthy,Small,Moderate,Green,148.77
2dee1571-ef6b-40ef-8c46-334e89aad3f1___RS_HL 1950.JPG,PlantVillage\Potato___healthy\2dee1571-ef6b-40ef-8c46-334e89aad3f1___RS_HL 1950.JPG,Potato___healthy,Healthy,256,256,1.0,65536,18.8,119.32,127.5,107.04,45.77,28.63,43.44,117.95,40.88,2.05,14.32,-16.37,Healthy,Small,Moderate,Green,117.95
2e0b8b4b-e900-408b-b760-730690bbd382___RS_HL 1901.JPG,PlantVillage\Potato___healthy\2e0b8b4b-e900-408b-b760-730690bbd382___RS_HL 1901.JPG,Potato___healthy,Healthy,256,256,1.0,65536,23.89,113.48,121.62,97.79,53.08,39.48,57.03,110.96,51.39,3.77,15.99,-19.76,Healthy,Small,Moderate,Green,110.96
30126310-39de-4c02-b10a-23409417a4f6___RS_HL 1826.JPG,PlantVillage\Potato___healthy\30126310-39de-4c02-b10a-23409417a4f6___RS_HL 1826.JPG,Potato___healthy,Healthy,256,256,1.0,65536,18.94,116.04,119.54,100.92,49.92,34.54,51.25,112.17,46.57,5.81,11.06,-16.88,Healthy,Small,Moderate,Green,112.17
30937333-8898-4634-8c00-af57d3020ba6___RS_HL 1922.JPG,PlantVillage\Potato___healthy\30937333-8898-4634-8c00-af57d3020ba6___RS_HL 1922.JPG,Potato___healthy,Healthy,256,256,1.0,65536,23.83,131.96,136.09,117.22,48.84,37.89,50.23,128.42,46.7,5.3,11.5,-16.8,Healthy,Small,Moderate,Green,128.42
31a09d39-6791-4ecb-8f44-af2ed85dbd33___RS_HL 1970.JPG,PlantVillage\Potato___healthy\31a09d39-6791-4ecb-8f44-af2ed85dbd33___RS_HL 1970.JPG,Potato___healthy,Healthy,256,256,1.0,65536,22.42,130.95,140.14,114.68,59.6,41.68,65.41,128.59,57.45,3.55,17.32,-20.87,Healthy,Small,Moderate,Green,128.59
369479a9-3c28-4d77-8731-9ae54e719af3___RS_HL 1785.JPG,PlantVillage\Potato___healthy\369479a9-3c28-4d77-8731-9ae54e719af3___RS_HL 1785.JPG,Potato___healthy,Healthy,256,256,1.0,65536,21.06,131.84,142.38,121.67,49.57,36.35,51.22,131.96,46.96,-0.18,15.62,-15.44,Healthy,Small,Moderate,Green,131.96
36bdc44c-96a4-40bb-86f7-63a91d706e96___RS_HL 4203.JPG,PlantVillage\Potato___healthy\36bdc44c-96a4-40bb-86f7-63a91d706e96___RS_HL 4203.JPG,Potato___healthy,Healthy,256,256,1.0,65536,17.44,95.43,98.2,78.57,52.72,35.66,53.74,90.73,48.87,7.04,11.2,-18.25,Healthy,Small,Dark,Green,90.73
38faf81d-c83b-42ca-b4c3-e3bbfa070589___RS_HL 1805.JPG,PlantVillage\Potato___healthy\38faf81d-c83b-42ca-b4c3-e3bbfa070589___RS_HL 1805.JPG,Potato___healthy,Healthy,256,256,1.0,65536,18.78,120.82,129.16,110.59,46.35,29.11,47.07,120.19,42.36,0.95,13.45,-14.4,Healthy,Small,Moderate,Green,120.19
3a00204c-5e53-4e5d-95a6-f8819031744e___RS_HL 5420.JPG,PlantVillage\Potato___healthy\3a00204c-5e53-4e5d-95a6-f8819031744e___RS_HL 5420.JPG,Potato___healthy,Healthy,256,256,1.0,65536,16.58,118.43,122.93,107.22,41.41,28.73,43.61,116.2,39.04,3.36,10.1,-13.46,Healthy,Small,Moderate,Green,116.19
3a1dbeee-089c-43f0-8f51-a92d3687a515___RS_HL 1754.JPG,PlantVillage\Potato___healthy\3a1dbeee-089c-43f0-8f51-a92d3687a515___RS_HL 1754.JPG,Potato___healthy,Healthy,256,256,1.0,65536,21.3,132.15,146.71,119.79,59.02,39.77,62.46,132.88,55.76,-1.1,20.74,-19.64,Healthy,Small,Moderate,Green,132.88
3c0d6888-c7e1-4cf8-9c25-9a0b8c62ba72___RS_HL 1780.JPG,PlantVillage\Potato___healthy\3c0d6888-c7e1-4cf8-9c25-9a0b8c62ba72___RS_HL 1780.JPG,Potato___healthy,Healthy,256,256,1.0,65536,17.63,119.46,129.43,106.88,47.83,32.37,50.52,118.59,45.25,1.31,16.26,-17.56,Healthy,Small,Moderate,Green,118.59
3edf7c3f-73e0-439c-870d-76cfd7c3bc45___RS_HL 1859.JPG,PlantVillage\Potato___healthy\3edf7c3f-73e0-439c-870d-76cfd7c3bc45___RS_HL 1859.JPG,Potato___healthy,Healthy,256,256,1.0,65536,23.32,121.55,130.1,109.56,44.34,35.12,45.42,120.4,42.72,1.72,14.54,-16.26,Healthy,Small,Moderate,Green,120.4
3f369e63-81eb-4194-a145-df9ed91abc5d___RS_HL 1745.JPG,PlantVillage\Potato___healthy\3f369e63-81eb-4194-a145-df9ed91abc5d___RS_HL 1745.JPG,Potato___healthy,Healthy,256,256,1.0,65536,17.3,156.18,165.68,141.04,43.94,26.35,48.94,154.3,42.15,2.82,17.07,-19.89,Healthy,Small,Bright,Green,154.3
413bc2e9-eb2a-48fd-ba65-48b5121fd85c___RS_HL 4200.JPG,PlantVillage\Potato___healthy\413bc2e9-eb2a-48fd-ba65-48b5121fd85c___RS_HL 4200.JPG,Potato___healthy,Healthy,256,256,1.0,65536,16.73,108.62,120.31,101.95,47.08,32.39,48.34,110.29,43.88,-2.51,15.02,-12.52,Healthy,Small,Moderate,Green,110.29
414f6249-9f78-4af5-9593-9d5a7e7d979f___RS_HL 1918.JPG,PlantVillage\Potato___healthy\414f6249-9f78-4af5-9593-9d5a7e7d979f___RS_HL 1918.JPG,Potato___healthy,Healthy,256,256,1.0,65536,23.82,128.59,132.61,115.94,50.0,36.6,51.14,125.71,46.93,4.31,10.34,-14.66,Healthy,Small,Moderate,Green,125.71
415ac4a2-8f16-4052-880e-1e1f208965f0___RS_HL 1884.JPG,PlantVillage\Potato___healthy\415ac4a2-8f16-4052-880e-1e1f208965f0___RS_HL 1884.JPG,Potato___healthy,Healthy,256,256,1.0,65536,23.12,128.24,135.37,112.0,47.44,35.39,49.36,125.2,45.55,4.56,15.25,-19.81,Healthy,Small,Moderate,Green,125.2
43fd6ace-3712-494a-9aba-de5482d22561___RS_HL 1968.JPG,PlantVillage\Potato___healthy\43fd6ace-3712-494a-9aba-de5482d22561___RS_HL 1968.JPG,Potato___healthy,Healthy,256,256,1.0,65536,20.24,117.45,130.69,106.74,52.1,36.47,53.4,118.29,48.93,-1.26,18.59,-17.33,Healthy,Small,Moderate,Green,118.29
45bc0b37-ca59-4a89-8531-705af42a6fd5___RS_HL 1946.JPG,PlantVillage\Potato___healthy\45bc0b37-ca59-4a89-8531-705af42a6fd5___RS_HL 1946.JPG,Potato___healthy,Healthy,256,256,1.0,65536,22.46,124.66,132.51,115.03,50.29,39.15,50.79,124.07,47.59,0.89,12.66,-13.55,Healthy,Small,Moderate,Green,124.07
468d3107-f09a-4f0d-8b9d-f08d7c49738f___RS_HL 1747.JPG,PlantVillage\Potato___healthy\468d3107-f09a-4f0d-8b9d-f08d7c49738f___RS_HL 1747.JPG,Potato___healthy,Healthy,256,256,1.0,65536,17.21,149.9,158.07,136.82,44.85,28.9,46.91,148.26,41.94,2.46,14.71,-17.17,Healthy,Small,Moderate,Green,148.26
46b2555a-c0a6-48c2-af13-0816e147e4de___RS_HL 1943.JPG,PlantVillage\Potato___healthy\46b2555a-c0a6-48c2-af13-0816e147e4de___RS_HL 1943.JPG,Potato___healthy,Healthy,256,256,1.0,65536,20.83,105.83,115.98,102.87,46.05,37.53,47.34,108.23,44.21,-3.59,11.63,-8.04,Healthy,Small,Moderate,Green,108.23
4a08efaa-28cc-4356-8769-4002f4b299ef___RS_HL 1850.JPG,PlantVillage\Potato___healthy\4a08efaa-28cc-4356-8769-4002f4b299ef___RS_HL 1850.JPG,Potato___healthy,Healthy,256,256,1.0,65536,20.18,122.45,126.55,111.76,56.68,40.61,57.01,120.25,52.37,3.29,9.44,-12.74,Healthy,Small,Moderate,Green,120.25
4ae82355-6885-40e7-9807-dabe46ed3441___RS_HL 5410.JPG,PlantVillage\Potato___healthy\4ae82355-6885-40e7-9807-dabe46ed3441___RS_HL 5410.JPG,Potato___healthy,Healthy,256,256,1.0,65536,17.33,126.28,133.83,119.0,52.35,45.03,52.82,126.37,50.56,-0.14,11.18,-11.05,Healthy,Small,Moderate,Green,126.37
4bbccfb6-5720-4c80-9b37-0c3ed8999c9f___RS_HL 1791.JPG,PlantVillage\Potato___healthy\4bbccfb6-5720-4c80-9b37-0c3ed8999c9f___RS_HL 1791.JPG,Potato___healthy,Healthy,256,256,1.0,65536,22.0,117.22,120.15,103.57,51.64,42.66,53.6,113.65,50.05,5.36,9.76,-15.12,Healthy,Small,Moderate,Green,113.65
51a03694-82cd-43a5-9877-ddce42c1a5ad___RS_HL 1779.JPG,PlantVillage\Potato___healthy\51a03694-82cd-43a5-9877-ddce42c1a5ad___RS_HL 1779.JPG,Potato___healthy,Healthy,256,256,1.0,65536,18.58,121.95,129.49,110.25,48.74,32.87,51.45,120.57,45.8,2.08,13.39,-15.47,Healthy,Small,Moderate,Green,120.56
52dd2fdd-6966-450c-a42b-ee14428d4271___RS_HL 1955.JPG,PlantVillage\Potato___healthy\52dd2fdd-6966-450c-a42b-ee14428d4271___RS_HL 1955.JPG,Potato___healthy,Healthy,256,256,1.0,65536,18.54,127.18,132.23,113.69,53.66,38.47,55.98,124.37,50.58,4.22,11.79,-16.02,Healthy,Small,Moderate,Green,124.37
533abd3a-3e1d-42d0-ae9c-5189282b78af___RS_HL 5369.JPG,PlantVillage\Potato___healthy\533abd3a-3e1d-42d0-ae9c-5189282b78af___RS_HL 5369.JPG,Potato___healthy,Healthy,256,256,1.0,65536,18.92,126.14,134.07,118.3,51.93,42.43,53.27,126.17,49.86,-0.05,11.85,-11.8,Healthy,Small,Moderate,Green,126.17
54f86311-9d76-421b-b401-0b02f6e738a5___RS_HL 4172.JPG,PlantVillage\Potato___healthy\54f86311-9d76-421b-b401-0b02f6e738a5___RS_HL 4172.JPG,Potato___healthy,Healthy,256,256,1.0,65536,17.99,124.47,128.01,102.27,43.85,26.03,45.82,118.25,41.19,9.33,14.64,-23.96,Healthy,Small,Moderate,Green,118.25
56ae1281-5ee5-4f2a-8678-c2e4491878c6___RS_HL 1869.JPG,PlantVillage\Potato___healthy\56ae1281-5ee5-4f2a-8678-c2e4491878c6___RS_HL 1869.JPG,Potato___healthy,Healthy,256,256,1.0,65536,20.24,130.75,133.42,114.62,49.37,34.33,51.04,126.26,46.29,6.73,10.74,-17.47,Healthy,Small,Moderate,Green,126.26
57c2663b-5d1d-4476-b067-38b2149c3b2d___RS_HL 1796.JPG,PlantVillage\Potato___healthy\57c2663b-5d1d-4476-b067-38b2149c3b2d___RS_HL 1796.JPG,Potato___healthy,Healthy,256,256,1.0,65536,20.48,118.35,124.25,105.94,46.82,34.11,48.13,116.18,44.15,3.25,12.11,-15.36,Healthy,Small,Moderate,Green,116.18
57e24d88-fd01-4422-b8b5-d688d2296184___RS_HL 5401.JPG,PlantVillage\Potato___healthy\57e24d88-fd01-4422-b8b5-d688d2296184___RS_HL 5401.JPG,Potato___healthy,Healthy,256,256,1.0,65536,21.24,104.62,110.84,94.87,52.94,45.55,54.93,103.44,51.72,1.76,11.09,-12.85,Healthy,Small,Moderate,Green,103.44
57e262fc-e0ba-44db-a967-5ba6f1826e49___RS_HL 1897.JPG,PlantVillage\Potato___healthy\57e262fc-e0ba-44db-a967-5ba6f1826e49___RS_HL 1897.JPG,Potato___healthy,Healthy,256,256,1.0,65536,19.22,122.76,132.25,110.1,52.29,38.54,52.9,121.7,49.21,1.59,15.81,-17.4,Healthy,Small,Moderate,Green,121.7
58a98860-86d8-41e7-9f8c-cc2ca5e90012___RS_HL 1758.JPG,PlantVillage\Potato___healthy\58a98860-86d8-41e7-9f8c-cc2ca5e90012___RS_HL 1758.JPG,Potato___healthy,Healthy,256,256,1.0,65536,18.51,127.77,131.24,117.12,49.88,30.68,50.78,125.38,45.15,3.59,8.79,-12.38,Healthy,Small,Moderate,Green,125.38
5a3fc4bb-a78c-4276-8934-f0b037ffb860___RS_HL 5412.JPG,PlantVillage\Potato___healthy\5a3fc4bb-a78c-4276-8934-f0b037ffb860___RS_HL 5412.JPG,Potato___healthy,Healthy,256,256,1.0,65536,17.89,124.3,128.63,113.95,51.42,43.95,53.65,122.29,50.23,3.01,9.5,-12.52,Healthy,Small,Moderate,Green,122.29
5cb360dd-5c17-4c57-b31d-97cd8dd8d0bd___RS_HL 1797.JPG,PlantVillage\Potato___healthy\5cb360dd-5c17-4c57-b31d-97cd8dd8d0bd___RS_HL 1797.JPG,Potato___healthy,Healthy,256,256,1.0,65536,20.78,142.08,146.97,129.61,50.12,34.19,53.17,139.55,47.15,3.79,11.12,-14.92,Healthy,Small,Moderate,Green,139.55
5d505af8-3f73-4781-980c-a4a696a04550___RS_HL 1934.JPG,PlantVillage\Potato___healthy\5d505af8-3f73-4781-980c-a4a696a04550___RS_HL 1934.JPG,Potato___healthy,Healthy,256,256,1.0,65536,22.09,126.45,128.48,112.79,52.31,37.25,53.36,122.57,48.71,5.81,8.87,-14.68,Healthy,Small,Moderate,Green,122.57
5df30492-0b54-474d-8883-bba9474ca88f___RS_HL 1801.JPG,PlantVillage\Potato___healthy\5df30492-0b54-474d-8883-bba9474ca88f___RS_HL 1801.JPG,Potato___healthy,Healthy,256,256,1.0,65536,15.88,129.22,139.25,119.32,43.78,24.73,44.94,129.26,39.78,-0.07,14.98,-14.92,Healthy,Small,Moderate,Green,129.26
5e19b1f4-fd65-4c4d-bcd2-18c8c519eddb___RS_HL 1965.JPG,PlantVillage\Potato___healthy\5e19b1f4-fd65-4c4d-bcd2-18c8c519eddb___RS_HL 1965.JPG,Potato___healthy,Healthy,256,256,1.0,65536,21.91,141.88,148.45,126.08,54.38,36.26,60.2,138.8,52.16,4.61,14.47,-19.08,Healthy,Small,Moderate,Green,138.8
5ea316eb-10a2-42c0-b781-40d90356ccaa___RS_HL 1935.JPG,PlantVillage\Potato___healthy\5ea316eb-10a2-42c0-b781-40d90356ccaa___RS_HL 1935.JPG,Potato___healthy,Healthy,256,256,1.0,65536,20.67,124.29,131.01,112.47,47.39,35.89,48.19,122.59,44.84,2.55,12.63,-15.18,Healthy,Small,Moderate,Green,122.59
5fcbde8f-52af-4963-b324-ff7f4dd6bd4c___RS_HL 1762.JPG,PlantVillage\Potato___healthy\5fcbde8f-52af-4963-b324-ff7f4dd6bd4c___RS_HL 1762.JPG,Potato___healthy,Healthy,256,256,1.0,65536,22.53,125.9,136.43,113.78,50.82,35.11,52.85,125.37,47.84,0.79,16.59,-17.38,Healthy,Small,Moderate,Green,125.37
60e9a878-13e0-4345-964c-fd807cd20bbb___RS_HL 1876.JPG,PlantVillage\Potato___healthy\60e9a878-13e0-4345-964c-fd807cd20bbb___RS_HL 1876.JPG,Potato___healthy,Healthy,256,256,1.0,65536,23.96,112.22,121.23,101.18,47.84,37.79,48.92,111.55,45.87,1.02,14.53,-15.55,Healthy,Small,Moderate,Green,111.54
61b05f0a-14bc-4c8f-a256-57c8b8898d8c___RS_HL 1769.JPG,PlantVillage\Potato___healthy\61b05f0a-14bc-4c8f-a256-57c8b8898d8c___RS_HL 1769.JPG,Potato___healthy,Healthy,256,256,1.0,65536,22.73,127.32,137.55,111.24,46.72,32.53,48.39,125.37,44.47,2.92,18.27,-21.2,Healthy,Small,Moderate,Green,125.37
61b8a692-91d8-40f5-a4a4-4d910875a638___RS_HL 1966.JPG,PlantVillage\Potato___healthy\61b8a692-91d8-40f5-a4a4-4d910875a638___RS_HL 1966.JPG,Potato___healthy,Healthy,256,256,1.0,65536,18.97,122.84,125.58,105.45,53.32,37.66,57.1,117.96,50.86,7.33,11.43,-18.76,Healthy,Small,Moderate,Green,117.96
683b04ad-7941-4819-9965-ba32c725eb22___RS_HL 1861.JPG,PlantVillage\Potato___healthy\683b04ad-7941-4819-9965-ba32c725eb22___RS_HL 1861.JPG,Potato___healthy,Healthy,256,256,1.0,65536,20.26,133.66,145.8,125.71,48.83,32.73,50.33,135.06,45.44,-2.1,16.12,-14.02,Healthy,Small,Moderate,Green,135.06
6f4b9acd-f34d-4771-a6bc-2001de2dd1d3___RS_HL 1898.JPG,PlantVillage\Potato___healthy\6f4b9acd-f34d-4771-a6bc-2001de2dd1d3___RS_HL 1898.JPG,Potato___healthy,Healthy,256,256,1.0,65536,18.7,145.07,153.76,132.59,43.35,26.29,46.71,143.8,40.74,1.9,14.93,-16.82,Healthy,Small,Moderate,Green,143.81
71c06efe-089f-49b3-beed-095bd7640e32___RS_HL 1947.JPG,PlantVillage\Potato___healthy\71c06efe-089f-49b3-beed-095bd7640e32___RS_HL 1947.JPG,Potato___healthy,Healthy,256,256,1.0,65536,19.92,133.07,147.16,127.46,47.34,36.14,45.99,135.9,44.23,-4.24,16.9,-12.66,Healthy,Small,Moderate,Green,135.9
750584fd-72e0-45c8-b37c-97208bd559cc___RS_HL 1885.JPG,PlantVillage\Potato___healthy\750584fd-72e0-45c8-b37c-97208bd559cc___RS_HL 1885.JPG,Potato___healthy,Healthy,256,256,1.0,65536,19.32,116.18,125.03,101.6,58.86,40.14,62.72,114.27,55.65,2.86,16.15,-19.01,Healthy,Small,Moderate,Green,114.27
762672f4-17e6-4fd6-84f1-3bcb091b3ca5___RS_HL 5417.JPG,PlantVillage\Potato___healthy\762672f4-17e6-4fd6-84f1-3bcb091b3ca5___RS_HL 5417.JPG,Potato___healthy,Healthy,256,256,1.0,65536,15.13,130.37,138.13,119.03,45.22,31.9,47.38,129.18,42.79,1.79,13.42,-15.22,Healthy,Small,Moderate,Green,129.18
774875d3-438a-4305-afe2-7d59e2925dc4___RS_HL 1759.JPG,PlantVillage\Potato___healthy\774875d3-438a-4305-afe2-7d59e2925dc4___RS_HL 1759.JPG,Potato___healthy,Healthy,256,256,1.0,65536,19.14,130.84,134.57,118.52,52.92,37.01,53.63,127.98,48.95,4.29,9.89,-14.18,Healthy,Small,Moderate,Green,127.98
77c75478-e1f0-4aaa-9cbc-af1fed928a74___RS_HL 1748.JPG,PlantVillage\Potato___healthy\77c75478-e1f0-4aaa-9cbc-af1fed928a74___RS_HL 1748.JPG,Potato___healthy,Healthy,256,256,1.0,65536,14.35,130.46,141.98,118.17,49.65,32.1,55.05,130.2,47.65,0.39,17.66,-18.05,Healthy,Small,Moderate,Green,130.2
7948ada9-eabc-4cb7-a579-b73e938eb716___RS_HL 4185.JPG,PlantVillage\Potato___healthy\7948ada9-eabc-4cb7-a579-b73e938eb716___RS_HL 4185.JPG,Potato___healthy,Healthy,256,256,1.0,65536,17.38,108.75,119.41,90.55,48.15,30.59,47.57,106.24,44.51,3.77,19.76,-23.53,Healthy,Small,Moderate,Green,106.24
799b10e8-ba67-4e08-9abe-748789572ad1___RS_HL 1881.JPG,PlantVillage\Potato___healthy\799b10e8-ba67-4e08-9abe-748789572ad1___RS_HL 1881.JPG,Potato___healthy,Healthy,256,256,1.0,65536,22.84,124.61,134.11,114.16,50.3,36.98,52.37,124.3,47.75,0.48,14.73,-15.2,Healthy,Small,Moderate,Green,124.29
7bfda067-6e35-4af5-a9c4-4b3b5f357871___RS_HL 1813.JPG,PlantVillage\Potato___healthy\7bfda067-6e35-4af5-a9c4-4b3b5f357871___RS_HL 1813.JPG,Potato___healthy,Healthy,256,256,1.0,65536,19.77,139.88,149.43,125.22,54.27,34.93,58.54,138.18,51.28,2.55,16.89,-19.44,Healthy,Small,Moderate,Green,138.18
7e6c8297-dfe1-4826-826e-01d696cc263b___RS_HL 1863.JPG,PlantVillage\Potato___healthy\7e6c8297-dfe1-4826-826e-01d696cc263b___RS_HL 1863.JPG,Potato___healthy,Healthy,256,256,1.0,65536,22.98,118.0,124.43,105.73,51.28,37.55,52.32,116.05,48.16,2.91,12.57,-15.48,Healthy,Small,Moderate,Green,116.05
7e7b6ab4-9adb-4a3b-abfb-8716b0039879___RS_HL 1921.JPG,PlantVillage\Potato___healthy\7e7b6ab4-9adb-4a3b-abfb-8716b0039879___RS_HL 1921.JPG,Potato___healthy,Healthy,256,256,1.0,65536,19.8,133.12,140.37,120.6,53.44,36.82,54.48,131.36,49.6,2.63,13.51,-16.14,Healthy,Small,Moderate,Green,131.36
80bb8697-bfab-449b-b870-e1ed2089df58___RS_HL 1827.JPG,PlantVillage\Potato___healthy\80bb8697-bfab-449b-b870-e1ed2089df58___RS_HL 1827.JPG,Potato___healthy,Healthy,256,256,1.0,65536,18.38,117.75,125.34,105.73,67.33,52.98,72.41,116.28,65.27,2.21,13.6,-15.81,Healthy,Small,Moderate,Green,116.27
849aa978-c7b9-4344-9ca8-129219a65f8e___RS_HL 1874.JPG,PlantVillage\Potato___healthy\849aa978-c7b9-4344-9ca8-129219a65f8e___RS_HL 1874.JPG,Potato___healthy,Healthy,256,256,1.0,65536,23.19,110.36,118.56,100.54,49.42,38.35,49.56,109.82,46.66,0.81,13.11,-13.92,Healthy,Small,Moderate,Green,109.82
8583c4ff-2d8b-4b6f-89a8-fcc98917ce9b___RS_HL 1961.JPG,PlantVillage\Potato___healthy\8583c4ff-2d8b-4b6f-89a8-fcc98917ce9b___RS_HL 1961.JPG,Potato___healthy,Healthy,256,256,1.0,65536,20.75,118.65,128.56,104.14,57.17,40.99,59.52,117.12,54.14,2.3,17.16,-19.47,Healthy,Small,Moderate,Green,117.12
8665efd2-fa3d-45f8-b1c0-746c99fb7d1e___RS_HL 1924.JPG,PlantVillage\Potato___healthy\8665efd2-fa3d-45f8-b1c0-746c99fb7d1e___RS_HL 1924.JPG,Potato___healthy,Healthy,256,256,1.0,65536,23.32,113.21,120.86,99.36,50.82,39.44,52.27,111.14,48.68,3.1,14.57,-17.68,Healthy,Small,Moderate,Green,111.14
875d6ded-5f01-495c-a945-ad2e17f87f91___RS_HL 1848.JPG,PlantVillage\Potato___healthy\875d6ded-5f01-495c-a945-ad2e17f87f91___RS_HL 1848.JPG,Potato___healthy,Healthy,256,256,1.0,65536,19.28,117.37,125.88,104.15,59.55,43.2,59.94,115.8,55.51,2.35,15.12,-17.48,Healthy,Small,Moderate,Green,115.8
882798ca-67c3-45a3-86cf-4aed69388145___RS_HL 1750.JPG,PlantVillage\Potato___healthy\882798ca-67c3-45a3-86cf-4aed69388145___RS_HL 1750.JPG,Potato___healthy,Healthy,256,256,1.0,65536,20.59,139.7,146.42,127.1,56.44,38.44,61.26,137.74,53.57,2.93,13.02,-15.96,Healthy,Small,Moderate,Green,137.74
8b2ce6b6-f00a-4f25-ac6d-4249dd7dc5f6___RS_HL 1890.JPG,PlantVillage\Potato___healthy\8b2ce6b6-f00a-4f25-ac6d-4249dd7dc5f6___RS_HL 1890.JPG,Potato___healthy,Healthy,256,256,1.0,65536,19.41,123.8,133.11,111.58,47.67,33.81,48.23,122.83,44.63,1.45,15.42,-16.87,Healthy,Small,Moderate,Green,122.83
8c1e1281-5937-4559-a02f-02817de6e122___RS_HL 4173.JPG,PlantVillage\Potato___healthy\8c1e1281-5937-4559-a02f-02817de6e122___RS_HL 4173.JPG,Potato___healthy,Healthy,256,256,1.0,65536,17.41,135.93,135.27,111.71,43.55,26.82,46.16,127.64,41.34,12.44,11.45,-23.89,Healthy,Small,Moderate,Red,127.64
907f26b7-a14f-463f-a41e-f35d6e0f1417___RS_HL 1757.JPG,PlantVillage\Potato___healthy\907f26b7-a14f-463f-a41e-f35d6e0f1417___RS_HL 1757.JPG,Potato___healthy,Healthy,256,256,1.0,65536,14.86,139.85,152.33,126.56,53.78,33.92,56.22,139.58,50.12,0.4,19.12,-19.53,Healthy,Small,Moderate,Green,139.58
923d4cc3-021a-4bcd-9f5f-1d6f69e4ad33___RS_HL 1888.JPG,PlantVillage\Potato___healthy\923d4cc3-021a-4bcd-9f5f-1d6f69e4ad33___RS_HL 1888.JPG,Potato___healthy,Healthy,256,256,1.0,65536,18.95,123.93,132.86,112.36,56.83,39.73,60.84,123.05,53.92,1.32,14.71,-16.03,Healthy,Small,Moderate,Green,123.05
929107f1-4ae9-4dae-8319-ae7cf4804236___RS_HL 1932.JPG,PlantVillage\Potato___healthy\929107f1-4ae9-4dae-8319-ae7cf4804236___RS_HL 1932.JPG,Potato___healthy,Healthy,256,256,1.0,65536,22.21,136.33,142.02,123.08,52.73,36.33,53.82,133.81,48.94,3.78,12.32,-16.1,Healthy,Small,Moderate,Green,133.81
949cafd0-098b-497f-9590-f0fb8ccafc94___RS_HL 4168.JPG,PlantVillage\Potato___healthy\949cafd0-098b-497f-9590-f0fb8ccafc94___RS_HL 4168.JPG,Potato___healthy,Healthy,256,256,1.0,65536,16.69,106.62,110.03,85.0,42.45,22.78,42.76,100.55,38.81,9.11,14.22,-23.33,Healthy,Small,Moderate,Green,100.55
9a6eb7c4-6b43-477a-89e0-69f62ef67991___RS_HL 1846.JPG,PlantVillage\Potato___healthy\9a6eb7c4-6b43-477a-89e0-69f62ef67991___RS_HL 1846.JPG,Potato___healthy,Healthy,256,256,1.0,65536,18.88,132.4,140.52,123.02,61.0,44.43,63.47,131.98,57.38,0.63,12.81,-13.44,Healthy,Small,Moderate,Green,131.98
9b5be0c5-7d7e-493d-88ba-c721c85f73ca___RS_HL 5405.JPG,PlantVillage\Potato___healthy\9b5be0c5-7d7e-493d-88ba-c721c85f73ca___RS_HL 5405.JPG,Potato___healthy,Healthy,256,256,1.0,65536,19.45,115.32,123.51,105.67,49.95,43.1,52.01,114.83,49.05,0.73,13.02,-13.74,Healthy,Small,Moderate,Green,114.83
9c620128-2872-4bbb-bc14-d5b785242cf6___RS_HL 1751.JPG,PlantVillage\Potato___healthy\9c620128-2872-4bbb-bc14-d5b785242cf6___RS_HL 1751.JPG,Potato___healthy,Healthy,256,256,1.0,65536,18.87,122.16,133.69,110.43,58.39,41.99,62.11,122.09,55.68,0.1,17.4,-17.49,Healthy,Small,Moderate,Green,122.09
9d7d1bb9-1b10-4a8f-a961-e404b9d5acf8___RS_HL 1960.JPG,PlantVillage\Potato___healthy\9d7d1bb9-1b10-4a8f-a961-e404b9d5acf8___RS_HL 1960.JPG,Potato___healthy,Healthy,256,256,1.0,65536,21.61,120.35,128.89,105.01,53.36,39.31,56.09,118.08,51.09,3.4,16.21,-19.61,Healthy,Small,Moderate,Green,118.08
a02b6205-b40a-4178-8b34-3494f84b9d1f___RS_HL 1958.JPG,PlantVillage\Potato___healthy\a02b6205-b40a-4178-8b34-3494f84b9d1f___RS_HL 1958.JPG,Potato___healthy,Healthy,256,256,1.0,65536,18.68,135.52,142.62,124.16,52.21,38.64,53.35,134.1,49.12,2.13,12.78,-14.91,Healthy,Small,Moderate,Green,134.1
a1abff90-34e5-464d-b4d3-0c09f5924900___RS_HL 5414.JPG,PlantVillage\Potato___healthy\a1abff90-34e5-464d-b4d3-0c09f5924900___RS_HL 5414.JPG,Potato___healthy,Healthy,256,256,1.0,65536,17.63,119.7,126.71,111.73,56.81,52.33,59.29,119.38,56.55,0.48,11.0,-11.48,Healthy,Small,Moderate,Green,119.38
a3ec91aa-8503-4711-a912-0d1427e25686___RS_HL 5409.JPG,PlantVillage\Potato___healthy\a3ec91aa-8503-4711-a912-0d1427e25686___RS_HL 5409.JPG,Potato___healthy,Healthy,256,256,1.0,65536,18.85,129.05,138.76,121.37,51.64,42.89,52.23,129.73,49.62,-1.01,13.55,-12.54,Healthy,Small,Moderate,Green,129.73
a4d1d8cb-26a2-413f-a229-021e2eea87ac___RS_HL 1819.JPG,PlantVillage\Potato___healthy\a4d1d8cb-26a2-413f-a229-021e2eea87ac___RS_HL 1819.JPG,Potato___healthy,Healthy,256,256,1.0,65536,17.7,136.4,142.32,125.69,53.5,35.98,55.32,134.8,49.53,2.4,11.27,-13.67,Healthy,Small,Moderate,Green,134.8
a5050bde-febc-4931-b31d-45c9652df318___RS_HL 5373.JPG,PlantVillage\Potato___healthy\a5050bde-febc-4931-b31d-45c9652df318___RS_HL 5373.JPG,Potato___healthy,Healthy,256,256,1.0,65536,18.69,125.83,134.61,117.51,53.57,44.9,56.81,125.98,52.47,-0.23,12.93,-12.7,Healthy,Small,Moderate,Green,125.98
a8d687be-3777-403f-bae7-5c8c19340b3f___RS_HL 1738.JPG,PlantVillage\Potato___healthy\a8d687be-3777-403f-bae7-5c8c19340b3f___RS_HL 1738.JPG,Potato___healthy,Healthy,256,256,1.0,65536,17.52,123.14,133.36,113.72,44.11,27.87,43.97,123.41,40.2,-0.4,14.93,-14.53,Healthy,Small,Moderate,Green,123.41
aa04db6d-645f-4e8a-88dc-c9f9396f0800___RS_HL 1975.JPG,PlantVillage\Potato___healthy\aa04db6d-645f-4e8a-88dc-c9f9396f0800___RS_HL 1975.JPG,Potato___healthy,Healthy,256,256,1.0,65536,16.35,138.17,145.02,127.98,51.83,35.53,51.76,137.06,47.52,1.67,11.94,-13.61,Healthy,Small,Moderate,Green,137.06
ad9b6cf4-e065-496d-91c7-5713ce14e19e___RS_HL 1926.JPG,PlantVillage\Potato___healthy\ad9b6cf4-e065-496d-91c7-5713ce14e19e___RS_HL 1926.JPG,Potato___healthy,Healthy,256,256,1.0,65536,23.52,133.37,138.12,116.53,44.58,33.98,43.94,129.34,42.15,6.04,13.17,-19.21,Healthy,Small,Moderate,Green,129.34
af15ac00-67ff-4114-ace8-6dca48b94665___RS_HL 1865.JPG,PlantVillage\Potato___healthy\af15ac00-67ff-4114-ace8-6dca48b94665___RS_HL 1865.JPG,Potato___healthy,Healthy,256,256,1.0,65536,22.03,117.41,126.55,105.86,46.13,33.16,46.6,116.6,43.26,1.21,14.91,-16.12,Healthy,Small,Moderate,Green,116.61
b0fe9fe9-52e7-40e4-b4c0-769f1a0c7fb9___RS_HL 4175.JPG,PlantVillage\Potato___healthy\b0fe9fe9-52e7-40e4-b4c0-769f1a0c7fb9___RS_HL 4175.JPG,Potato___healthy,Healthy,256,256,1.0,65536,17.04,124.79,116.85,95.13,43.73,26.84,46.61,112.25,41.94,18.8,6.89,-25.69,Healthy,Small,Moderate,Red,112.26
b28c43f9-5844-4e9b-86bf-36bc114cae07___RS_HL 1736.JPG,PlantVillage\Potato___healthy\b28c43f9-5844-4e9b-86bf-36bc114cae07___RS_HL 1736.JPG,Potato___healthy,Healthy,256,256,1.0,65536,17.6,124.21,129.68,111.54,50.17,31.94,51.03,121.81,45.88,3.6,11.8,-15.4,Healthy,Small,Moderate,Green,121.81
b35b9f8b-daca-4d12-a5be-defe68d0acc5___RS_HL 1903.JPG,PlantVillage\Potato___healthy\b35b9f8b-daca-4d12-a5be-defe68d0acc5___RS_HL 1903.JPG,Potato___healthy,Healthy,256,256,1.0,65536,23.48,117.29,123.73,104.43,48.36,35.08,50.65,115.15,45.93,3.21,12.87,-16.08,Healthy,Small,Moderate,Green,115.15
b4031970-60ea-4739-9fed-6c81be1bad1c___RS_HL 1752.JPG,PlantVillage\Potato___healthy\b4031970-60ea-4739-9fed-6c81be1bad1c___RS_HL 1752.JPG,Potato___healthy,Healthy,256,256,1.0,65536,19.85,146.05,150.67,131.57,55.12,37.07,59.26,142.77,52.04,4.93,11.86,-16.79,Healthy,Small,Moderate,Green,142.76
b42621c3-f751-46e1-a8d2-83ed85b90554___RS_HL 1740.JPG,PlantVillage\Potato___healthy\b42621c3-f751-46e1-a8d2-83ed85b90554___RS_HL 1740.JPG,Potato___healthy,Healthy,256,256,1.0,65536,17.76,123.68,134.49,113.94,42.07,26.07,41.83,124.04,38.34,-0.54,15.68,-15.14,Healthy,Small,Moderate,Green,124.04
b536ea91-c5f8-413b-87f3-a22ac3d959d1___RS_HL 1825.JPG,PlantVillage\Potato___healthy\b536ea91-c5f8-413b-87f3-a22ac3d959d1___RS_HL 1825.JPG,Potato___healthy,Healthy,256,256,1.0,65536,21.48,123.68,133.94,111.16,55.51,41.39,59.56,122.93,53.55,1.12,16.52,-17.65,Healthy,Small,Moderate,Green,122.93
b61b9d33-59ea-41b0-a554-c382eb6128c5___RS_HL 1919.JPG,PlantVillage\Potato___healthy\b61b9d33-59ea-41b0-a554-c382eb6128c5___RS_HL 1919.JPG,Potato___healthy,Healthy,256,256,1.0,65536,22.89,123.27,126.34,109.4,45.48,32.36,45.82,119.67,42.34,5.4,10.0,-15.4,Healthy,Small,Moderate,Green,119.67
b89db9d3-a413-4781-bc88-5f6c2085ab5f___RS_HL 1909.JPG,PlantVillage\Potato___healthy\b89db9d3-a413-4781-bc88-5f6c2085ab5f___RS_HL 1909.JPG,Potato___healthy,Healthy,256,256,1.0,65536,23.78,121.54,125.9,107.98,47.3,35.2,47.47,118.47,44.36,4.6,11.14,-15.74,Healthy,Small,Moderate,Green,118.47
b8b7b98a-eb1a-4213-9b0b-aeef4df427e8___RS_HL 1858.JPG,PlantVillage\Potato___healthy\b8b7b98a-eb1a-4213-9b0b-aeef4df427e8___RS_HL 1858.JPG,Potato___healthy,Healthy,256,256,1.0,65536,19.71,130.75,144.1,118.49,46.1,31.57,46.97,131.12,43.42,-0.55,19.48,-18.94,Healthy,Small,Moderate,Green,131.11
b925ad3e-fc49-497d-a6eb-115f0de20800___RS_HL 4170.JPG,PlantVillage\Potato___healthy\b925ad3e-fc49-497d-a6eb-115f0de20800___RS_HL 4170.JPG,Potato___healthy,Healthy,256,256,1.0,65536,19.92,129.18,144.28,113.14,49.49,31.45,51.55,128.86,46.84,0.47,23.12,-23.59,Healthy,Small,Moderate,Green,128.87
b9ea902d-e557-4fa5-893b-39a7a57c0121___RS_HL 1893.JPG,PlantVillage\Potato___healthy\b9ea902d-e557-4fa5-893b-39a7a57c0121___RS_HL 1893.JPG,Potato___healthy,Healthy,256,256,1.0,65536,16.54,120.01,129.44,108.93,47.69,34.25,46.17,119.46,43.93,0.82,14.97,-15.79,Healthy,Small,Moderate,Green,119.46
bb04f738-1848-4dda-8834-384a48b335cd___RS_HL 1765.JPG,PlantVillage\Potato___healthy\bb04f738-1848-4dda-8834-384a48b335cd___RS_HL 1765.JPG,Potato___healthy,Healthy,256,256,1.0,65536,21.08,137.07,141.72,124.19,48.44,31.55,50.79,134.33,45.04,4.12,11.09,-15.21,Healthy,Small,Moderate,Green,134.33
bb328d40-e4e6-4b84-a92a-e7cb3922c19d___RS_HL 1829.JPG,PlantVillage\Potato___healthy\bb328d40-e4e6-4b84-a92a-e7cb3922c19d___RS_HL 1829.JPG,Potato___healthy,Healthy,256,256,1.0,65536,17.51,118.91,126.09,105.5,50.46,32.92,51.69,116.83,46.62,3.11,13.88,-17.0,Healthy,Small,Moderate,Green,116.83
bde33d08-678c-4f84-b80e-fcb986a9a446___RS_HL 5415.JPG,PlantVillage\Potato___healthy\bde33d08-678c-4f84-b80e-fcb986a9a446___RS_HL 5415.JPG,Potato___healthy,Healthy,256,256,1.0,65536,17.4,124.36,131.75,115.59,56.33,49.26,59.08,123.9,55.44,0.69,11.77,-12.47,Healthy,Small,Moderate,Green,123.9
bf2bffbb-cd8f-4d36-bd58-847808397c75___RS_HL 1786.JPG,PlantVillage\Potato___healthy\bf2bffbb-cd8f-4d36-bd58-847808397c75___RS_HL 1786.JPG,Potato___healthy,Healthy,256,256,1.0,65536,17.56,154.17,163.18,139.33,56.22,36.54,62.74,152.23,53.92,2.91,16.43,-19.34,Healthy,Small,Bright,Green,152.23
c07db642-c675-4066-99b6-56bc8207fb37___RS_HL 4164.JPG,PlantVillage\Potato___healthy\c07db642-c675-4066-99b6-56bc8207fb37___RS_HL 4164.JPG,Potato___healthy,Healthy,256,256,1.0,65536,14.1,125.8,130.35,106.81,43.91,24.19,44.11,120.99,39.88,7.22,14.04,-21.27,Healthy,Small,Moderate,Green,120.99
c3caa84b-6078-4489-80ac-919d92d25ff7___RS_HL 1772.JPG,PlantVillage\Potato___healthy\c3caa84b-6078-4489-80ac-919d92d25ff7___RS_HL 1772.JPG,Potato___healthy,Healthy,256,256,1.0,65536,19.19,121.85,129.41,110.9,57.81,42.64,58.15,120.72,53.9,1.7,13.03,-14.73,Healthy,Small,Moderate,Green,120.72
c548fe0e-21c2-4241-b806-1e438a1213bd___RS_HL 1770.JPG,PlantVillage\Potato___healthy\c548fe0e-21c2-4241-b806-1e438a1213bd___RS_HL 1770.JPG,Potato___healthy,Healthy,256,256,1.0,65536,20.13,122.76,127.89,111.71,54.26,37.84,54.67,120.79,50.01,2.96,10.65,-13.62,Healthy,Small,Moderate,Green,120.79
c6204cb3-cd9f-4d7b-92a6-9773fe562cab___RS_HL 1939.JPG,PlantVillage\Potato___healthy\c6204cb3-cd9f-4d7b-92a6-9773fe562cab___RS_HL 1939.JPG,Potato___healthy,Healthy,256,256,1.0,65536,21.15,125.33,133.29,111.17,56.99,41.92,59.27,123.26,54.06,3.09,15.04,-18.14,Healthy,Small,Moderate,Green,123.26
c6abf1da-b06f-4cd2-8af6-d68be5eff6f9___RS_HL 1766.JPG,PlantVillage\Potato___healthy\c6abf1da-b06f-4cd2-8af6-d68be5eff6f9___RS_HL 1766.JPG,Potato___healthy,Healthy,256,256,1.0,65536,21.13,136.28,147.93,124.41,48.86,34.52,51.22,136.21,46.47,0.11,17.58,-17.69,Healthy,Small,Moderate,Green,136.21
c85bacb0-e5e8-4127-a0b0-a7342f2cab5f___RS_HL 5406.JPG,PlantVillage\Potato___healthy\c85bacb0-e5e8-4127-a0b0-a7342f2cab5f___RS_HL 5406.JPG,Potato___healthy,Healthy,256,256,1.0,65536,18.69,124.54,133.77,113.14,49.5,40.71,52.31,123.81,48.5,1.09,14.93,-16.02,Healthy,Small,Moderate,Green,123.82
c9ad5c9a-c9b0-4e07-9e03-9e9edfd58a19___RS_HL 1755.JPG,PlantVillage\Potato___healthy\c9ad5c9a-c9b0-4e07-9e03-9e9edfd58a19___RS_HL 1755.JPG,Potato___healthy,Healthy,256,256,1.0,65536,20.32,135.04,142.78,123.74,55.87,38.73,60.02,133.86,52.94,1.78,13.39,-15.17,Healthy,Small,Moderate,Green,133.85
d1752ed4-a0a7-4075-917d-205c0e785dcf___RS_HL 1911.JPG,PlantVillage\Potato___healthy\d1752ed4-a0a7-4075-917d-205c0e785dcf___RS_HL 1911.JPG,Potato___healthy,Healthy,256,256,1.0,65536,22.98,126.53,129.7,112.16,46.14,32.39,46.14,122.8,42.75,5.6,10.35,-15.95,Healthy,Small,Moderate,Green,122.8
d227e4c8-e203-4aa4-b813-25b96baa2869___RS_HL 1831.JPG,PlantVillage\Potato___healthy\d227e4c8-e203-4aa4-b813-25b96baa2869___RS_HL 1831.JPG,Potato___healthy,Healthy,256,256,1.0,65536,17.21,118.41,122.67,106.68,50.16,36.43,51.2,115.92,46.91,3.73,10.12,-13.86,Healthy,Small,Moderate,Green,115.92
d287be3d-cac6-4485-8c31-674fb8b459be___RS_HL 1973.JPG,PlantVillage\Potato___healthy\d287be3d-cac6-4485-8c31-674fb8b459be___RS_HL 1973.JPG,Potato___healthy,Healthy,256,256,1.0,65536,17.12,131.99,142.16,114.81,52.21,32.42,55.9,129.65,49.28,3.5,18.76,-22.27,Healthy,Small,Moderate,Green,129.65
d325e580-5faa-4aea-927d-2700f52cc343___RS_HL 1872.JPG,PlantVillage\Potato___healthy\d325e580-5faa-4aea-927d-2700f52cc343___RS_HL 1872.JPG,Potato___healthy,Healthy,256,256,1.0,65536,21.46,117.75,126.14,108.85,48.9,35.28,48.06,117.58,45.07,0.26,12.84,-13.1,Healthy,Small,Moderate,Green,117.58
d340704d-cc00-4068-bb8a-ae70840b7bfa___RS_HL 1773.JPG,PlantVillage\Potato___healthy\d340704d-cc00-4068-bb8a-ae70840b7bfa___RS_HL 1773.JPG,Potato___healthy,Healthy,256,256,1.0,65536,19.02,130.86,139.68,119.75,58.25,43.03,61.03,130.1,55.28,1.15,14.37,-15.52,Healthy,Small,Moderate,Green,130.1
d50a580b-46bd-47f5-a0bf-8535da774104___RS_HL 5408.JPG,PlantVillage\Potato___healthy\d50a580b-46bd-47f5-a0bf-8535da774104___RS_HL 5408.JPG,Potato___healthy,Healthy,256,256,1.0,65536,20.12,118.99,129.15,111.18,49.49,43.74,52.55,119.77,49.28,-1.18,14.07,-12.89,Healthy,Small,Moderate,Green,119.77
dbe4f332-9189-4b76-b30c-f0c9a55e48d3___RS_HL 1841.JPG,PlantVillage\Potato___healthy\dbe4f332-9189-4b76-b30c-f0c9a55e48d3___RS_HL 1841.JPG,Potato___healthy,Healthy,256,256,1.0,65536,20.76,125.33,130.42,115.48,52.59,37.65,51.03,123.74,47.97,2.37,10.01,-12.39,Healthy,Small,Moderate,Green,123.74
dca8ac5c-b925-435a-a5e9-da09fa8938a1___RS_HL 4182.JPG,PlantVillage\Potato___healthy\dca8ac5c-b925-435a-a5e9-da09fa8938a1___RS_HL 4182.JPG,Potato___healthy,Healthy,256,256,1.0,65536,17.61,138.53,148.76,122.84,50.98,28.41,51.83,136.71,46.31,2.73,18.08,-20.81,Healthy,Small,Moderate,Green,136.71
de9a8669-d437-40f0-aa56-fe2d8276a1e0___RS_HL 1910.JPG,PlantVillage\Potato___healthy\de9a8669-d437-40f0-aa56-fe2d8276a1e0___RS_HL 1910.JPG,Potato___healthy,Healthy,256,256,1.0,65536,20.99,115.14,124.32,106.4,47.89,33.89,46.17,115.29,43.72,-0.22,13.55,-13.33,Healthy,Small,Moderate,Green,115.29
e1b49d1b-165b-4f4e-8a30-735e62bc39c5___RS_HL 1839.JPG,PlantVillage\Potato___healthy\e1b49d1b-165b-4f4e-8a30-735e62bc39c5___RS_HL 1839.JPG,Potato___healthy,Healthy,256,256,1.0,65536,19.98,113.45,119.72,104.87,49.69,35.97,48.07,112.68,45.41,1.15,10.56,-11.72,Healthy,Small,Moderate,Green,112.68
e34e563f-7a4a-4b44-bdf2-b6f96cbcd929___RS_HL 5370.JPG,PlantVillage\Potato___healthy\e34e563f-7a4a-4b44-bdf2-b6f96cbcd929___RS_HL 5370.JPG,Potato___healthy,Healthy,256,256,1.0,65536,18.77,117.65,123.83,110.07,51.87,43.47,53.51,117.18,50.12,0.71,9.97,-10.67,Healthy,Small,Moderate,Green,117.18
e51367c1-d582-45e3-acf6-b0e652b43d3a___RS_HL 1873.JPG,PlantVillage\Potato___healthy\e51367c1-d582-45e3-acf6-b0e652b43d3a___RS_HL 1873.JPG,Potato___healthy,Healthy,256,256,1.0,65536,22.66,120.87,134.17,112.8,50.63,37.62,51.26,122.61,47.75,-2.62,17.34,-14.72,Healthy,Small,Moderate,Green,122.61
e693354a-053c-4093-8642-cc8f5f9eb2cc___RS_HL 1746.JPG,PlantVillage\Potato___healthy\e693354a-053c-4093-8642-cc8f5f9eb2cc___RS_HL 1746.JPG,Potato___healthy,Healthy,256,256,1.0,65536,11.81,149.41,161.5,133.36,42.98,23.44,48.01,148.09,41.23,1.98,20.12,-22.09,Healthy,Small,Moderate,Green,148.09
ec6e43d3-512d-4908-99f2-c9e2a0be54be___RS_HL 4202.JPG,PlantVillage\Potato___healthy\ec6e43d3-512d-4908-99f2-c9e2a0be54be___RS_HL 4202.JPG,Potato___healthy,Healthy,256,256,1.0,65536,15.3,95.69,105.84,76.83,48.64,40.18,50.73,92.79,48.26,4.36,19.57,-23.93,Healthy,Small,Dark,Green,92.79
ee052892-e935-4fbb-9344-4d23c57c6890___RS_HL 5400.JPG,PlantVillage\Potato___healthy\ee052892-e935-4fbb-9344-4d23c57c6890___RS_HL 5400.JPG,Potato___healthy,Healthy,256,256,1.0,65536,20.04,111.48,116.15,101.23,55.0,47.72,56.19,109.62,53.47,2.79,9.8,-12.59,Healthy,Small,Moderate,Green,109.62
ef7005dc-1d44-412e-b858-145a2d7a6fa9___RS_HL 1951.JPG,PlantVillage\Potato___healthy\ef7005dc-1d44-412e-b858-145a2d7a6fa9___RS_HL 1951.JPG,Potato___healthy,Healthy,256,256,1.0,65536,22.85,125.91,133.61,113.98,47.7,31.68,46.62,124.5,43.39,2.12,13.66,-15.78,Healthy,Small,Moderate,Green,124.5
f0036dfd-9f46-4f2f-9001-5973495f2171___RS_HL 1849.JPG,PlantVillage\Potato___healthy\f0036dfd-9f46-4f2f-9001-5973495f2171___RS_HL 1849.JPG,Potato___healthy,Healthy,256,256,1.0,65536,16.84,112.54,119.81,101.01,50.56,45.12,47.29,111.12,48.34,2.13,13.04,-15.17,Healthy,Small,Moderate,Green,111.12
f0fdde26-78b4-46f0-9eb8-7c2a743d34aa___RS_HL 4165.JPG,PlantVillage\Potato___healthy\f0fdde26-78b4-46f0-9eb8-7c2a743d34aa___RS_HL 4165.JPG,Potato___healthy,Healthy,256,256,1.0,65536,16.23,122.92,127.32,104.72,44.37,26.73,44.5,118.32,40.62,6.9,13.49,-20.4,Healthy,Small,Moderate,Green,118.32
f30983c0-6e20-43cc-8672-4622ca34c830___RS_HL 1949.JPG,PlantVillage\Potato___healthy\f30983c0-6e20-43cc-8672-4622ca34c830___RS_HL 1949.JPG,Potato___healthy,Healthy,256,256,1.0,65536,22.82,120.31,127.59,105.86,45.11,33.26,43.98,117.92,42.11,3.58,14.51,-18.09,Healthy,Small,Moderate,Green,117.92
f4b5ec24-d318-4309-8294-9126450d5d7f___RS_HL 1824.JPG,PlantVillage\Potato___healthy\f4b5ec24-d318-4309-8294-9126450d5d7f___RS_HL 1824.JPG,Potato___healthy,Healthy,256,256,1.0,65536,18.97,124.9,132.6,112.29,47.65,31.27,48.97,123.27,44.19,2.45,14.01,-16.46,Healthy,Small,Moderate,Green,123.26
f4be3632-42a1-415a-9f7e-1d5ecb9f49d7___RS_HL 1783.JPG,PlantVillage\Potato___healthy\f4be3632-42a1-415a-9f7e-1d5ecb9f49d7___RS_HL 1783.JPG,Potato___healthy,Healthy,256,256,1.0,65536,16.84,120.75,130.91,111.86,54.7,43.12,54.52,121.17,51.66,-0.63,14.6,-13.97,Healthy,Small,Moderate,Green,121.17
f5bd2732-197b-4d8e-bb50-a4966dc416f5___RS_HL 1840.JPG,PlantVillage\Potato___healthy\f5bd2732-197b-4d8e-bb50-a4966dc416f5___RS_HL 1840.JPG,Potato___healthy,Healthy,256,256,1.0,65536,22.88,132.22,140.91,118.02,53.49,38.51,51.89,130.38,49.34,2.76,15.79,-18.55,Healthy,Small,Moderate,Green,130.38
f66af6c0-6fc6-4020-b1de-a73685d497c2___RS_HL 4181.JPG,PlantVillage\Potato___healthy\f66af6c0-6fc6-4020-b1de-a73685d497c2___RS_HL 4181.JPG,Potato___healthy,Healthy,256,256,1.0,65536,16.04,126.59,135.24,110.88,48.2,25.58,48.23,124.23,43.24,3.53,16.51,-20.03,Healthy,Small,Moderate,Green,124.24
fd92bd9c-02cb-4599-8673-9316159504a1___RS_HL 1927.JPG,PlantVillage\Potato___healthy\fd92bd9c-02cb-4599-8673-9316159504a1___RS_HL 1927.JPG,Potato___healthy,Healthy,256,256,1.0,65536,20.73,118.58,122.75,104.01,46.66,38.68,45.17,115.11,44.37,5.2,11.46,-16.66,Healthy,Small,Moderate,Green,115.11
ff700844-68ad-4e99-8427-58a39c07f817___RS_HL 1860.JPG,PlantVillage\Potato___healthy\ff700844-68ad-4e99-8427-58a39c07f817___RS_HL 1860.JPG,Potato___healthy,Healthy,256,256,1.0,65536,21.69,113.57,121.62,101.84,44.36,35.02,44.28,112.34,42.24,1.84,13.92,-15.75,Healthy,Small,Moderate,Green,112.34
